id,time,會計年度,月份,會計分類,會計科目編號,會計科目名稱,金額_本月數,金額_累計數
201,10506,105,06,1,410101,公庫撥入數,74904074,555816759
201,10506,105,06,1,4103,罰款及賠償收入,0,5704
201,10506,105,06,1,4104,規費收入,3015,61050
201,10506,105,06,1,4105,財產收入,0,1644737
201,10506,105,06,1,4108,其他收入,17052,171491
201,10506,105,06,1,510101,繳付公庫數,48860,1950731
201,10506,105,06,1,5102,人事支出,48670553,439918217
201,10506,105,06,1,5103,業務支出,18419676,96250589
201,10506,105,06,1,5104,設備及投資支出,3287131,4432048
201,10506,105,06,1,5105,獎補助支出,5300,1903700
201,10506,105,06,1,,收支餘絀,4492621,13244456
201,10507,105,07,1,410101,公庫撥入數,133600069,689416828
201,10507,105,07,1,4103,罰款及賠償收入,30,5734
201,10507,105,07,1,4104,規費收入,2018,63068
201,10507,105,07,1,4105,財產收入,-188778,1455959
201,10507,105,07,1,4108,其他收入,18216,189707
201,10507,105,07,1,510101,繳付公庫數,-158775,1791956
201,10507,105,07,1,5102,人事支出,96541051,536459268
201,10507,105,07,1,5103,業務支出,38057277,134307866
201,10507,105,07,1,5104,設備及投資支出,1144969,5577017
201,10507,105,07,1,5105,獎補助支出,0,1903700
201,10507,105,07,1,,收支餘絀,-2152967,11091489
201,10508,105,08,1,410101,公庫撥入數,66602013,756018841
201,10508,105,08,1,4103,罰款及賠償收入,0,5734
201,10508,105,08,1,4104,規費收入,7711,70779
201,10508,105,08,1,4105,財產收入,0,1455959
201,10508,105,08,1,4108,其他收入,17595,207302
201,10508,105,08,1,510101,繳付公庫數,35045,1827001
201,10508,105,08,1,5102,人事支出,47170304,583629572
201,10508,105,08,1,5103,業務支出,13316301,147624167
201,10508,105,08,1,5104,設備及投資支出,1941527,7518544
201,10508,105,08,1,5105,獎補助支出,95200,1998900
201,10508,105,08,1,,收支餘絀,4068942,15160431
201,10509,105,09,1,410101,公庫撥入數,91639112,847657953
201,10509,105,09,1,4103,罰款及賠償收入,0,5734
201,10509,105,09,1,4104,規費收入,6128,76907
201,10509,105,09,1,4105,財產收入,-95135,1360824
201,10509,105,09,1,4108,其他收入,19766,227068
201,10509,105,09,1,510101,繳付公庫數,-59502,1767499
201,10509,105,09,1,5102,人事支出,61605623,645235195
201,10509,105,09,1,5103,業務支出,18252142,165876309
201,10509,105,09,1,5104,設備及投資支出,1944169,9462713
201,10509,105,09,1,5105,獎補助支出,867350,2866250
201,10509,105,09,1,,收支餘絀,8960089,24120520
201,10510,105,10,1,410101,公庫撥入數,89217007,936874960
201,10510,105,10,1,4103,罰款及賠償收入,0,5734
201,10510,105,10,1,4104,規費收入,1984,78891
201,10510,105,10,1,4105,財產收入,74874,1435698
201,10510,105,10,1,4108,其他收入,260374,487442
201,10510,105,10,1,510101,繳付公庫數,346971,2114470
201,10510,105,10,1,5102,人事支出,43021891,688257086
201,10510,105,10,1,5103,業務支出,25618171,191494480
201,10510,105,10,1,5104,設備及投資支出,17818206,27280919
201,10510,105,10,1,5105,獎補助支出,5950,2872200
201,10510,105,10,1,,收支餘絀,2743050,26863570
201,10511,105,11,1,410101,公庫撥入數,86844879,1023719839
201,10511,105,11,1,4103,罰款及賠償收入,0,5734
201,10511,105,11,1,4104,規費收入,40,78931
201,10511,105,11,1,4105,財產收入,0,1435698
201,10511,105,11,1,4108,其他收入,34364,521806
201,10511,105,11,1,510101,繳付公庫數,44143,2158613
201,10511,105,11,1,5102,人事支出,41582447,729839533
201,10511,105,11,1,5103,業務支出,38920154,230414634
201,10511,105,11,1,5104,設備及投資支出,13437588,40718507
201,10511,105,11,1,5105,獎補助支出,0,2872200
201,10511,105,11,1,,收支餘絀,-7105049,19758521
201,10512,105,12,1,410101,公庫撥入數,83125611,1106845450
201,10512,105,12,1,4103,罰款及賠償收入,1504,7238
201,10512,105,12,1,4104,規費收入,17093,96024
201,10512,105,12,1,4105,財產收入,283998,1719696
201,10512,105,12,1,4108,其他收入,62294,584100
201,10512,105,12,1,510101,繳付公庫數,374628,2533241
201,10512,105,12,1,5102,人事支出,24371795,754211328
201,10512,105,12,1,5103,業務支出,56496086,286910720
201,10512,105,12,1,5104,設備及投資支出,9307796,50026303
201,10512,105,12,1,5105,獎補助支出,0,2872200
201,10512,105,12,1,,收支餘絀,-7059805,12698716
201,10601,106,01,1,410101,公庫撥入數,217724018,217724018
201,10601,106,01,1,4104,規費收入,24019,24019
201,10601,106,01,1,4105,財產收入,297068,297068
201,10601,106,01,1,4108,其他收入,15387,15387
201,10601,106,01,1,510101,繳付公庫數,346213,346213
201,10601,106,01,1,5102,人事支出,180155195,180155195
201,10601,106,01,1,5103,業務支出,6053422,6053422
201,10601,106,01,1,5104,設備及投資支出,210950,210950
201,10601,106,01,1,5105,獎補助支出,376500,376500
201,10601,106,01,1,,收支餘絀,30918212,30918212
201,10602,106,02,1,410101,公庫撥入數,53339383,271063401
201,10602,106,02,1,4104,規費收入,5616,29635
201,10602,106,02,1,4105,財產收入,706772,1003840
201,10602,106,02,1,4108,其他收入,32555,47942
201,10602,106,02,1,510101,繳付公庫數,754682,1100895
201,10602,106,02,1,5102,人事支出,37379750,217534945
201,10602,106,02,1,5103,業務支出,16966730,23020152
201,10602,106,02,1,5104,設備及投資支出,60400,271350
201,10602,106,02,1,5105,獎補助支出,2000,378500
201,10602,106,02,1,,收支餘絀,-1079236,29838976
201,10603,106,03,1,410101,公庫撥入數,60565972,331629373
201,10603,106,03,1,4103,罰款及賠償收入,1776,1776
201,10603,106,03,1,4104,規費收入,15759,45394
201,10603,106,03,1,4105,財產收入,74100,1077940
201,10603,106,03,1,4108,其他收入,51015,98957
201,10603,106,03,1,510101,繳付公庫數,155421,1256316
201,10603,106,03,1,5102,人事支出,46608476,264143421
201,10603,106,03,1,5103,業務支出,9649199,32669351
201,10603,106,03,1,5104,設備及投資支出,1423350,1694700
201,10603,106,03,1,5105,獎補助支出,0,378500
201,10603,106,03,1,,收支餘絀,2872176,32711152
201,10604,106,04,1,410101,公庫撥入數,59033436,390662809
201,10604,106,04,1,4103,罰款及賠償收入,0,1776
201,10604,106,04,1,4104,規費收入,3982,49376
201,10604,106,04,1,4105,財產收入,117220,1195160
201,10604,106,04,1,4108,其他收入,65779,164736
201,10604,106,04,1,510101,繳付公庫數,186981,1443297
201,10604,106,04,1,5102,人事支出,70432407,334575828
201,10604,106,04,1,5103,業務支出,18708067,51377418
201,10604,106,04,1,5104,設備及投資支出,317034,2011734
201,10604,106,04,1,5105,獎補助支出,0,378500
201,10604,106,04,1,,收支餘絀,-30424072,2287080
201,10605,106,05,1,410101,公庫撥入數,61680815,452343624
201,10605,106,05,1,4103,罰款及賠償收入,26400,28176
201,10605,106,05,1,4104,規費收入,1872,51248
201,10605,106,05,1,4105,財產收入,72300,1267460
201,10605,106,05,1,4108,其他收入,22711,187447
201,10605,106,05,1,510101,繳付公庫數,123283,1566580
201,10605,106,05,1,5102,人事支出,45898372,380474200
201,10605,106,05,1,5103,業務支出,14645574,66022992
201,10605,106,05,1,5104,設備及投資支出,169855,2181589
201,10605,106,05,1,5105,獎補助支出,373800,752300
201,10605,106,05,1,,收支餘絀,593214,2880294
201,10606,106,06,1,410101,公庫撥入數,60743263,513086887
201,10606,106,06,1,4103,罰款及賠償收入,0,28176
201,10606,106,06,1,4104,規費收入,7850,59098
201,10606,106,06,1,4105,財產收入,69600,1337060
201,10606,106,06,1,4108,其他收入,31459,218906
201,10606,106,06,1,510101,繳付公庫數,108909,1675489
201,10606,106,06,1,5102,人事支出,41441355,421915555
201,10606,106,06,1,5103,業務支出,15945712,81968704
201,10606,106,06,1,5104,設備及投資支出,3198921,5380510
201,10606,106,06,1,5105,獎補助支出,0,752300
201,10606,106,06,1,,收支餘絀,157275,3037569
201,10607,106,07,1,410101,公庫撥入數,107356539,620443426
201,10607,106,07,1,4103,罰款及賠償收入,622412,650588
201,10607,106,07,1,4104,規費收入,0,59098
201,10607,106,07,1,4105,財產收入,5458865,6795925
201,10607,106,07,1,4108,其他收入,31443,250349
201,10607,106,07,1,510101,繳付公庫數,6140308,7815797
201,10607,106,07,1,5102,人事支出,82755464,504671019
201,10607,106,07,1,5103,業務支出,23482158,105450862
201,10607,106,07,1,5104,設備及投資支出,1117368,6497878
201,10607,106,07,1,5105,獎補助支出,30000,782300
201,10607,106,07,1,,收支餘絀,-56039,2981530
201,10608,106,08,1,410101,公庫撥入數,84061912,704505338
201,10608,106,08,1,4103,罰款及賠償收入,0,650588
201,10608,106,08,1,4104,規費收入,9752,68850
201,10608,106,08,1,4105,財產收入,69900,6865825
201,10608,106,08,1,4108,其他收入,25575,275924
201,10608,106,08,1,510101,繳付公庫數,105227,7921024
201,10608,106,08,1,5102,人事支出,40604728,545275747
201,10608,106,08,1,5103,業務支出,40375041,145825903
201,10608,106,08,1,5104,設備及投資支出,251390,6749268
201,10608,106,08,1,5105,獎補助支出,1300,783600
201,10608,106,08,1,,收支餘絀,2829453,5810983
201,10609,106,09,1,410101,公庫撥入數,61463318,765968656
201,10609,106,09,1,4103,罰款及賠償收入,0,650588
201,10609,106,09,1,4104,規費收入,7779,76629
201,10609,106,09,1,4105,財產收入,79150,6944975
201,10609,106,09,1,4108,其他收入,22466,298390
201,10609,106,09,1,510101,繳付公庫數,109395,8030419
201,10609,106,09,1,5102,人事支出,44749756,590025503
201,10609,106,09,1,5103,業務支出,14819547,160645450
201,10609,106,09,1,5104,設備及投資支出,1431659,8180927
201,10609,106,09,1,5105,獎補助支出,374200,1157800
201,10609,106,09,1,,收支餘絀,88156,5899139
201,10610,106,10,1,410101,公庫撥入數,64219960,830188616
201,10610,106,10,1,4103,罰款及賠償收入,19896,670484
201,10610,106,10,1,4104,規費收入,8712,85341
201,10610,106,10,1,4105,財產收入,103255,7048230
201,10610,106,10,1,4108,其他收入,49431,347821
201,10610,106,10,1,510101,繳付公庫數,181294,8211713
201,10610,106,10,1,5102,人事支出,41162805,631188308
201,10610,106,10,1,5103,業務支出,23425612,184071062
201,10610,106,10,1,5104,設備及投資支出,231000,8411927
201,10610,106,10,1,5105,獎補助支出,0,1157800
201,10610,106,10,1,,收支餘絀,-599457,5299682
201,10611,106,11,1,410101,公庫撥入數,101411173,931599789
201,10611,106,11,1,4103,罰款及賠償收入,1951053,2621537
201,10611,106,11,1,4104,規費收入,1968,87309
201,10611,106,11,1,4105,財產收入,91060,7139290
201,10611,106,11,1,4108,其他收入,39398,387219
201,10611,106,11,1,510101,繳付公庫數,134426,8346139
201,10611,106,11,1,5102,人事支出,40269653,671457961
201,10611,106,11,1,5103,業務支出,54648158,238719220
201,10611,106,11,1,5104,設備及投資支出,4713548,13125475
201,10611,106,11,1,5105,獎補助支出,10200,1168000
201,10611,106,11,1,,收支餘絀,3718667,9018349
201,10701,107,01,1,410101,公庫撥入數,99712541,99712541
201,10701,107,01,1,4105,財產收入,308609,308609
201,10701,107,01,1,4108,其他收入,36359,36359
201,10701,107,01,1,510101,繳付公庫數,344968,344968
201,10701,107,01,1,5102,人事支出,87408768,87408768
201,10701,107,01,1,5103,業務支出,3802171,3802171
201,10701,107,01,1,5104,設備及投資支出,36000,36000
201,10701,107,01,1,,收支餘絀,8465602,8465602
201,10702,107,02,1,410101,公庫撥入數,151620462,251333003
201,10702,107,02,1,4103,罰款及賠償收入,5100,5100
201,10702,107,02,1,4104,規費收入,126,126
201,10702,107,02,1,4105,財產收入,71700,380309
201,10702,107,02,1,4108,其他收入,26070,62429
201,10702,107,02,1,510101,繳付公庫數,102996,447964
201,10702,107,02,1,5102,人事支出,109095250,196504018
201,10702,107,02,1,5103,業務支出,20454768,24256939
201,10702,107,02,1,5104,設備及投資支出,310895,346895
201,10702,107,02,1,5105,獎補助支出,367000,367000
201,10702,107,02,1,,收支餘絀,21392549,29858151
201,10703,107,03,1,410101,公庫撥入數,65609009,316942012
201,10703,107,03,1,4103,罰款及賠償收入,0,5100
201,10703,107,03,1,4104,規費收入,524,650
201,10703,107,03,1,4105,財產收入,74400,454709
201,10703,107,03,1,4108,其他收入,34176,96605
201,10703,107,03,1,510101,繳付公庫數,109100,557064
201,10703,107,03,1,5102,人事支出,51037379,247541397
201,10703,107,03,1,5103,業務支出,12314373,36571312
201,10703,107,03,1,5104,設備及投資支出,426709,773604
201,10703,107,03,1,5105,獎補助支出,0,367000
201,10703,107,03,1,,收支餘絀,1830548,31688699
201,10704,107,04,1,410101,公庫撥入數,69477343,386419355
201,10704,107,04,1,4103,罰款及賠償收入,0,5100
201,10704,107,04,1,4104,規費收入,200,850
201,10704,107,04,1,4105,財產收入,126029,580738
201,10704,107,04,1,4108,其他收入,24632,121237
201,10704,107,04,1,510101,繳付公庫數,150861,707925
201,10704,107,04,1,5102,人事支出,51350337,298891734
201,10704,107,04,1,5103,業務支出,16720707,53292019
201,10704,107,04,1,5104,設備及投資支出,3499950,4273554
201,10704,107,04,1,5105,獎補助支出,0,367000
201,10704,107,04,1,,收支餘絀,-2093651,29595048
201,10705,107,05,1,410101,公庫撥入數,61312686,447732041
201,10705,107,05,1,4103,罰款及賠償收入,0,5100
201,10705,107,05,1,4104,規費收入,2202,3052
201,10705,107,05,1,4105,財產收入,74700,655438
201,10705,107,05,1,4108,其他收入,37180,158417
201,10705,107,05,1,510101,繳付公庫數,114082,822007
201,10705,107,05,1,5102,人事支出,71309491,370201225
201,10705,107,05,1,5103,業務支出,13389181,66681200
201,10705,107,05,1,5104,設備及投資支出,420145,4693699
201,10705,107,05,1,5105,獎補助支出,0,367000
201,10705,107,05,1,,收支餘絀,-23806131,5788917
201,10706,107,06,1,410101,公庫撥入數,76574042,524306083
201,10706,107,06,1,4103,罰款及賠償收入,0,5100
201,10706,107,06,1,4104,規費收入,20,3072
201,10706,107,06,1,4105,財產收入,73200,728638
201,10706,107,06,1,4108,其他收入,24035,182452
201,10706,107,06,1,510101,繳付公庫數,747255,1569262
201,10706,107,06,1,5102,人事支出,56868309,427069534
201,10706,107,06,1,5103,業務支出,16216607,82897807
201,10706,107,06,1,5104,設備及投資支出,1548832,6242531
201,10706,107,06,1,5105,獎補助支出,397550,764550
201,10706,107,06,1,,收支餘絀,892744,6681661
201,10707,107,07,1,410101,公庫撥入數,74141664,598447747
201,10707,107,07,1,4103,罰款及賠償收入,0,5100
201,10707,107,07,1,4104,規費收入,0,3072
201,10707,107,07,1,4105,財產收入,611318,1339956
201,10707,107,07,1,4108,其他收入,27011,209463
201,10707,107,07,1,510101,繳付公庫數,1787799,3357061
201,10707,107,07,1,5102,人事支出,50454775,477524309
201,10707,107,07,1,5103,業務支出,21354796,104252603
201,10707,107,07,1,5104,設備及投資支出,837014,7079545
201,10707,107,07,1,5105,獎補助支出,0,764550
201,10707,107,07,1,,收支餘絀,345609,7027270
201,10708,107,08,1,410101,公庫撥入數,67394264,665842011
201,10708,107,08,1,4103,罰款及賠償收入,0,5100
201,10708,107,08,1,4104,規費收入,0,3072
201,10708,107,08,1,4105,財產收入,69000,1408956
201,10708,107,08,1,4108,其他收入,21782,231245
201,10708,107,08,1,510101,繳付公庫數,90782,3447843
201,10708,107,08,1,5102,人事支出,49306584,526830893
201,10708,107,08,1,5103,業務支出,15690657,119943260
201,10708,107,08,1,5104,設備及投資支出,1755617,8835162
201,10708,107,08,1,5105,獎補助支出,0,764550
201,10708,107,08,1,,收支餘絀,641406,7668676
201,10709,107,09,1,410101,公庫撥入數,69487633,735329644
201,10709,107,09,1,4103,罰款及賠償收入,0,5100
201,10709,107,09,1,4104,規費收入,368,3440
201,10709,107,09,1,4105,財產收入,68100,1477056
201,10709,107,09,1,4108,其他收入,65329,296574
201,10709,107,09,1,510101,繳付公庫數,133797,3581640
201,10709,107,09,1,5102,人事支出,55088704,581919597
201,10709,107,09,1,5103,業務支出,12359793,132303053
201,10709,107,09,1,5104,設備及投資支出,386880,9222042
201,10709,107,09,1,5105,獎補助支出,361500,1126050
201,10709,107,09,1,,收支餘絀,1290756,8959432
201,10710,107,10,1,410101,公庫撥入數,82347368,817677012
201,10710,107,10,1,4103,罰款及賠償收入,5628,10728
201,10710,107,10,1,4104,規費收入,0,3440
201,10710,107,10,1,4105,財產收入,161804,1638860
201,10710,107,10,1,4108,其他收入,40771,337345
201,10710,107,10,1,510101,繳付公庫數,208203,3789843
201,10710,107,10,1,5102,人事支出,49347856,631267453
201,10710,107,10,1,5103,業務支出,27682589,159985642
201,10710,107,10,1,5104,設備及投資支出,1835217,11057259
201,10710,107,10,1,5105,獎補助支出,1640,1127690
201,10710,107,10,1,,收支餘絀,3480066,12439498
201,10711,107,11,1,410101,公庫撥入數,67657774,885334786
201,10711,107,11,1,4103,罰款及賠償收入,41616,52344
201,10711,107,11,1,4104,規費收入,1012,4452
201,10711,107,11,1,4105,財產收入,374794,2013654
201,10711,107,11,1,4108,其他收入,55455,392800
201,10711,107,11,1,510101,繳付公庫數,472877,4262720
201,10711,107,11,1,5102,人事支出,47815150,679082603
201,10711,107,11,1,5103,業務支出,16678522,176664164
201,10711,107,11,1,5104,設備及投資支出,4243400,15300659
201,10711,107,11,1,5105,獎補助支出,5950,1133640
201,10711,107,11,1,,收支餘絀,-1085248,11354250
201,10712,107,12,1,410101,公庫撥入數,115598236,1000933022
201,10712,107,12,1,4103,罰款及賠償收入,106034,158378
201,10712,107,12,1,4104,規費收入,20,4472
201,10712,107,12,1,4105,財產收入,72728,2086382
201,10712,107,12,1,4108,其他收入,80446,473246
201,10712,107,12,1,510101,繳付公庫數,259228,4521948
201,10712,107,12,1,5102,人事支出,43673348,722755951
201,10712,107,12,1,5103,業務支出,68838353,245502517
201,10712,107,12,1,5104,設備及投資支出,12333145,27633804
201,10712,107,12,1,5105,獎補助支出,4860,1138500
201,10712,107,12,1,,收支餘絀,-9251470,2102780
201,10801,108,01,1,410101,公庫撥入數,199846810,199846810
201,10801,108,01,1,4105,財產收入,1491003,1491003
201,10801,108,01,1,4108,其他收入,12507,12507
201,10801,108,01,1,510101,繳付公庫數,1503510,1503510
201,10801,108,01,1,5102,人事支出,151633602,151633602
201,10801,108,01,1,5103,業務支出,11499824,11499824
201,10801,108,01,1,5104,設備及投資支出,254565,254565
201,10801,108,01,1,5105,獎補助支出,355500,355500
201,10801,108,01,1,,收支餘絀,36103319,36103319
201,10802,108,02,1,410101,公庫撥入數,64039594,263886404
201,10802,108,02,1,4103,罰款及賠償收入,900,900
201,10802,108,02,1,4105,財產收入,72600,1563603
201,10802,108,02,1,4108,其他收入,22588,35095
201,10802,108,02,1,510101,繳付公庫數,96088,1599598
201,10802,108,02,1,5102,人事支出,44486827,196120429
201,10802,108,02,1,5103,業務支出,23523502,35023326
201,10802,108,02,1,5104,設備及投資支出,543404,797969
201,10802,108,02,1,5105,獎補助支出,0,355500
201,10802,108,02,1,,收支餘絀,-4514139,31589180
201,10803,108,03,1,410101,公庫撥入數,65337978,329224382
201,10803,108,03,1,4103,罰款及賠償收入,0,900
201,10803,108,03,1,4105,財產收入,74100,1637703
201,10803,108,03,1,4108,其他收入,42079,77174
201,10803,108,03,1,510101,繳付公庫數,116179,1715777
201,10803,108,03,1,5102,人事支出,53248831,249369260
201,10803,108,03,1,5103,業務支出,12144701,47168027
201,10803,108,03,1,5104,設備及投資支出,370352,1168321
201,10803,108,03,1,5105,獎補助支出,0,355500
201,10803,108,03,1,,收支餘絀,-425906,31163274
201,10804,108,04,1,410101,公庫撥入數,65750488,394974870
201,10804,108,04,1,4103,罰款及賠償收入,0,900
201,10804,108,04,1,4104,規費收入,20,20
201,10804,108,04,1,4105,財產收入,124046,1761749
201,10804,108,04,1,4108,其他收入,26421,103595
201,10804,108,04,1,510101,繳付公庫數,150487,1866264
201,10804,108,04,1,5102,人事支出,51341506,300710766
201,10804,108,04,1,5103,業務支出,18128987,65297014
201,10804,108,04,1,5104,設備及投資支出,221925,1390246
201,10804,108,04,1,5105,獎補助支出,0,355500
201,10804,108,04,1,,收支餘絀,-3941930,27221344
201,10805,108,05,1,410101,公庫撥入數,77676347,472651217
201,10805,108,05,1,4103,罰款及賠償收入,2963,3863
201,10805,108,05,1,4104,規費收入,0,20
201,10805,108,05,1,4105,財產收入,73339,1835088
201,10805,108,05,1,4108,其他收入,26980,130575
201,10805,108,05,1,510101,繳付公庫數,103282,1969546
201,10805,108,05,1,5102,人事支出,53847412,354558178
201,10805,108,05,1,5103,業務支出,18712974,84009988
201,10805,108,05,1,5104,設備及投資支出,253570,1643816
201,10805,108,05,1,5105,獎補助支出,352500,708000
201,10805,108,05,1,,收支餘絀,4509891,31731235
201,10806,108,06,1,410101,公庫撥入數,62426274,535077491
201,10806,108,06,1,4103,罰款及賠償收入,0,3863
201,10806,108,06,1,4104,規費收入,96,116
201,10806,108,06,1,4105,財產收入,74862,1909950
201,10806,108,06,1,4108,其他收入,25483,156058
201,10806,108,06,1,510101,繳付公庫數,100441,2069987
201,10806,108,06,1,5102,人事支出,51059906,405618084
201,10806,108,06,1,5103,業務支出,11155156,95165144
201,10806,108,06,1,5104,設備及投資支出,1187350,2831166
201,10806,108,06,1,5105,獎補助支出,0,708000
201,10806,108,06,1,,收支餘絀,-976138,30755097
201,10807,108,07,1,410101,公庫撥入數,71964696,607042187
201,10807,108,07,1,4103,罰款及賠償收入,0,3863
201,10807,108,07,1,4104,規費收入,110,226
201,10807,108,07,1,4105,財產收入,297851,2207801
201,10807,108,07,1,4108,其他收入,25974,182032
201,10807,108,07,1,510101,繳付公庫數,973935,3043922
201,10807,108,07,1,5102,人事支出,50547693,456165777
201,10807,108,07,1,5103,業務支出,18599942,113765086
201,10807,108,07,1,5104,設備及投資支出,1572301,4403467
201,10807,108,07,1,5105,獎補助支出,0,708000
201,10807,108,07,1,,收支餘絀,594760,31349857
201,10808,108,08,1,410101,公庫撥入數,71195934,678238121
201,10808,108,08,1,4103,罰款及賠償收入,10800,14663
201,10808,108,08,1,4104,規費收入,0,226
201,10808,108,08,1,4105,財產收入,238399,2446200
201,10808,108,08,1,4108,其他收入,26549,208581
201,10808,108,08,1,510101,繳付公庫數,275748,3319670
201,10808,108,08,1,5102,人事支出,46117042,502282819
201,10808,108,08,1,5103,業務支出,16215013,129980099
201,10808,108,08,1,5104,設備及投資支出,9535369,13938836
201,10808,108,08,1,5105,獎補助支出,0,708000
201,10808,108,08,1,,收支餘絀,-671490,30678367
201,10809,108,09,1,410101,公庫撥入數,76896756,755134877
201,10809,108,09,1,4103,罰款及賠償收入,0,14663
201,10809,108,09,1,4104,規費收入,0,226
201,10809,108,09,1,4105,財產收入,81507,2527707
201,10809,108,09,1,4108,其他收入,25527,234108
201,10809,108,09,1,510101,繳付公庫數,107034,3426704
201,10809,108,09,1,5102,人事支出,54914282,557197101
201,10809,108,09,1,5103,業務支出,13709119,143689218
201,10809,108,09,1,5104,設備及投資支出,2178055,16116891
201,10809,108,09,1,5105,獎補助支出,371500,1079500
201,10809,108,09,1,,收支餘絀,5723800,36402167
201,10810,108,10,1,410101,公庫撥入數,94205235,849340112
201,10810,108,10,1,4103,罰款及賠償收入,36401,51064
201,10810,108,10,1,4104,規費收入,0,226
201,10810,108,10,1,4105,財產收入,99758,2627465
201,10810,108,10,1,4108,其他收入,26113,260221
201,10810,108,10,1,510101,繳付公庫數,162272,3588976
201,10810,108,10,1,5102,人事支出,73143961,630341062
201,10810,108,10,1,5103,業務支出,43260634,186949852
201,10810,108,10,1,5104,設備及投資支出,6684415,22801306
201,10810,108,10,1,5105,獎補助支出,3000,1082500
201,10810,108,10,1,,收支餘絀,-28886775,7515392
201,10811,108,11,1,410101,公庫撥入數,66884340,916224452
201,10811,108,11,1,4103,罰款及賠償收入,0,51064
201,10811,108,11,1,4104,規費收入,0,226
201,10811,108,11,1,4105,財產收入,141503,2768968
201,10811,108,11,1,4108,其他收入,34554,294775
201,10811,108,11,1,510101,繳付公庫數,176057,3765033
201,10811,108,11,1,5102,人事支出,50889575,681230637
201,10811,108,11,1,5103,業務支出,15202470,202152322
201,10811,108,11,1,5104,設備及投資支出,1780828,24582134
201,10811,108,11,1,5105,獎補助支出,0,1082500
201,10811,108,11,1,,收支餘絀,-988533,6526859
201,10812,108,12,1,410101,公庫撥入數,132048555,1048273007
201,10812,108,12,1,4103,罰款及賠償收入,1580,52644
201,10812,108,12,1,4104,規費收入,0,226
201,10812,108,12,1,4105,財產收入,112273,2881241
201,10812,108,12,1,4108,其他收入,116065,410840
201,10812,108,12,1,510101,繳付公庫數,229918,3994951
201,10812,108,12,1,5102,人事支出,42224856,723455493
201,10812,108,12,1,5103,業務支出,82693165,284845487
201,10812,108,12,1,5104,設備及投資支出,14262393,38844527
201,10812,108,12,1,5105,獎補助支出,45000,1127500
201,10812,108,12,1,,收支餘絀,-7176859,-650000
201,10901,109,01,1,410101,公庫撥入數,199315388,199315388
201,10901,109,01,1,4105,財產收益,1463467,1463467
201,10901,109,01,1,4108,其他收入,11858,11858
201,10901,109,01,1,510101,繳付公庫數,1475325,1475325
201,10901,109,01,1,5102,人事支出,154686767,154686767
201,10901,109,01,1,5103,業務支出,9237544,9237544
201,10901,109,01,1,5104,獎補助支出,362000,362000
201,10901,109,01,1,5105,財產損失,2023,2023
201,10901,109,01,1,5108,折舊、折耗及攤銷,3675531,3675531
201,10901,109,01,1,,收支餘絀,31351523,31351523
201,105,105,12,收入,0,"1,109,252,508"
201,105,105,12,公庫撥入數,"1,106,845,450",0
201,105,105,12,罰款及賠償收入,"7,238",0
201,105,105,12,規費收入,"96,024",0
201,105,105,12,財產收入,"1,719,696",0
201,105,105,12,其他收入,"584,100",0
201,105,105,12,支出,0,"1,096,553,792"
201,105,105,12,繳付公庫數,"2,533,241",0
201,105,105,12,人事支出,"754,211,328",0
201,105,105,12,業務支出,"286,910,720",0
201,105,105,12,設備及投資支出,"50,026,303",0
201,105,105,12,獎補助支出,"2,872,200",0
201,105,105,12,收支餘絀,0,"12,698,716"
240,10505,105,05,1,410101,公庫撥入數,726524057,5979735794
240,10505,105,05,1,4103,罰款及賠償收入,1601629,3861746
240,10505,105,05,1,4104,規費收入,1452835,4919919
240,10505,105,05,1,4105,財產收入,24544,1393236
240,10505,105,05,1,4108,其他收入,10503121,48208711
240,10505,105,05,1,510101,繳付公庫數,13582129,58390079
240,10505,105,05,1,5102,人事支出,165047910,1245125686
240,10505,105,05,1,5103,業務支出,349572006,1687364665
240,10505,105,05,1,5104,設備及投資支出,75211149,1972164755
240,10505,105,05,1,5105,獎補助支出,29828611,605892269
240,10505,105,05,1,,收支餘絀,106864381,469181952
240,10506,105,06,1,410101,公庫撥入數,726280766,6706016560
240,10506,105,06,1,4103,罰款及賠償收入,13881545,17743291
240,10506,105,06,1,4104,規費收入,578080,5497999
240,10506,105,06,1,4105,財產收入,88715,1481951
240,10506,105,06,1,4108,其他收入,7021133,55229844
240,10506,105,06,1,510101,繳付公庫數,21569473,79959552
240,10506,105,06,1,5102,人事支出,162676226,1407801912
240,10506,105,06,1,5103,業務支出,355139954,2042504619
240,10506,105,06,1,5104,設備及投資支出,75186465,2047351220
240,10506,105,06,1,5105,獎補助支出,30282362,636174631
240,10506,105,06,1,,收支餘絀,102995759,572177711
240,10507,105,07,1,410101,公庫撥入數,2436866700,9142883260
240,10507,105,07,1,4103,罰款及賠償收入,25510,17768801
240,10507,105,07,1,4104,規費收入,936415,6434414
240,10507,105,07,1,4105,財產收入,884428,2366379
240,10507,105,07,1,4108,其他收入,7488106,62717950
240,10507,105,07,1,510101,繳付公庫數,9344020,89303572
240,10507,105,07,1,5102,人事支出,248236276,1656038188
240,10507,105,07,1,5103,業務支出,355964198,2398468817
240,10507,105,07,1,5104,設備及投資支出,1205282730,3252633950
240,10507,105,07,1,5105,獎補助支出,449385234,1085559865
240,10507,105,07,1,,收支餘絀,177988701,750166412
240,10508,105,08,1,410101,公庫撥入數,701564395,9844447655
240,10508,105,08,1,4103,罰款及賠償收入,363767,18132568
240,10508,105,08,1,4104,規費收入,1737411,8171825
240,10508,105,08,1,4105,財產收入,113488,2479867
240,10508,105,08,1,4108,其他收入,8892734,71610684
240,10508,105,08,1,510101,繳付公庫數,11107400,100410972
240,10508,105,08,1,5102,人事支出,165455731,1821493919
240,10508,105,08,1,5103,業務支出,404045177,2802513994
240,10508,105,08,1,5104,設備及投資支出,77782707,3330416657
240,10508,105,08,1,5105,獎補助支出,28687382,1114247247
240,10508,105,08,1,,收支餘絀,25593398,775759810
240,10509,105,09,1,410101,公庫撥入數,650349278,10494796933
240,10509,105,09,1,4103,罰款及賠償收入,275240,18407808
240,10509,105,09,1,4104,規費收入,1037918,9209743
240,10509,105,09,1,4105,財產收入,33104,2512971
240,10509,105,09,1,4108,其他收入,19243356,90854040
240,10509,105,09,1,510101,繳付公庫數,20589618,121000590
240,10509,105,09,1,5102,人事支出,164761109,1986255028
240,10509,105,09,1,5103,業務支出,334966030,3137480024
240,10509,105,09,1,5104,設備及投資支出,84724211,3415140868
240,10509,105,09,1,5105,獎補助支出,39716889,1153964136
240,10509,105,09,1,,收支餘絀,26181039,801940849
240,10510,105,10,1,410101,公庫撥入數,1898482800,12393279733
240,10510,105,10,1,4103,罰款及賠償收入,12532,18420340
240,10510,105,10,1,4104,規費收入,1286290,10496033
240,10510,105,10,1,4105,財產收入,127538,2640509
240,10510,105,10,1,4108,其他收入,10602144,101456184
240,10510,105,10,1,510101,繳付公庫數,12701327,133701917
240,10510,105,10,1,5102,人事支出,165299533,2151554561
240,10510,105,10,1,5103,業務支出,416924476,3554404500
240,10510,105,10,1,5104,設備及投資支出,1200668362,4615809230
240,10510,105,10,1,5105,獎補助支出,91676547,1245640683
240,10510,105,10,1,,收支餘絀,23241059,825181908
240,10511,105,11,1,410101,公庫撥入數,1151758908,13545038641
240,10511,105,11,1,4103,罰款及賠償收入,7236743,25657083
240,10511,105,11,1,4104,規費收入,3808443,14304476
240,10511,105,11,1,4105,財產收入,265232,2905741
240,10511,105,11,1,4108,其他收入,6438084,107894268
240,10511,105,11,1,510101,繳付公庫數,17799255,151501172
240,10511,105,11,1,5102,人事支出,353921551,2505476112
240,10511,105,11,1,5103,業務支出,521336613,4075741113
240,10511,105,11,1,5104,設備及投資支出,90571088,4706380318
240,10511,105,11,1,5105,獎補助支出,32234783,1277875466
240,10511,105,11,1,,收支餘絀,153644120,978826028
240,10512,105,12,1,410101,公庫撥入數,1954241015,15499279656
240,10512,105,12,1,4103,罰款及賠償收入,694044,26351127
240,10512,105,12,1,4104,規費收入,472600,14777076
240,10512,105,12,1,4105,財產收入,169597,3075338
240,10512,105,12,1,4108,其他收入,18315550,126209818
240,10512,105,12,1,510101,繳付公庫數,19813650,171314822
240,10512,105,12,1,5102,人事支出,64983414,2570459526
240,10512,105,12,1,5103,業務支出,1312803904,5388545017
240,10512,105,12,1,5104,設備及投資支出,706708858,5413089176
240,10512,105,12,1,5105,獎補助支出,49675908,1327551374
240,10512,105,12,1,,收支餘絀,-180092928,798733100
240,10601,106,01,1,410101,公庫撥入數,1547388938,1547388938
240,10601,106,01,1,4103,罰款及賠償收入,163667,163667
240,10601,106,01,1,4104,規費收入,87220,87220
240,10601,106,01,1,4105,財產收入,363610,363610
240,10601,106,01,1,4108,其他收入,8329398,8329398
240,10601,106,01,1,510101,繳付公庫數,8943895,8943895
240,10601,106,01,1,5102,人事支出,569319669,569319669
240,10601,106,01,1,5103,業務支出,351266280,351266280
240,10601,106,01,1,5104,設備及投資支出,81593774,81593774
240,10601,106,01,1,5105,獎補助支出,174448953,174448953
240,10601,106,01,1,,收支餘絀,370760262,370760262
240,10602,106,02,1,410101,公庫撥入數,537233851,2084622789
240,10602,106,02,1,4103,罰款及賠償收入,11015117,11178784
240,10602,106,02,1,4104,規費收入,643332,730552
240,10602,106,02,1,4105,財產收入,300070,663680
240,10602,106,02,1,4108,其他收入,12220226,20549624
240,10602,106,02,1,510101,繳付公庫數,24178745,33122640
240,10602,106,02,1,5102,人事支出,156997333,726317002
240,10602,106,02,1,5103,業務支出,282185852,633452132
240,10602,106,02,1,5104,設備及投資支出,41627148,123220922
240,10602,106,02,1,5105,獎補助支出,351306194,525755147
240,10602,106,02,1,,收支餘絀,-294882676,75877586
240,10603,106,03,1,410101,公庫撥入數,739735734,2824358523
240,10603,106,03,1,4103,罰款及賠償收入,176502,11355286
240,10603,106,03,1,4104,規費收入,1052150,1782702
240,10603,106,03,1,4105,財產收入,97574,761254
240,10603,106,03,1,4108,其他收入,8388050,28937674
240,10603,106,03,1,510101,繳付公庫數,9714276,42836916
240,10603,106,03,1,5102,人事支出,187044121,913361123
240,10603,106,03,1,5103,業務支出,346402356,979854488
240,10603,106,03,1,5104,設備及投資支出,37099331,160320253
240,10603,106,03,1,5105,獎補助支出,104103044,629858191
240,10603,106,03,1,,收支餘絀,65086882,140964468
240,10605,106,05,1,410101,公庫撥入數,643336438,4127121954
240,10605,106,05,1,4103,罰款及賠償收入,388499,11788415
240,10605,106,05,1,4104,規費收入,714540,3662657
240,10605,106,05,1,4105,財產收入,20591,1452107
240,10605,106,05,1,4108,其他收入,8564232,46133518
240,10605,106,05,1,510101,繳付公庫數,9692561,63041396
240,10605,106,05,1,5102,人事支出,163687244,1242031134
240,10605,106,05,1,5103,業務支出,334289429,1627471828
240,10605,106,05,1,5104,設備及投資支出,79505713,344688510
240,10605,106,05,1,5105,獎補助支出,28829773,687177825
240,10605,106,05,1,,收支餘絀,37019580,225747958
240,10606,106,06,1,410101,公庫撥入數,768867587,4895989541
240,10606,106,06,1,4103,罰款及賠償收入,66253,11854668
240,10606,106,06,1,4104,規費收入,1246750,4909407
240,10606,106,06,1,4105,財產收入,117815,1569922
240,10606,106,06,1,4108,其他收入,6266368,52399886
240,10606,106,06,1,510101,繳付公庫數,7697186,70738582
240,10606,106,06,1,5102,人事支出,161549854,1403580988
240,10606,106,06,1,5103,業務支出,384136350,2011608178
240,10606,106,06,1,5104,設備及投資支出,123397795,468086305
240,10606,106,06,1,5105,獎補助支出,32033764,719211589
240,10606,106,06,1,,收支餘絀,67749824,293497782
240,10607,106,07,1,410101,公庫撥入數,1850706885,6746696426
240,10607,106,07,1,4103,罰款及賠償收入,40349,11895017
240,10607,106,07,1,4104,規費收入,1924317,6833724
240,10607,106,07,1,4105,財產收入,15987,1585909
240,10607,106,07,1,4108,其他收入,8108825,60508711
240,10607,106,07,1,510101,繳付公庫數,10089478,80828060
240,10607,106,07,1,5102,人事支出,252603961,1656184949
240,10607,106,07,1,5103,業務支出,390503099,2402111277
240,10607,106,07,1,5104,設備及投資支出,793337783,1261424088
240,10607,106,07,1,5105,獎補助支出,430744048,1149955637
240,10607,106,07,1,,收支餘絀,-16482006,277015776
240,10608,106,08,1,410101,公庫撥入數,775453873,7522150299
240,10608,106,08,1,4103,罰款及賠償收入,822908,12717925
240,10608,106,08,1,4104,規費收入,1373686,8207410
240,10608,106,08,1,4105,財產收入,30724,1616633
240,10608,106,08,1,4108,其他收入,13581478,74090189
240,10608,106,08,1,510101,繳付公庫數,15811796,96639856
240,10608,106,08,1,5102,人事支出,165431465,1821616414
240,10608,106,08,1,5103,業務支出,392388140,2794499417
240,10608,106,08,1,5104,設備及投資支出,147978037,1409402125
240,10608,106,08,1,5105,獎補助支出,31050759,1181006396
240,10608,106,08,1,,收支餘絀,38602472,315618248
240,10609,106,09,1,410101,公庫撥入數,679971160,8202121459
240,10609,106,09,1,4103,罰款及賠償收入,130721,12848646
240,10609,106,09,1,4104,規費收入,1112560,9319970
240,10609,106,09,1,4105,財產收入,484860,2101493
240,10609,106,09,1,4108,其他收入,14382284,88472473
240,10609,106,09,1,510101,繳付公庫數,16113425,112753281
240,10609,106,09,1,5102,人事支出,161470393,1983086807
240,10609,106,09,1,5103,業務支出,446887757,3241387174
240,10609,106,09,1,5104,設備及投資支出,86606442,1496008567
240,10609,106,09,1,5105,獎補助支出,28451548,1209457944
240,10609,106,09,1,,收支餘絀,-43447980,272170268
240,10610,106,10,1,410101,公庫撥入數,2694270632,10896392091
240,10610,106,10,1,4103,罰款及賠償收入,19384,12868030
240,10610,106,10,1,4104,規費收入,4742920,14062890
240,10610,106,10,1,4105,財產收入,1300,2102793
240,10610,106,10,1,4108,其他收入,9148290,97620763
240,10610,106,10,1,510101,繳付公庫數,14141552,126894833
240,10610,106,10,1,5102,人事支出,164178130,2147264937
240,10610,106,10,1,5103,業務支出,404020120,3645407294
240,10610,106,10,1,5104,設備及投資支出,493829936,1989838503
240,10610,106,10,1,5105,獎補助支出,180372442,1389830386
240,10610,106,10,1,,收支餘絀,1451640346,1723810614
240,10611,106,11,1,410101,公庫撥入數,959380234,11855772325
240,10611,106,11,1,4103,罰款及賠償收入,126925,12994955
240,10611,106,11,1,4104,規費收入,3600221,17663111
240,10611,106,11,1,4105,財產收入,1243070,3345863
240,10611,106,11,1,4108,其他收入,9174625,106795388
240,10611,106,11,1,510101,繳付公庫數,14154917,141049750
240,10611,106,11,1,5102,人事支出,163503729,2310768666
240,10611,106,11,1,5103,業務支出,482973306,4128380600
240,10611,106,11,1,5104,設備及投資支出,122925036,2112763539
240,10611,106,11,1,5105,獎補助支出,163134249,1552964635
240,10611,106,11,1,,收支餘絀,26833838,1750644452
240,10612,106,12,1,410101,公庫撥入數,2246534530,14102306855
240,10612,106,12,1,4103,罰款及賠償收入,414520,13409475
240,10612,106,12,1,4104,規費收入,1608291,19271402
240,10612,106,12,1,4105,財產收入,65509,3411372
240,10612,106,12,1,4108,其他收入,10227347,117022735
240,10612,106,12,1,510101,繳付公庫數,12351831,153401581
240,10612,106,12,1,5102,人事支出,254264661,2565033327
240,10612,106,12,1,5103,業務支出,1266312025,5394692625
240,10612,106,12,1,5104,設備及投資支出,2163742298,4276505837
240,10612,106,12,1,5105,獎補助支出,58843776,1611808411
240,10612,106,12,1,,收支餘絀,-1496664394,253980058
240,10701,107,01,1,410101,公庫撥入數,1605689958,1605689958
240,10701,107,01,1,4103,罰款及賠償收入,131990,131990
240,10701,107,01,1,4104,規費收入,122666,122666
240,10701,107,01,1,4105,財產收入,335700,335700
240,10701,107,01,1,4108,其他收入,11836056,11836056
240,10701,107,01,1,510101,繳付公庫數,12426412,12426412
240,10701,107,01,1,5102,人事支出,505423848,505423848
240,10701,107,01,1,5103,業務支出,360093482,360093482
240,10701,107,01,1,5104,設備及投資支出,3550203,3550203
240,10701,107,01,1,5105,獎補助支出,26780219,26780219
240,10701,107,01,1,,收支餘絀,709842206,709842206
240,10702,107,02,1,410101,公庫撥入數,718460853,2324150811
240,10702,107,02,1,4103,罰款及賠償收入,2595,134585
240,10702,107,02,1,4104,規費收入,479050,601716
240,10702,107,02,1,4105,財產收入,117793,453493
240,10702,107,02,1,4108,其他收入,5896667,17732723
240,10702,107,02,1,510101,繳付公庫數,6496105,18922517
240,10702,107,02,1,5102,人事支出,179638069,685061917
240,10702,107,02,1,5103,業務支出,251757851,611851333
240,10702,107,02,1,5104,設備及投資支出,20650264,24200467
240,10702,107,02,1,5105,獎補助支出,27274808,54055027
240,10702,107,02,1,,收支餘絀,239139861,948982067
240,10703,107,03,1,410101,公庫撥入數,738834331,3062985142
240,10703,107,03,1,4103,罰款及賠償收入,5455,140040
240,10703,107,03,1,4104,規費收入,594240,1195956
240,10703,107,03,1,4105,財產收入,1769119,2222612
240,10703,107,03,1,4108,其他收入,15326495,33059218
240,10703,107,03,1,510101,繳付公庫數,17695309,36617826
240,10703,107,03,1,5102,人事支出,217868341,902930258
240,10703,107,03,1,5103,業務支出,412617908,1024469241
240,10703,107,03,1,5104,設備及投資支出,61825184,86025651
240,10703,107,03,1,5105,獎補助支出,28225148,82280175
240,10703,107,03,1,,收支餘絀,18297750,967279817
240,10704,107,04,1,410101,公庫撥入數,1052409880,4115395022
240,10704,107,04,1,4103,罰款及賠償收入,3570,143610
240,10704,107,04,1,4104,規費收入,1116516,2312472
240,10704,107,04,1,4105,財產收入,85994,2308606
240,10704,107,04,1,4108,其他收入,8424525,41483743
240,10704,107,04,1,510101,繳付公庫數,9630608,46248434
240,10704,107,04,1,5102,人事支出,187040965,1089971223
240,10704,107,04,1,5103,業務支出,352000205,1376469446
240,10704,107,04,1,5104,設備及投資支出,326932429,412958080
240,10704,107,04,1,5105,獎補助支出,613081561,695361736
240,10704,107,04,1,,收支餘絀,-426645283,540634534
240,10705,107,05,1,410101,公庫撥入數,790090458,4905485480
240,10705,107,05,1,4103,罰款及賠償收入,66521,210131
240,10705,107,05,1,4104,規費收入,2181251,4493723
240,10705,107,05,1,4105,財產收入,524099,2832705
240,10705,107,05,1,4108,其他收入,9199073,50682816
240,10705,107,05,1,510101,繳付公庫數,11970944,58219378
240,10705,107,05,1,5102,人事支出,183532362,1273503585
240,10705,107,05,1,5103,業務支出,345202349,1721671795
240,10705,107,05,1,5104,設備及投資支出,63728912,476686992
240,10705,107,05,1,5105,獎補助支出,98545806,793907542
240,10705,107,05,1,,收支餘絀,99081029,639715563
240,10706,107,06,1,410101,公庫撥入數,850560065,5756045545
240,10706,107,06,1,4103,罰款及賠償收入,726213,936344
240,10706,107,06,1,4104,規費收入,2279484,6773207
240,10706,107,06,1,4105,財產收入,266376,3099081
240,10706,107,06,1,4108,其他收入,10708903,61391719
240,10706,107,06,1,510101,繳付公庫數,14367642,72587020
240,10706,107,06,1,5102,人事支出,190185087,1463688672
240,10706,107,06,1,5103,業務支出,378688062,2100359857
240,10706,107,06,1,5104,設備及投資支出,131922913,608609905
240,10706,107,06,1,5105,獎補助支出,30167358,824074900
240,10706,107,06,1,,收支餘絀,119209979,758925542
240,10707,107,07,1,410101,公庫撥入數,1366831986,7122877531
240,10707,107,07,1,4103,罰款及賠償收入,31897,968241
240,10707,107,07,1,4104,規費收入,1702993,8476200
240,10707,107,07,1,4105,財產收入,3396,3102477
240,10707,107,07,1,4108,其他收入,10331080,71722799
240,10707,107,07,1,510101,繳付公庫數,12089245,84676265
240,10707,107,07,1,5102,人事支出,178444648,1642133320
240,10707,107,07,1,5103,業務支出,398909046,2499268903
240,10707,107,07,1,5104,設備及投資支出,249206506,857816411
240,10707,107,07,1,5105,獎補助支出,590459018,1414533918
240,10707,107,07,1,,收支餘絀,-50207111,708718431
240,10708,107,08,1,410101,公庫撥入數,767731225,7890608756
240,10708,107,08,1,4103,罰款及賠償收入,125226,1093467
240,10708,107,08,1,4104,規費收入,1829465,10305665
240,10708,107,08,1,4105,財產收入,123426,3225903
240,10708,107,08,1,4108,其他收入,8251763,79974562
240,10708,107,08,1,510101,繳付公庫數,10329880,95006145
240,10708,107,08,1,5102,人事支出,190755203,1832888523
240,10708,107,08,1,5103,業務支出,440790223,2940059126
240,10708,107,08,1,5104,設備及投資支出,144840626,1002657037
240,10708,107,08,1,5105,獎補助支出,27518411,1442052329
240,10708,107,08,1,,收支餘絀,-36173238,672545193
240,10709,107,09,1,410101,公庫撥入數,863250364,8753859120
240,10709,107,09,1,4103,罰款及賠償收入,45826,1139293
240,10709,107,09,1,4104,規費收入,586075,10891740
240,10709,107,09,1,4105,財產收入,318766,3544669
240,10709,107,09,1,4108,其他收入,16523743,96498305
240,10709,107,09,1,510101,繳付公庫數,17655345,112661490
240,10709,107,09,1,5102,人事支出,184518684,2017407207
240,10709,107,09,1,5103,業務支出,407359561,3347418687
240,10709,107,09,1,5104,設備及投資支出,249940952,1252597989
240,10709,107,09,1,5105,獎補助支出,27612391,1469664720
240,10709,107,09,1,,收支餘絀,-6362159,666183034
240,10710,107,10,1,410101,公庫撥入數,1086241559,9840100679
240,10710,107,10,1,4103,罰款及賠償收入,184262,1323555
240,10710,107,10,1,4104,規費收入,4304317,15196057
240,10710,107,10,1,4105,財產收入,34209,3578878
240,10710,107,10,1,4108,其他收入,9149438,105647743
240,10710,107,10,1,510101,繳付公庫數,13941728,126603218
240,10710,107,10,1,5102,人事支出,383556024,2400963231
240,10710,107,10,1,5103,業務支出,405335400,3752754087
240,10710,107,10,1,5104,設備及投資支出,173219755,1425817744
240,10710,107,10,1,5105,獎補助支出,103245415,1572910135
240,10710,107,10,1,,收支餘絀,20615463,686798497
240,10711,107,11,1,410101,公庫撥入數,843472746,10683573425
240,10711,107,11,1,4103,罰款及賠償收入,53780,1377335
240,10711,107,11,1,4104,規費收入,3416923,18612980
240,10711,107,11,1,4105,財產收入,108800,3687678
240,10711,107,11,1,4108,其他收入,8026689,113674432
240,10711,107,11,1,510101,繳付公庫數,11640307,138243525
240,10711,107,11,1,5102,人事支出,183782566,2584745797
240,10711,107,11,1,5103,業務支出,527017156,4279771243
240,10711,107,11,1,5104,設備及投資支出,113071844,1538889588
240,10711,107,11,1,5105,獎補助支出,28670720,1601580855
240,10711,107,11,1,,收支餘絀,-9103655,677694842
240,10712,107,12,1,410101,公庫撥入數,1910428023,12594001448
240,10712,107,12,1,4103,罰款及賠償收入,4568376,5945711
240,10712,107,12,1,4104,規費收入,3191728,21804708
240,10712,107,12,1,4105,財產收入,764429,4452107
240,10712,107,12,1,4108,其他收入,11576205,125250637
240,10712,107,12,1,510101,繳付公庫數,20114544,158358069
240,10712,107,12,1,5102,人事支出,50237013,2634982810
240,10712,107,12,1,5103,業務支出,1114759431,5394530674
240,10712,107,12,1,5104,設備及投資支出,648880183,2187769771
240,10712,107,12,1,5105,獎補助支出,62598672,1664179527
240,10712,107,12,1,,收支餘絀,33938918,711633760
240,10801,108,01,1,410101,公庫撥入數,1519238524,1519238524
240,10801,108,01,1,4103,罰款及賠償收入,140980,140980
240,10801,108,01,1,4105,財產收入,980436,980436
240,10801,108,01,1,4108,其他收入,17556912,17556912
240,10801,108,01,1,510101,繳付公庫數,18678328,18678328
240,10801,108,01,1,5102,人事支出,545602982,545602982
240,10801,108,01,1,5103,業務支出,408355912,408355912
240,10801,108,01,1,5104,設備及投資支出,6744342,6744342
240,10801,108,01,1,5105,獎補助支出,25075277,25075277
240,10801,108,01,1,,收支餘絀,533460011,533460011
240,10802,108,02,1,410101,公庫撥入數,513998582,2033237106
240,10802,108,02,1,4103,罰款及賠償收入,3590,144570
240,10802,108,02,1,4105,財產收入,21100,1001536
240,10802,108,02,1,4108,其他收入,11618998,29175910
240,10802,108,02,1,510101,繳付公庫數,11643688,30322016
240,10802,108,02,1,5102,人事支出,169459922,715062904
240,10802,108,02,1,5103,業務支出,271571452,679927364
240,10802,108,02,1,5104,設備及投資支出,76125489,82869831
240,10802,108,02,1,5105,獎補助支出,453506099,478581376
240,10802,108,02,1,,收支餘絀,-456664380,76795631
240,10803,108,03,1,410101,公庫撥入數,767655311,2800892417
240,10803,108,03,1,4103,罰款及賠償收入,8847,153417
240,10803,108,03,1,4105,財產收入,318382,1319918
240,10803,108,03,1,4108,其他收入,8856035,38031945
240,10803,108,03,1,510101,繳付公庫數,9277374,39599390
240,10803,108,03,1,5102,人事支出,206959731,922022635
240,10803,108,03,1,5103,業務支出,464384916,1144312280
240,10803,108,03,1,5104,設備及投資支出,54283994,137153825
240,10803,108,03,1,5105,獎補助支出,33989426,512570802
240,10803,108,03,1,,收支餘絀,7943134,84738765
240,10804,108,04,1,410101,公庫撥入數,642093173,3442985590
240,10804,108,04,1,4103,罰款及賠償收入,17835,171252
240,10804,108,04,1,4105,財產收入,730,1320648
240,10804,108,04,1,4108,其他收入,10830549,48862494
240,10804,108,04,1,510101,繳付公庫數,10849114,50448504
240,10804,108,04,1,5102,人事支出,184773008,1106795643
240,10804,108,04,1,5103,業務支出,356836388,1501148668
240,10804,108,04,1,5104,設備及投資支出,52452728,189606553
240,10804,108,04,1,5105,獎補助支出,27303611,539874413
240,10804,108,04,1,,收支餘絀,20727438,105466203
240,10805,108,05,1,410101,公庫撥入數,903726770,4346712360
240,10805,108,05,1,4103,罰款及賠償收入,157022,328274
240,10805,108,05,1,4105,財產收入,51594,1372242
240,10805,108,05,1,4108,其他收入,11283758,60146252
240,10805,108,05,1,510101,繳付公庫數,11492374,61940878
240,10805,108,05,1,5102,人事支出,182280271,1289075914
240,10805,108,05,1,5103,業務支出,414094406,1915243074
240,10805,108,05,1,5104,設備及投資支出,197276418,386882971
240,10805,108,05,1,5105,獎補助支出,136885753,676760166
240,10805,108,05,1,,收支餘絀,-26810078,78656125
240,10806,108,06,1,410101,公庫撥入數,713690651,5060403011
240,10806,108,06,1,4103,罰款及賠償收入,17946,346220
240,10806,108,06,1,4105,財產收入,1535825,2908067
240,10806,108,06,1,4108,其他收入,13869192,74015444
240,10806,108,06,1,510101,繳付公庫數,15422963,77363841
240,10806,108,06,1,5102,人事支出,179895459,1468971373
240,10806,108,06,1,5103,業務支出,391627156,2306870230
240,10806,108,06,1,5104,設備及投資支出,79861643,466744614
240,10806,108,06,1,5105,獎補助支出,25174956,701935122
240,10806,108,06,1,,收支餘絀,37131437,115787562
240,10807,108,07,1,410101,公庫撥入數,1057411940,6117814951
240,10807,108,07,1,4103,罰款及賠償收入,104977,451197
240,10807,108,07,1,4105,財產收入,131805,3039872
240,10807,108,07,1,4108,其他收入,21250797,95266241
240,10807,108,07,1,510101,繳付公庫數,21487579,98851420
240,10807,108,07,1,5102,人事支出,186455912,1655427285
240,10807,108,07,1,5103,業務支出,380674817,2687545047
240,10807,108,07,1,5104,設備及投資支出,164152085,630896699
240,10807,108,07,1,5105,獎補助支出,315066155,1017001277
240,10807,108,07,1,,收支餘絀,11062971,126850533
240,10808,108,08,1,410101,公庫撥入數,837988659,6955803610
240,10808,108,08,1,4103,罰款及賠償收入,123896,575093
240,10808,108,08,1,4105,財產收入,860,3040732
240,10808,108,08,1,4108,其他收入,15073080,110339321
240,10808,108,08,1,510101,繳付公庫數,15197836,114049256
240,10808,108,08,1,5102,人事支出,181420520,1836847805
240,10808,108,08,1,5103,業務支出,411780398,3099325445
240,10808,108,08,1,5104,設備及投資支出,211160293,842056992
240,10808,108,08,1,5105,獎補助支出,26905366,1043906643
240,10808,108,08,1,,收支餘絀,6722082,133572615
240,10809,108,09,1,410101,公庫撥入數,760107948,7715911558
240,10809,108,09,1,4103,罰款及賠償收入,12188,587281
240,10809,108,09,1,4105,財產收入,22200,3062932
240,10809,108,09,1,4108,其他收入,14146583,124485904
240,10809,108,09,1,510101,繳付公庫數,21972255,136021511
240,10809,108,09,1,5102,人事支出,180857545,2017705350
240,10809,108,09,1,5103,業務支出,407424978,3506750423
240,10809,108,09,1,5104,設備及投資支出,99976728,942033720
240,10809,108,09,1,5105,獎補助支出,26431743,1070338386
240,10809,108,09,1,,收支餘絀,37625670,171198285
240,10810,108,10,1,410101,公庫撥入數,1062481055,8778392613
240,10810,108,10,1,4103,罰款及賠償收入,564021,1151302
240,10810,108,10,1,4105,財產收入,116858,3179790
240,10810,108,10,1,4108,其他收入,11756569,136242473
240,10810,108,10,1,510101,繳付公庫數,12797001,148818512
240,10810,108,10,1,5102,人事支出,380575433,2398280783
240,10810,108,10,1,5103,業務支出,478772634,3985523057
240,10810,108,10,1,5104,設備及投資支出,162198303,1104232023
240,10810,108,10,1,5105,獎補助支出,36428806,1106767192
240,10810,108,10,1,,收支餘絀,4146326,175344611
240,10811,108,11,1,410101,公庫撥入數,910180033,9688572646
240,10811,108,11,1,4103,罰款及賠償收入,495622,1646924
240,10811,108,11,1,4105,財產收入,45198,3224988
240,10811,108,11,1,4108,其他收入,11483943,147726416
240,10811,108,11,1,510101,繳付公庫數,12024763,160843275
240,10811,108,11,1,5102,人事支出,184976319,2583257102
240,10811,108,11,1,5103,業務支出,524854089,4510377146
240,10811,108,11,1,5104,設備及投資支出,190924951,1295156974
240,10811,108,11,1,5105,獎補助支出,31030967,1137798159
240,10811,108,11,1,,收支餘絀,-21606293,153738318
240,10812,108,12,1,410101,公庫撥入數,1845906249,11534478895
240,10812,108,12,1,4103,罰款及賠償收入,264947,1911871
240,10812,108,12,1,4105,財產收入,1019933,4244921
240,10812,108,12,1,4108,其他收入,14645562,162371978
240,10812,108,12,1,510101,繳付公庫數,15940164,176783439
240,10812,108,12,1,5102,人事支出,47869693,2631126795
240,10812,108,12,1,5103,業務支出,1156258325,5666635471
240,10812,108,12,1,5104,設備及投資支出,725472567,2020629541
240,10812,108,12,1,5105,獎補助支出,49839376,1187637535
240,10812,108,12,1,,收支餘絀,-133543434,20194884
240,10901,109,01,1,410101,公庫撥入數,1491859381,1491859381
240,10901,109,01,1,4103,罰款及賠償收入,2149006,2149006
240,10901,109,01,1,4105,財產收益,15850,15850
240,10901,109,01,1,4108,其他收入,14320344,14320344
240,10901,109,01,1,510101,繳付公庫數,16485200,16485200
240,10901,109,01,1,5102,人事支出,537466963,537466963
240,10901,109,01,1,5103,業務支出,431932063,431932063
240,10901,109,01,1,5104,獎補助支出,26165370,26165370
240,10901,109,01,1,5105,財產損失,3817462,3817462
240,10901,109,01,1,5108,折舊、折耗及攤銷,139055638,139055638
240,10901,109,01,1,,收支餘絀,353421885,353421885
240,105,105,12,收入,0,"15,669,693,015"
240,105,105,12,公庫撥入數,"15,499,279,656",0
240,105,105,12,罰款及賠償收入,"26,351,127",0
240,105,105,12,規費收入,"14,777,076",0
240,105,105,12,財產收入,"3,075,338",0
240,105,105,12,其他收入,"126,209,818",0
240,105,105,12,支出,0,"14,870,959,915"
240,105,105,12,繳付公庫數,"171,314,822",0
240,105,105,12,人事支出,"2,570,459,526",0
240,105,105,12,業務支出,"5,388,545,017",0
240,105,105,12,設備及投資支出,"5,413,089,176",0
240,105,105,12,獎補助支出,"1,327,551,374",0
240,105,105,12,收支餘絀,0,"798,733,100"
240,106,106,12,收入,"14,253,526,704","15,668,844,607","-1,415,317,903"
240,106,106,12,公庫撥入數,"14,102,306,855","15,499,279,656","-1,396,972,801"
240,106,106,12,罰款及賠償收入,"13,409,475","26,351,127","-12,941,652"
240,106,106,12,規費收入,"19,271,402","14,777,076","4,494,326"
240,106,106,12,財產收入,"1,516,237","2,226,930","-710,693"
240,106,106,12,其他收入,"117,022,735","126,209,818","-9,187,083"
240,106,106,12,支出,"12,389,633,370","13,543,408,541","-1,153,775,171"
240,106,106,12,繳付公庫數,"153,401,581","171,314,822","-17,913,241"
240,106,106,12,人事支出,"2,565,033,327","2,570,459,526","-5,426,199"
240,106,106,12,業務支出,"5,394,692,625","5,388,545,017","6,147,608"
240,106,106,12,設備及投資支出,"4,276,505,837","5,413,089,176","-1,136,583,339"
240,106,106,12,收支餘絀,"1,863,893,334","2,125,436,066","-261,542,732"
240,107,107,12,收入,"12,750,158,571","14,253,526,704","-1,503,368,133"
240,107,107,12,公庫撥入數,"12,594,001,448","14,102,306,855","-1,508,305,407"
240,107,107,12,罰款及賠償收入,"5,945,711","13,409,475","-7,463,764"
240,107,107,12,規費收入,"21,804,708","19,271,402","2,533,306"
240,107,107,12,財產收入,"3,156,067","1,516,237","1,639,830"
240,107,107,12,其他收入,"125,250,637","117,022,735","8,227,902"
240,107,107,12,支出,"10,375,641,324","12,389,633,370","-2,013,992,046"
240,107,107,12,繳付公庫數,"158,358,069","153,401,581","4,956,488"
240,107,107,12,人事支出,"2,634,982,810","2,565,033,327","69,949,483"
240,107,107,12,業務支出,"5,394,530,674","5,394,692,625","-161,951"
240,107,107,12,設備及投資支出,"2,187,769,771","4,276,505,837","-2,088,736,066"
240,107,107,12,收支餘絀,"2,374,517,247","1,863,893,334","510,623,913"
240,108,108,12,收入,"11,700,043,842","12,750,158,571","-1,050,114,729"
240,108,108,12,公庫撥入數,"11,534,478,895","12,594,001,448","-1,059,522,553"
240,108,108,12,罰款及賠償收入,"1,911,871","5,945,711","-4,033,840"
240,108,108,12,規費收入,0,"21,804,708","-21,804,708"
240,108,108,12,財產收入,"1,281,098","3,156,067","-1,874,969"
240,108,108,12,其他收入,"162,371,978","125,250,637","37,121,341"
240,108,108,12,支出,"10,495,175,246","10,375,641,324","119,533,922"
240,108,108,12,繳付公庫數,"176,783,439","158,358,069","18,425,370"
240,108,108,12,人事支出,"2,631,126,795","2,634,982,810","-3,856,015"
240,108,108,12,業務支出,"5,666,635,471","5,394,530,674","272,104,797"
240,108,108,12,設備及投資支出,"2,020,629,541","2,187,769,771","-167,140,230"
240,108,108,12,收支餘絀,"1,204,868,596","2,374,517,247","-1,169,648,651"
401,10505,105,05,1,410101,公庫撥入數,238246613,1617292712
401,10505,105,05,1,4103,罰款及賠償收入,52247,127875
401,10505,105,05,1,4105,財產收入,57659,4184206
401,10505,105,05,1,4108,其他收入,881769,4370219
401,10505,105,05,1,510101,繳付公庫數,991675,8682300
401,10505,105,05,1,5102,人事支出,169193775,1293885458
401,10505,105,05,1,5103,業務支出,49733783,228508971
401,10505,105,05,1,5104,設備及投資支出,20591888,37510639
401,10505,105,05,1,5105,獎補助支出,1835000,7050000
401,10505,105,05,1,,收支餘絀,-3107833,50337644
401,10506,105,06,1,410101,公庫撥入數,230109941,1847402653
401,10506,105,06,1,4103,罰款及賠償收入,6616855,6744730
401,10506,105,06,1,4105,財產收入,24794,4209000
401,10506,105,06,1,4108,其他收入,17005,4387224
401,10506,105,06,1,510101,繳付公庫數,6658654,15340954
401,10506,105,06,1,5102,人事支出,158003583,1451889041
401,10506,105,06,1,5103,業務支出,52085029,280594000
401,10506,105,06,1,5104,設備及投資支出,8169050,45679689
401,10506,105,06,1,5105,獎補助支出,1128000,8178000
401,10506,105,06,1,,收支餘絀,10724279,61061923
401,10507,105,07,1,410101,公庫撥入數,291171701,2138574354
401,10507,105,07,1,4103,罰款及賠償收入,13500,6758230
401,10507,105,07,1,4105,財產收入,1333269,5542269
401,10507,105,07,1,4108,其他收入,33397,4420621
401,10507,105,07,1,510101,繳付公庫數,1380166,16721120
401,10507,105,07,1,5102,人事支出,206023809,1657912850
401,10507,105,07,1,5103,業務支出,66785434,347379434
401,10507,105,07,1,5104,設備及投資支出,19619093,65298782
401,10507,105,07,1,5105,獎補助支出,2537000,10715000
401,10507,105,07,1,,收支餘絀,-3793635,57268288
401,10508,105,08,1,410101,公庫撥入數,233815883,2372390237
401,10508,105,08,1,4103,罰款及賠償收入,272000,7030230
401,10508,105,08,1,4105,財產收入,190358,5732627
401,10508,105,08,1,4108,其他收入,115309,4535930
401,10508,105,08,1,510101,繳付公庫數,577667,17298787
401,10508,105,08,1,5102,人事支出,162642933,1820555783
401,10508,105,08,1,5103,業務支出,45019466,392398900
401,10508,105,08,1,5104,設備及投資支出,9533304,74832086
401,10508,105,08,1,5105,獎補助支出,1130000,11845000
401,10508,105,08,1,,收支餘絀,15490180,72758468
401,10509,105,09,1,410101,公庫撥入數,226724347,2599114584
401,10509,105,09,1,4103,罰款及賠償收入,488775,7519005
401,10509,105,09,1,4105,財產收入,507013,6239640
401,10509,105,09,1,4108,其他收入,12859,4548789
401,10509,105,09,1,510101,繳付公庫數,1008647,18307434
401,10509,105,09,1,5102,人事支出,168456971,1989012754
401,10509,105,09,1,5103,業務支出,51647799,444046699
401,10509,105,09,1,5104,設備及投資支出,8221629,83053715
401,10509,105,09,1,5105,獎補助支出,1855000,13700000
401,10509,105,09,1,,收支餘絀,-3457052,69301416
401,10510,105,10,1,410101,公庫撥入數,260429469,2859544053
401,10510,105,10,1,4103,罰款及賠償收入,7633,7526638
401,10510,105,10,1,4105,財產收入,22807,6262447
401,10510,105,10,1,4108,其他收入,27182590,31731379
401,10510,105,10,1,510101,繳付公庫數,27213030,45520464
401,10510,105,10,1,5102,人事支出,182163565,2171176319
401,10510,105,10,1,5103,業務支出,56126555,500173254
401,10510,105,10,1,5104,設備及投資支出,19305819,102359534
401,10510,105,10,1,5105,獎補助支出,1130000,14830000
401,10510,105,10,1,,收支餘絀,1703530,71004946
401,10511,105,11,1,410101,公庫撥入數,240173524,3099717577
401,10511,105,11,1,4103,罰款及賠償收入,0,7526638
401,10511,105,11,1,4105,財產收入,38788,6301235
401,10511,105,11,1,4108,其他收入,16690,31748069
401,10511,105,11,1,510101,繳付公庫數,55478,45575942
401,10511,105,11,1,5102,人事支出,170341681,2341518000
401,10511,105,11,1,5103,業務支出,44442591,544615845
401,10511,105,11,1,5104,設備及投資支出,24192773,126552307
401,10511,105,11,1,5105,獎補助支出,1130000,15960000
401,10511,105,11,1,,收支餘絀,66479,71071425
401,10512,105,12,1,410101,公庫撥入數,379152682,3478870259
401,10512,105,12,1,4103,罰款及賠償收入,32019,7558657
401,10512,105,12,1,4105,財產收入,163610,6464845
401,10512,105,12,1,4108,其他收入,29246,31777315
401,10512,105,12,1,510101,繳付公庫數,224875,45800817
401,10512,105,12,1,5102,人事支出,203918047,2545436047
401,10512,105,12,1,5103,業務支出,120098731,664714576
401,10512,105,12,1,5104,設備及投資支出,66749452,193301759
401,10512,105,12,1,5105,獎補助支出,1130000,17090000
401,10512,105,12,1,,收支餘絀,-12743548,58327877
401,10601,106,01,1,410101,公庫撥入數,500576874,500576874
401,10601,106,01,1,4105,財產收入,3717408,3717408
401,10601,106,01,1,4108,其他收入,17326,17326
401,10601,106,01,1,510101,繳付公庫數,3734734,3734734
401,10601,106,01,1,5102,人事支出,489575371,489575371
401,10601,106,01,1,5103,業務支出,5626160,5626160
401,10601,106,01,1,5104,設備及投資支出,307900,307900
401,10601,106,01,1,5105,獎補助支出,1451000,1451000
401,10601,106,01,1,,收支餘絀,3616443,3616443
401,10602,106,02,1,410101,公庫撥入數,190064884,690641758
401,10602,106,02,1,4105,財產收入,79240,3796648
401,10602,106,02,1,4108,其他收入,348026,365352
401,10602,106,02,1,510101,繳付公庫數,427266,4162000
401,10602,106,02,1,5102,人事支出,152989806,642565177
401,10602,106,02,1,5103,業務支出,32771084,38397244
401,10602,106,02,1,5104,設備及投資支出,417720,725620
401,10602,106,02,1,5105,獎補助支出,1130000,2581000
401,10602,106,02,1,,收支餘絀,2756274,6372717
401,10603,106,03,1,410101,公庫撥入數,454152638,1144794396
401,10603,106,03,1,4103,罰款及賠償收入,980,980
401,10603,106,03,1,4105,財產收入,411627,4208275
401,10603,106,03,1,4108,其他收入,20566,385918
401,10603,106,03,1,510101,繳付公庫數,433173,4595173
401,10603,106,03,1,5102,人事支出,177293470,819858647
401,10603,106,03,1,5103,業務支出,74901718,113298962
401,10603,106,03,1,5104,設備及投資支出,122571107,123296727
401,10603,106,03,1,5105,獎補助支出,1130000,3711000
401,10603,106,03,1,,收支餘絀,78256343,84629060
401,10604,106,04,1,410101,公庫撥入數,243265815,1388060211
401,10604,106,04,1,4103,罰款及賠償收入,16625,17605
401,10604,106,04,1,4105,財產收入,39085,4247360
401,10604,106,04,1,4108,其他收入,17495,403413
401,10604,106,04,1,510101,繳付公庫數,73205,4668378
401,10604,106,04,1,5102,人事支出,176077884,995936531
401,10604,106,04,1,5103,業務支出,43585730,156884692
401,10604,106,04,1,5104,設備及投資支出,31320646,154617373
401,10604,106,04,1,5105,獎補助支出,1130000,4841000
401,10604,106,04,1,,收支餘絀,-8848445,75780615
401,10605,106,05,1,410101,公庫撥入數,224249269,1612309480
401,10605,106,05,1,4103,罰款及賠償收入,0,17605
401,10605,106,05,1,4105,財產收入,40481,4287841
401,10605,106,05,1,4108,其他收入,492196,895609
401,10605,106,05,1,510101,繳付公庫數,532677,5201055
401,10605,106,05,1,5102,人事支出,169044744,1164981275
401,10605,106,05,1,5103,業務支出,90556052,247440744
401,10605,106,05,1,5104,設備及投資支出,10076481,164693854
401,10605,106,05,1,5105,獎補助支出,1455000,6296000
401,10605,106,05,1,,收支餘絀,-46883008,28897607
401,10606,106,06,1,410101,公庫撥入數,228372445,1840681925
401,10606,106,06,1,4103,罰款及賠償收入,47703,65308
401,10606,106,06,1,4105,財產收入,1614505,5902346
401,10606,106,06,1,4108,其他收入,26116,921725
401,10606,106,06,1,510101,繳付公庫數,1688324,6889379
401,10606,106,06,1,5102,人事支出,164723162,1329704437
401,10606,106,06,1,5103,業務支出,45960069,293400813
401,10606,106,06,1,5104,設備及投資支出,15853984,180547838
401,10606,106,06,1,5105,獎補助支出,1130000,7426000
401,10606,106,06,1,,收支餘絀,705230,29602837
401,10607,106,07,1,410101,公庫撥入數,277695823,2118377748
401,10607,106,07,1,4103,罰款及賠償收入,12000,77308
401,10607,106,07,1,4105,財產收入,57232,5959578
401,10607,106,07,1,4108,其他收入,101020,1022745
401,10607,106,07,1,510101,繳付公庫數,170252,7059631
401,10607,106,07,1,5102,人事支出,213101274,1542805711
401,10607,106,07,1,5103,業務支出,45209224,338610037
401,10607,106,07,1,5104,設備及投資支出,11661506,192209344
401,10607,106,07,1,5105,獎補助支出,1120000,8546000
401,10607,106,07,1,,收支餘絀,6603819,36206656
401,10608,106,08,1,410101,公庫撥入數,207197703,2325575451
401,10608,106,08,1,4103,罰款及賠償收入,13830,91138
401,10608,106,08,1,4105,財產收入,85235,6044813
401,10608,106,08,1,4108,其他收入,84532,1107277
401,10608,106,08,1,510101,繳付公庫數,212597,7272228
401,10608,106,08,1,5102,人事支出,160603023,1703408734
401,10608,106,08,1,5103,業務支出,39852923,378462960
401,10608,106,08,1,5104,設備及投資支出,7219576,199428920
401,10608,106,08,1,5105,獎補助支出,1120000,9666000
401,10608,106,08,1,,收支餘絀,-1626819,34579837
401,10609,106,09,1,410101,公庫撥入數,246099992,2571675443
401,10609,106,09,1,4103,罰款及賠償收入,4138,95276
401,10609,106,09,1,4105,財產收入,398551,6443364
401,10609,106,09,1,4108,其他收入,15776,1123053
401,10609,106,09,1,510101,繳付公庫數,418465,7690693
401,10609,106,09,1,5102,人事支出,173280024,1876688758
401,10609,106,09,1,5103,業務支出,67577395,446040355
401,10609,106,09,1,5104,設備及投資支出,13199137,212628057
401,10609,106,09,1,5105,獎補助支出,1453000,11119000
401,10609,106,09,1,,收支餘絀,-9409564,25170273
401,10610,106,10,1,410101,公庫撥入數,246946621,2818622064
401,10610,106,10,1,4103,罰款及賠償收入,154,95430
401,10610,106,10,1,4105,財產收入,216530,6659894
401,10610,106,10,1,4108,其他收入,20355,1143408
401,10610,106,10,1,510101,繳付公庫數,237039,7927732
401,10610,106,10,1,5102,人事支出,170769122,2047457880
401,10610,106,10,1,5103,業務支出,59641880,505682235
401,10610,106,10,1,5104,設備及投資支出,11063654,223691711
401,10610,106,10,1,5105,獎補助支出,1120000,12239000
401,10610,106,10,1,,收支餘絀,4351965,29522238
401,10611,106,11,1,410101,公庫撥入數,263715662,3082337726
401,10611,106,11,1,4103,罰款及賠償收入,0,95430
401,10611,106,11,1,4105,財產收入,70161,6730055
401,10611,106,11,1,4108,其他收入,14241,1157649
401,10611,106,11,1,510101,繳付公庫數,84402,8012134
401,10611,106,11,1,5102,人事支出,169218108,2216675988
401,10611,106,11,1,5103,業務支出,45013586,550695821
401,10611,106,11,1,5104,設備及投資支出,48073030,271764741
401,10611,106,11,1,5105,獎補助支出,1120000,13359000
401,10611,106,11,1,,收支餘絀,290938,29813176
401,10612,106,12,1,410101,公庫撥入數,409203668,3491541394
401,10612,106,12,1,4103,罰款及賠償收入,607562,702992
401,10612,106,12,1,4105,財產收入,378961,7109016
401,10612,106,12,1,4108,其他收入,15882,1173531
401,10612,106,12,1,510101,繳付公庫數,1002405,9014539
401,10612,106,12,1,5102,人事支出,229462711,2446138699
401,10612,106,12,1,5103,業務支出,120170868,670866689
401,10612,106,12,1,5104,設備及投資支出,76973800,348738541
401,10612,106,12,1,5105,獎補助支出,1120000,14479000
401,10612,106,12,1,,收支餘絀,-18523711,11289465
401,10701,107,01,1,410101,公庫撥入數,236047022,236047022
401,10701,107,01,1,4105,財產收入,3053632,3053632
401,10701,107,01,1,4108,其他收入,23000,23000
401,10701,107,01,1,510101,繳付公庫數,3076632,3076632
401,10701,107,01,1,5102,人事支出,224997297,224997297
401,10701,107,01,1,5103,業務支出,6681170,6681170
401,10701,107,01,1,5104,設備及投資支出,245400,245400
401,10701,107,01,1,5105,獎補助支出,1120000,1120000
401,10701,107,01,1,,收支餘絀,3003155,3003155
401,10702,107,02,1,410101,公庫撥入數,451257528,687304550
401,10702,107,02,1,4105,財產收入,1373730,4427362
401,10702,107,02,1,4108,其他收入,231876,254876
401,10702,107,02,1,510101,繳付公庫數,1605606,4682238
401,10702,107,02,1,5102,人事支出,417153528,642150825
401,10702,107,02,1,5103,業務支出,22222615,28903785
401,10702,107,02,1,5104,設備及投資支出,392894,638294
401,10702,107,02,1,5105,獎補助支出,1463000,2583000
401,10702,107,02,1,,收支餘絀,10025491,13028646
401,10703,107,03,1,410101,公庫撥入數,459753383,1147057933
401,10703,107,03,1,4103,罰款及賠償收入,600,600
401,10703,107,03,1,4105,財產收入,1255404,5682766
401,10703,107,03,1,4108,其他收入,13886,268762
401,10703,107,03,1,510101,繳付公庫數,1269890,5952128
401,10703,107,03,1,5102,人事支出,187619863,829770688
401,10703,107,03,1,5103,業務支出,105051218,133955003
401,10703,107,03,1,5104,設備及投資支出,10614159,11252453
401,10703,107,03,1,5105,獎補助支出,1120000,3703000
401,10703,107,03,1,,收支餘絀,155348143,168376789
401,10704,107,04,1,410101,公庫撥入數,255253890,1402311823
401,10704,107,04,1,4103,罰款及賠償收入,1000,1600
401,10704,107,04,1,4105,財產收入,108397,5791163
401,10704,107,04,1,4108,其他收入,15009,283771
401,10704,107,04,1,510101,繳付公庫數,124406,6076534
401,10704,107,04,1,5102,人事支出,191142239,1020912927
401,10704,107,04,1,5103,業務支出,99390485,233345488
401,10704,107,04,1,5104,設備及投資支出,114032169,125284622
401,10704,107,04,1,5105,獎補助支出,1120000,4823000
401,10704,107,04,1,,收支餘絀,-150431003,17945786
401,10706,107,06,1,410101,公庫撥入數,232110624,1849236581
401,10706,107,06,1,4103,罰款及賠償收入,1200,332897
401,10706,107,06,1,4105,財產收入,73820,6270237
401,10706,107,06,1,4108,其他收入,17987,748970
401,10706,107,06,1,510101,繳付公庫數,93007,7352104
401,10706,107,06,1,5102,人事支出,178241993,1382631460
401,10706,107,06,1,5103,業務支出,46682912,286433512
401,10706,107,06,1,5104,設備及投資支出,4256528,143533709
401,10706,107,06,1,5105,獎補助支出,1461000,7404000
401,10706,107,06,1,,收支餘絀,1468191,29233900
401,10707,107,07,1,410101,公庫撥入數,234994742,2084231323
401,10707,107,07,1,4103,罰款及賠償收入,16730,349627
401,10707,107,07,1,4105,財產收入,1828552,8098789
401,10707,107,07,1,4108,其他收入,15118,764088
401,10707,107,07,1,510101,繳付公庫數,1860400,9212504
401,10707,107,07,1,5102,人事支出,171896926,1554528386
401,10707,107,07,1,5103,業務支出,48172456,334605968
401,10707,107,07,1,5104,設備及投資支出,3735560,147269269
401,10707,107,07,1,5105,獎補助支出,1122000,8526000
401,10707,107,07,1,,收支餘絀,10067800,39301700
401,10708,107,08,1,410101,公庫撥入數,221070511,2305301834
401,10708,107,08,1,4103,罰款及賠償收入,897,350524
401,10708,107,08,1,4105,財產收入,63668,8162457
401,10708,107,08,1,4108,其他收入,13932,778020
401,10708,107,08,1,510101,繳付公庫數,78497,9291001
401,10708,107,08,1,5102,人事支出,174874398,1729402784
401,10708,107,08,1,5103,業務支出,42731176,377337144
401,10708,107,08,1,5104,設備及投資支出,11040207,158309476
401,10708,107,08,1,5105,獎補助支出,1120000,9646000
401,10708,107,08,1,,收支餘絀,-8695270,30606430
401,10709,107,09,1,410101,公庫撥入數,266694904,2571996738
401,10709,107,09,1,4103,罰款及賠償收入,23122,373646
401,10709,107,09,1,4105,財產收入,180886,8343343
401,10709,107,09,1,4108,其他收入,23573,801593
401,10709,107,09,1,510101,繳付公庫數,227581,9518582
401,10709,107,09,1,5102,人事支出,189001305,1918404089
401,10709,107,09,1,5103,業務支出,86163992,463501136
401,10709,107,09,1,5104,設備及投資支出,2183423,160492899
401,10709,107,09,1,5105,獎補助支出,1461000,11107000
401,10709,107,09,1,,收支餘絀,-12114816,18491614
401,10710,107,10,1,410101,公庫撥入數,280098970,2852095708
401,10710,107,10,1,4103,罰款及賠償收入,32257,405903
401,10710,107,10,1,4105,財產收入,87278,8430621
401,10710,107,10,1,4108,其他收入,13720,815313
401,10710,107,10,1,510101,繳付公庫數,133255,9651837
401,10710,107,10,1,5102,人事支出,185733187,2104137276
401,10710,107,10,1,5103,業務支出,46296223,509797359
401,10710,107,10,1,5104,設備及投資支出,35428428,195921327
401,10710,107,10,1,5105,獎補助支出,1120000,12227000
401,10710,107,10,1,,收支餘絀,11521132,30012746
401,10711,107,11,1,410101,公庫撥入數,263483573,3115579281
401,10711,107,11,1,4103,罰款及賠償收入,500,406403
401,10711,107,11,1,4105,財產收入,182792,8613413
401,10711,107,11,1,4108,其他收入,14371,829684
401,10711,107,11,1,510101,繳付公庫數,197663,9849500
401,10711,107,11,1,5102,人事支出,189570412,2293707688
401,10711,107,11,1,5103,業務支出,47628777,557426136
401,10711,107,11,1,5104,設備及投資支出,36684140,232605467
401,10711,107,11,1,5105,獎補助支出,1120000,13347000
401,10711,107,11,1,,收支餘絀,-11519756,18492990
401,10712,107,12,1,410101,公庫撥入數,365037874,3480617155
401,10712,107,12,1,4103,罰款及賠償收入,91197,497600
401,10712,107,12,1,4105,財產收入,356977,8970390
401,10712,107,12,1,4108,其他收入,22327,852011
401,10712,107,12,1,510101,繳付公庫數,470501,10320001
401,10712,107,12,1,5102,人事支出,227309285,2521016973
401,10712,107,12,1,5103,業務支出,106415794,663841930
401,10712,107,12,1,5104,設備及投資支出,48485721,281091188
401,10712,107,12,1,5105,獎補助支出,1100000,14447000
401,10712,107,12,1,,收支餘絀,-18272926,220064
401,10801,108,01,1,410101,公庫撥入數,484995828,484995828
401,10801,108,01,1,4105,財產收入,4789977,4789977
401,10801,108,01,1,4108,其他收入,35020,35020
401,10801,108,01,1,510101,繳付公庫數,4824997,4824997
401,10801,108,01,1,5102,人事支出,471373305,471373305
401,10801,108,01,1,5103,業務支出,7462907,7462907
401,10801,108,01,1,5104,設備及投資支出,475500,475500
401,10801,108,01,1,5105,獎補助支出,1413000,1413000
401,10801,108,01,1,,收支餘絀,4271116,4271116
401,10802,108,02,1,410101,公庫撥入數,217718613,702714441
401,10802,108,02,1,4105,財產收入,109062,4899039
401,10802,108,02,1,4108,其他收入,217765,252785
401,10802,108,02,1,510101,繳付公庫數,326827,5151824
401,10802,108,02,1,5102,人事支出,174696447,646069752
401,10802,108,02,1,5103,業務支出,29788671,37251578
401,10802,108,02,1,5104,設備及投資支出,135435,610935
401,10802,108,02,1,5105,獎補助支出,1080000,2493000
401,10802,108,02,1,,收支餘絀,12018060,16289176
401,10803,108,03,1,410101,公庫撥入數,303451414,1006165855
401,10803,108,03,1,4105,財產收入,286226,5185265
401,10803,108,03,1,4108,其他收入,16901,269686
401,10803,108,03,1,510101,繳付公庫數,303127,5454951
401,10803,108,03,1,5102,人事支出,199394464,845464216
401,10803,108,03,1,5103,業務支出,91849658,129101236
401,10803,108,03,1,5104,設備及投資支出,16374228,16985163
401,10803,108,03,1,5105,獎補助支出,1080000,3573000
401,10803,108,03,1,,收支餘絀,-5246936,11042240
401,10804,108,04,1,410101,公庫撥入數,244412210,1250578065
401,10804,108,04,1,4103,罰款及賠償收入,600,600
401,10804,108,04,1,4105,財產收入,947515,6132780
401,10804,108,04,1,4108,其他收入,26367,296053
401,10804,108,04,1,510101,繳付公庫數,974482,6429433
401,10804,108,04,1,5102,人事支出,189188418,1034652634
401,10804,108,04,1,5103,業務支出,47583333,176684569
401,10804,108,04,1,5104,設備及投資支出,9081615,26066778
401,10804,108,04,1,5105,獎補助支出,1120000,4693000
401,10804,108,04,1,,收支餘絀,-2561156,8481084
401,10805,108,05,1,410101,公庫撥入數,258452577,1509030642
401,10805,108,05,1,4103,罰款及賠償收入,1390,1990
401,10805,108,05,1,4105,財產收入,210669,6343449
401,10805,108,05,1,4108,其他收入,36285,332338
401,10805,108,05,1,510101,繳付公庫數,248344,6677777
401,10805,108,05,1,5102,人事支出,186801673,1221454307
401,10805,108,05,1,5103,業務支出,62380693,239065262
401,10805,108,05,1,5104,設備及投資支出,3461289,29528067
401,10805,108,05,1,5105,獎補助支出,1487000,6180000
401,10805,108,05,1,,收支餘絀,4321922,12803006
401,10806,108,06,1,410101,公庫撥入數,232944139,1741974781
401,10806,108,06,1,4103,罰款及賠償收入,2710057,2712047
401,10806,108,06,1,4105,財產收入,1485732,7829181
401,10806,108,06,1,4108,其他收入,422004,754342
401,10806,108,06,1,510101,繳付公庫數,4617793,11295570
401,10806,108,06,1,5102,人事支出,169686784,1391141091
401,10806,108,06,1,5103,業務支出,45747881,284813143
401,10806,108,06,1,5104,設備及投資支出,10591346,40119413
401,10806,108,06,1,5105,獎補助支出,1130000,7310000
401,10806,108,06,1,,收支餘絀,5788128,18591134
401,10807,108,07,1,410101,公庫撥入數,242326024,1984300805
401,10807,108,07,1,4103,罰款及賠償收入,0,2712047
401,10807,108,07,1,4105,財產收入,323271,8152452
401,10807,108,07,1,4108,其他收入,20700,775042
401,10807,108,07,1,510101,繳付公庫數,343971,11639541
401,10807,108,07,1,5102,人事支出,185186432,1576327523
401,10807,108,07,1,5103,業務支出,43399264,328212407
401,10807,108,07,1,5104,設備及投資支出,8655794,48775207
401,10807,108,07,1,5105,獎補助支出,1130000,8440000
401,10807,108,07,1,,收支餘絀,3954534,22545668
401,10808,108,08,1,410101,公庫撥入數,227692399,2211993204
401,10808,108,08,1,4103,罰款及賠償收入,101474,2813521
401,10808,108,08,1,4105,財產收入,52420,8204872
401,10808,108,08,1,4108,其他收入,27608,802650
401,10808,108,08,1,510101,繳付公庫數,181502,11821043
401,10808,108,08,1,5102,人事支出,178331129,1754658652
401,10808,108,08,1,5103,業務支出,39478350,367690757
401,10808,108,08,1,5104,設備及投資支出,6746785,55521992
401,10808,108,08,1,5105,獎補助支出,1120000,9560000
401,10808,108,08,1,,收支餘絀,2016135,24561803
401,10809,108,10,1,410101,公庫撥入數,124638695,2586663208
401,10809,108,10,1,4103,罰款及賠償收入,0,2841102
401,10809,108,10,1,4105,財產收入,44671,8542772
401,10809,108,10,1,4108,其他收入,11903,827242
401,10809,108,10,1,510101,繳付公庫數,56574,12211116
401,10809,108,10,1,5102,人事支出,88614616,2033665203
401,10809,108,10,1,5103,業務支出,19925533,445300565
401,10809,108,10,1,5104,設備及投資支出,28536434,90272709
401,10809,108,10,1,5105,獎補助支出,1110000,12161000
401,10809,108,10,1,,收支餘絀,-13547888,5263731
401,10810,108,10,1,410101,公庫撥入數,272071842,2734096355
401,10810,108,10,1,4103,罰款及賠償收入,5104,2846206
401,10810,108,10,1,4105,財產收入,94871,8592972
401,10810,108,10,1,4108,其他收入,13583,828922
401,10810,108,10,1,510101,繳付公庫數,113558,12268100
401,10810,108,10,1,5102,人事支出,188203418,2133254005
401,10810,108,10,1,5103,業務支出,50893562,476268594
401,10810,108,10,1,5104,設備及投資支出,30546480,92282755
401,10810,108,10,1,5105,獎補助支出,1110000,12161000
401,10810,108,10,1,,收支餘絀,1318382,20130001
401,10811,108,11,1,410101,公庫撥入數,275070090,3009166445
401,10811,108,11,1,4103,罰款及賠償收入,6529,2852735
401,10811,108,11,1,4105,財產收入,44882,8637854
401,10811,108,11,1,4108,其他收入,15582,844504
401,10811,108,11,1,510101,繳付公庫數,66993,12335093
401,10811,108,11,1,5102,人事支出,187683641,2320937646
401,10811,108,11,1,5103,業務支出,74666724,550935318
401,10811,108,11,1,5104,設備及投資支出,11086641,103369396
401,10811,108,11,1,5105,獎補助支出,1110000,13271000
401,10811,108,11,1,,收支餘絀,523084,20653085
401,10812,108,12,1,410101,公庫撥入數,443072196,3452238641
401,10812,108,12,1,4103,罰款及賠償收入,230411,3083146
401,10812,108,12,1,4105,財產收入,335033,8972887
401,10812,108,12,1,4108,其他收入,47506,892010
401,10812,108,12,1,510101,繳付公庫數,612950,12948043
401,10812,108,12,1,5102,人事支出,248226251,2569163897
401,10812,108,12,1,5103,業務支出,122329834,673265152
401,10812,108,12,1,5104,設備及投資支出,92059196,195428592
401,10812,108,12,1,5105,獎補助支出,1110000,14381000
401,10812,108,12,1,,收支餘絀,-20653085,0
401,10901,109,01,1,410101,公庫撥入數,493247557,493247557
401,10901,109,01,1,4105,財產收益,2200137,2200137
401,10901,109,01,1,4107,捐獻及贈與收入,90750,90750
401,10901,109,01,1,4108,其他收入,107551,107551
401,10901,109,01,1,510101,繳付公庫數,2307688,2307688
401,10901,109,01,1,5102,人事支出,483090079,483090079
401,10901,109,01,1,5103,業務支出,4094635,4094635
401,10901,109,01,1,5104,獎補助支出,1509000,1509000
401,10901,109,01,1,5105,財產損失,18802,18802
401,10901,109,01,1,5108,折舊、折耗及攤銷,20886690,20886690
401,10901,109,01,1,,收支餘絀,-16260899,-16260899
401,105,105,12,收入,0,"3,524,671,076"
401,105,105,12,公庫撥入數,"3,478,870,259",0
401,105,105,12,罰款及賠償收入,"7,558,657",0
401,105,105,12,財產收入,"6,464,845",0
401,105,105,12,其他收入,"31,777,315",0
401,105,105,12,支出,0,"3,466,343,199"
401,105,105,12,繳付公庫數,"45,800,817",0
401,105,105,12,人事支出,"2,545,436,047",0
401,105,105,12,業務支出,"664,714,576",0
401,105,105,12,設備及投資支出,"193,301,759",0
401,105,105,12,獎補助支出,"17,090,000",0
401,105,105,12,收支餘絀,0,"58,327,877"
501,105,105,12,收入,0,"2,623,379,463"
501,105,105,12,公庫撥入數,"2,613,993,205",0
501,105,105,12,罰款及賠償收入,"109,873",0
501,105,105,12,規費收入,"1,269,656",0
501,105,105,12,財產收入,"7,617,493",0
501,105,105,12,其他收入,"389,236",0
501,105,105,12,支出,0,"2,576,983,197"
501,105,105,12,繳付公庫數,"9,386,258",0
501,105,105,12,人事支出,"857,760,771",0
501,105,105,12,業務支出,"174,513,248",0
501,105,105,12,設備及投資支出,"408,630,317",0
501,105,105,12,獎補助支出,"1,126,692,603",0
501,105,105,12,收支餘絀,0,"46,396,266"
501,106,106,12,收入,"2,899,640,534","2,623,379,463","276,261,071"
501,106,106,12,公庫撥入數,"2,884,627,577","2,613,993,205","270,634,372"
501,106,106,12,罰款及賠償收入,"231,466","109,873","121,593"
501,106,106,12,規費收入,"1,201,608","1,269,656","-68,048"
501,106,106,12,財產收入,"13,191,477","7,617,493","5,573,984"
501,106,106,12,其他收入,"388,406","389,236",-830
501,106,106,12,支出,"2,888,852,390","2,576,983,197","311,869,193"
501,106,106,12,繳付公庫數,"15,012,957","9,386,258","5,626,699"
501,106,106,12,人事支出,"830,897,376","857,760,771","-26,863,395"
501,106,106,12,業務支出,"203,722,726","174,513,248","29,209,478"
501,106,106,12,設備及投資支出,"552,033,806","408,630,317","143,403,489"
501,106,106,12,獎補助支出,"1,287,185,525","1,126,692,603","160,492,922"
501,106,106,12,收支餘絀,"10,788,144","46,396,266","-35,608,122"
501,107,107,12,收入,"2,828,366,552","2,899,640,534","-71,273,982"
501,107,107,12,公庫撥入數,"2,812,066,652","2,884,627,577","-72,560,925"
501,107,107,12,罰款及賠償收入,"639,299","231,466","407,833"
501,107,107,12,規費收入,"1,199,096","1,201,608","-2,512"
501,107,107,12,財產收入,"14,055,225","13,191,477","863,748"
501,107,107,12,其他收入,"406,280","388,406","17,874"
501,107,107,12,支出,"2,830,128,335","2,888,852,390","-58,724,055"
501,107,107,12,繳付公庫數,"18,648,121","15,012,957","3,635,164"
501,107,107,12,人事支出,"876,034,478","830,897,376","45,137,102"
501,107,107,12,業務支出,"246,556,874","203,722,726","42,834,148"
501,107,107,12,設備及投資支出,"292,540,218","552,033,806","-259,493,588"
501,107,107,12,獎補助支出,"1,396,348,644","1,287,185,525","109,163,119"
501,107,107,12,收支餘絀,"-1,761,783","10,788,144","-12,549,927"
501,108,108,12,收入,"3,156,345,735","2,828,366,552","327,979,183"
501,108,108,12,公庫撥入數,"3,137,711,052","2,812,066,652","325,644,400"
501,108,108,12,罰款及賠償收入,"404,511","639,299","-234,788"
501,108,108,12,規費收入,"1,156,262","1,199,096","-42,834"
501,108,108,12,財產收入,"13,964,909","14,055,225","-90,316"
501,108,108,12,其他收入,"3,109,001","406,280","2,702,721"
501,108,108,12,支出,"3,165,371,126","2,830,128,335","335,242,791"
501,108,108,12,繳付公庫數,"21,384,983","18,648,121","2,736,862"
501,108,108,12,人事支出,"929,288,262","876,034,478","53,253,784"
501,108,108,12,業務支出,"265,273,240","246,556,874","18,716,366"
501,108,108,12,設備及投資支出,"570,907,633","292,540,218","278,367,415"
501,108,108,12,獎補助支出,"1,378,517,008","1,396,348,644","-17,831,636"
501,108,108,12,收支餘絀,"-9,025,391","-1,761,783","-7,263,608"
2001,10501,105,01,1,410101,公庫撥入數,13080451248,13080451248
2001,10501,105,01,1,4103,罰款及賠償收入,2582841,2582841
2001,10501,105,01,1,4104,規費收入,721422,721422
2001,10501,105,01,1,4105,財產收入,25234,25234
2001,10501,105,01,1,4108,其他收入,11114373,11114373
2001,10501,105,01,1,510101,繳付公庫數,14443870,14443870
2001,10501,105,01,1,5102,人事支出,7106825263,7106825263
2001,10501,105,01,1,5103,業務支出,46092974,46092974
2001,10501,105,01,1,5104,設備及投資支出,2976485,2976485
2001,10501,105,01,1,5105,獎補助支出,5699647999,5699647999
2001,10501,105,01,1,,收支餘絀,224908527,224908527
2001,10502,105,02,1,410101,公庫撥入數,10405181346,23485632594
2001,10502,105,02,1,4103,罰款及賠償收入,134029,2716870
2001,10502,105,02,1,4104,規費收入,1725835,2447257
2001,10502,105,02,1,4105,財產收入,3791576,3816810
2001,10502,105,02,1,4108,其他收入,18745643,29860016
2001,10502,105,02,1,510101,繳付公庫數,24397083,38840953
2001,10502,105,02,1,5102,人事支出,1088754324,8195579587
2001,10502,105,02,1,5103,業務支出,111645382,157738356
2001,10502,105,02,1,5104,設備及投資支出,346829714,349806199
2001,10502,105,02,1,5105,獎補助支出,8880263480,14579911479
2001,10502,105,02,1,,收支餘絀,-22311554,202596973
2001,10503,105,03,1,410101,公庫撥入數,10818540470,34304173064
2001,10503,105,03,1,4103,罰款及賠償收入,144871,2861741
2001,10503,105,03,1,4104,規費收入,591635,3038892
2001,10503,105,03,1,4105,財產收入,949363,4766173
2001,10503,105,03,1,4108,其他收入,70743369,100603385
2001,10503,105,03,1,510101,繳付公庫數,72429238,111270191
2001,10503,105,03,1,5102,人事支出,1382168934,9577748521
2001,10503,105,03,1,5103,業務支出,152269785,310008141
2001,10503,105,03,1,5104,設備及投資支出,601876268,951682467
2001,10503,105,03,1,5105,獎補助支出,8666776177,23246687656
2001,10503,105,03,1,,收支餘絀,15449306,218046279
2001,10504,105,04,1,410101,公庫撥入數,7352999977,41657173041
2001,10504,105,04,1,4103,罰款及賠償收入,4780055,7641796
2001,10504,105,04,1,4104,規費收入,1685840,4724732
2001,10504,105,04,1,4105,財產收入,371991,5138164
2001,10504,105,04,1,4108,其他收入,41313087,141916472
2001,10504,105,04,1,510101,繳付公庫數,50566768,161836959
2001,10504,105,04,1,5102,人事支出,341303471,9919051992
2001,10504,105,04,1,5103,業務支出,161606366,471614507
2001,10504,105,04,1,5104,設備及投資支出,600176604,1551859071
2001,10504,105,04,1,5105,獎補助支出,6204770142,29451457798
2001,10504,105,04,1,,收支餘絀,42727599,260773878
2001,10505,105,05,1,410101,公庫撥入數,17366025900,59023198941
2001,10505,105,05,1,4103,罰款及賠償收入,5820684,13462480
2001,10505,105,05,1,4104,規費收入,10185789,14910521
2001,10505,105,05,1,4105,財產收入,310200,5448364
2001,10505,105,05,1,4108,其他收入,42027578,183944050
2001,10505,105,05,1,510101,繳付公庫數,59840292,221677251
2001,10505,105,05,1,5102,人事支出,141423958,10060475950
2001,10505,105,05,1,5103,業務支出,221338716,692953223
2001,10505,105,05,1,5104,設備及投資支出,1695496045,3247355116
2001,10505,105,05,1,5105,獎補助支出,15085116525,44536574323
2001,10505,105,05,1,,收支餘絀,221154615,481928493
2001,10506,105,06,1,410101,公庫撥入數,14994656295,74017855236
2001,10506,105,06,1,4103,罰款及賠償收入,353925,13816405
2001,10506,105,06,1,4104,規費收入,513575,15424096
2001,10506,105,06,1,4105,財產收入,171365,5619729
2001,10506,105,06,1,4108,其他收入,-44030918,139913132
2001,10506,105,06,1,510101,繳付公庫數,28968647,250645898
2001,10506,105,06,1,5102,人事支出,3314217805,13374693755
2001,10506,105,06,1,5103,業務支出,150146339,843099562
2001,10506,105,06,1,5104,設備及投資支出,200477447,3447832563
2001,10506,105,06,1,5105,獎補助支出,11366586342,55903160665
2001,10506,105,06,1,,收支餘絀,-108732338,373196155
2001,10507,105,07,1,410101,公庫撥入數,2536910137,76554765373
2001,10507,105,07,1,4103,罰款及賠償收入,728302,14544707
2001,10507,105,07,1,4104,規費收入,2693449,18117545
2001,10507,105,07,1,4105,財產收入,188258,5807987
2001,10507,105,07,1,4108,其他收入,9658094,149571226
2001,10507,105,07,1,510101,繳付公庫數,23268103,273914001
2001,10507,105,07,1,5102,人事支出,192691506,13567385261
2001,10507,105,07,1,5103,業務支出,144272985,987372547
2001,10507,105,07,1,5104,設備及投資支出,152770792,3600603355
2001,10507,105,07,1,5105,獎補助支出,1988998901,57892159566
2001,10507,105,07,1,,收支餘絀,48175953,421372108
2001,10508,105,08,1,410101,公庫撥入數,16111713099,92666478472
2001,10508,105,08,1,4103,罰款及賠償收入,361395,14906102
2001,10508,105,08,1,4104,規費收入,3125900,21243445
2001,10508,105,08,1,4105,財產收入,466952,6274939
2001,10508,105,08,1,4108,其他收入,17058176,166629402
2001,10508,105,08,1,510101,繳付公庫數,21034294,294948295
2001,10508,105,08,1,5102,人事支出,421300798,13988686059
2001,10508,105,08,1,5103,業務支出,197744538,1185117085
2001,10508,105,08,1,5104,設備及投資支出,1656476413,5257079768
2001,10508,105,08,1,5105,獎補助支出,13840131246,71732290812
2001,10508,105,08,1,,收支餘絀,-3961767,417410341
2001,10509,105,09,1,410101,公庫撥入數,2717217628,95383696100
2001,10509,105,09,1,4103,罰款及賠償收入,319611,15225713
2001,10509,105,09,1,4104,規費收入,1525658,22769103
2001,10509,105,09,1,4105,財產收入,37753,6312692
2001,10509,105,09,1,4108,其他收入,19937588,186566990
2001,10509,105,09,1,510101,繳付公庫數,21820610,316768905
2001,10509,105,09,1,5102,人事支出,142245226,14130931285
2001,10509,105,09,1,5103,業務支出,148336302,1333453387
2001,10509,105,09,1,5104,設備及投資支出,389172050,5646251818
2001,10509,105,09,1,5105,獎補助支出,2014930488,73747221300
2001,10509,105,09,1,,收支餘絀,22533562,439943903
2001,10510,105,10,1,410101,公庫撥入數,3411435062,98795131162
2001,10510,105,10,1,4103,罰款及賠償收入,118820,15344533
2001,10510,105,10,1,4104,規費收入,676981,23446084
2001,10510,105,10,1,4105,財產收入,26324,6339016
2001,10510,105,10,1,4108,其他收入,48265200,234832190
2001,10510,105,10,1,510101,繳付公庫數,50587325,367356230
2001,10510,105,10,1,5102,人事支出,168549196,14299480481
2001,10510,105,10,1,5103,業務支出,115972999,1449426386
2001,10510,105,10,1,5104,設備及投資支出,141048434,5787300252
2001,10510,105,10,1,5105,獎補助支出,2940664100,76687885400
2001,10510,105,10,1,,收支餘絀,43700333,483644236
2001,10511,105,11,1,410101,公庫撥入數,15236920223,114032051385
2001,10511,105,11,1,4103,罰款及賠償收入,201028,15545561
2001,10511,105,11,1,4104,規費收入,2466208,25912292
2001,10511,105,11,1,4105,財產收入,38666,6377682
2001,10511,105,11,1,4108,其他收入,23488403,258320593
2001,10511,105,11,1,510101,繳付公庫數,26194305,393550535
2001,10511,105,11,1,5102,人事支出,194093341,14493573822
2001,10511,105,11,1,5103,業務支出,146342657,1595769043
2001,10511,105,11,1,5104,設備及投資支出,1384102883,7171403135
2001,10511,105,11,1,5105,獎補助支出,13548881336,90236766736
2001,10511,105,11,1,,收支餘絀,-36499994,447144242
2001,10512,105,12,1,410101,公庫撥入數,12180518982,126212570367
2001,10512,105,12,1,4103,罰款及賠償收入,5392760,20938321
2001,10512,105,12,1,4104,規費收入,4210712,30123004
2001,10512,105,12,1,4105,財產收入,4218257,10595939
2001,10512,105,12,1,4108,其他收入,45576731,303897324
2001,10512,105,12,1,510101,繳付公庫數,65487772,459038307
2001,10512,105,12,1,5102,人事支出,117545544,14611119366
2001,10512,105,12,1,5103,業務支出,591811423,2187580466
2001,10512,105,12,1,5104,設備及投資支出,2716031706,9887434841
2001,10512,105,12,1,5105,獎補助支出,9024527167,99261293903
2001,10512,105,12,1,,收支餘絀,-275486170,171658072
2001,10601,106,01,1,410101,公庫撥入數,7062919478,7062919478
2001,10601,106,01,1,4103,罰款及賠償收入,77675,77675
2001,10601,106,01,1,4104,規費收入,199721,199721
2001,10601,106,01,1,4105,財產收入,61224,61224
2001,10601,106,01,1,4108,其他收入,11369045,11369045
2001,10601,106,01,1,510101,繳付公庫數,11707665,11707665
2001,10601,106,01,1,5102,人事支出,5698091090,5698091090
2001,10601,106,01,1,5103,業務支出,14572759,14572759
2001,10601,106,01,1,5104,設備及投資支出,117900,117900
2001,10601,106,01,1,5105,獎補助支出,1178370303,1178370303
2001,10601,106,01,1,,收支餘絀,171767426,171767426
2001,10602,106,02,1,410101,公庫撥入數,9870645728,16933565206
2001,10602,106,02,1,4103,罰款及賠償收入,246294,323969
2001,10602,106,02,1,4104,規費收入,971330,1171051
2001,10602,106,02,1,4105,財產收入,160012,221236
2001,10602,106,02,1,4108,其他收入,24170684,35539729
2001,10602,106,02,1,510101,繳付公庫數,25548320,37255985
2001,10602,106,02,1,5102,人事支出,1219785428,6917876518
2001,10602,106,02,1,5103,業務支出,104141025,118713784
2001,10602,106,02,1,5104,設備及投資支出,84770252,84888152
2001,10602,106,02,1,5105,獎補助支出,8475416007,9653786310
2001,10602,106,02,1,,收支餘絀,-13466984,158300442
2001,10603,106,03,1,410101,公庫撥入數,10442583264,27376148470
2001,10603,106,03,1,4103,罰款及賠償收入,5579399,5903368
2001,10603,106,03,1,4104,規費收入,4503988,5675039
2001,10603,106,03,1,4105,財產收入,452253,673489
2001,10603,106,03,1,4108,其他收入,58973086,94512815
2001,10603,106,03,1,510101,繳付公庫數,74873251,112129236
2001,10603,106,03,1,5102,人事支出,1839261818,8757138336
2001,10603,106,03,1,5103,業務支出,167265117,285978901
2001,10603,106,03,1,5104,設備及投資支出,443994774,528882926
2001,10603,106,03,1,5105,獎補助支出,7966779096,17620565406
2001,10603,106,03,1,,收支餘絀,19917934,178218376
2001,10604,106,04,1,410101,公庫撥入數,11905713081,39281861551
2001,10604,106,04,1,4103,罰款及賠償收入,540037,6443405
2001,10604,106,04,1,4104,規費收入,918194,6593233
2001,10604,106,04,1,4105,財產收入,76424,749913
2001,10604,106,04,1,4108,其他收入,42507280,137020095
2001,10604,106,04,1,510101,繳付公庫數,44117709,156246945
2001,10604,106,04,1,5102,人事支出,265536243,9022674579
2001,10604,106,04,1,5103,業務支出,158138615,444117516
2001,10604,106,04,1,5104,設備及投資支出,846882307,1375765233
2001,10604,106,04,1,5105,獎補助支出,10644687460,28265252866
2001,10604,106,04,1,,收支餘絀,-9607318,168611058
2001,10605,106,05,1,410101,公庫撥入數,7875714906,47157576457
2001,10605,106,05,1,4103,罰款及賠償收入,4331398,10774803
2001,10605,106,05,1,4104,規費收入,1465240,8058473
2001,10605,106,05,1,4105,財產收入,9066,758979
2001,10605,106,05,1,4108,其他收入,60307522,197327617
2001,10605,106,05,1,510101,繳付公庫數,76113226,232360171
2001,10605,106,05,1,5102,人事支出,122734916,9145409495
2001,10605,106,05,1,5103,業務支出,251138711,695256227
2001,10605,106,05,1,5104,設備及投資支出,492284915,1868050148
2001,10605,106,05,1,5105,獎補助支出,6899497745,35164750611
2001,10605,106,05,1,,收支餘絀,100058619,268669677
2001,10606,106,06,1,410101,公庫撥入數,24723300181,71880876638
2001,10606,106,06,1,4103,罰款及賠償收入,1443802,12218605
2001,10606,106,06,1,4104,規費收入,9535660,17594133
2001,10606,106,06,1,4105,財產收入,241050,1000029
2001,10606,106,06,1,4108,其他收入,-40545234,156782383
2001,10606,106,06,1,510101,繳付公庫數,50134198,282494369
2001,10606,106,06,1,5102,人事支出,4058587654,13203997149
2001,10606,106,06,1,5103,業務支出,181936916,877193143
2001,10606,106,06,1,5104,設備及投資支出,602487919,2470538067
2001,10606,106,06,1,5105,獎補助支出,19909518181,55074268792
2001,10606,106,06,1,,收支餘絀,-108689409,159980268
2001,10607,106,07,1,410101,公庫撥入數,3149910942,75030787580
2001,10607,106,07,1,4103,罰款及賠償收入,863272,13081877
2001,10607,106,07,1,4104,規費收入,293833,17887966
2001,10607,106,07,1,4105,財產收入,147683,1147712
2001,10607,106,07,1,4108,其他收入,14463919,171246302
2001,10607,106,07,1,510101,繳付公庫數,15768707,298263076
2001,10607,106,07,1,5102,人事支出,210258236,13414255385
2001,10607,106,07,1,5103,業務支出,130452539,1007645682
2001,10607,106,07,1,5104,設備及投資支出,314520779,2785058846
2001,10607,106,07,1,5105,獎補助支出,2422351007,57496619799
2001,10607,106,07,1,,收支餘絀,72328381,232308649
2001,10608,106,08,1,410101,公庫撥入數,4332646810,79363434390
2001,10608,106,08,1,4103,罰款及賠償收入,519599,13601476
2001,10608,106,08,1,4104,規費收入,9775112,27663078
2001,10608,106,08,1,4105,財產收入,4019475,5167187
2001,10608,106,08,1,4108,其他收入,40793044,212039346
2001,10608,106,08,1,510101,繳付公庫數,83096070,381359146
2001,10608,106,08,1,5102,人事支出,1400974767,14815230152
2001,10608,106,08,1,5103,業務支出,187513503,1195159185
2001,10608,106,08,1,5104,設備及投資支出,486568904,3271627750
2001,10608,106,08,1,5105,獎補助支出,2255449948,59752069747
2001,10608,106,08,1,,收支餘絀,-25849152,206459497
2001,10609,106,09,1,410101,公庫撥入數,16685560445,96048994835
2001,10609,106,09,1,4103,罰款及賠償收入,1403672,15005148
2001,10609,106,09,1,4104,規費收入,3442685,31105763
2001,10609,106,09,1,4105,財產收入,0,5167187
2001,10609,106,09,1,4108,其他收入,40809560,252848906
2001,10609,106,09,1,510101,繳付公庫數,45655917,427015063
2001,10609,106,09,1,5102,人事支出,1099910219,15915140371
2001,10609,106,09,1,5103,業務支出,180251427,1375410612
2001,10609,106,09,1,5104,設備及投資支出,1185325795,4456953545
2001,10609,106,09,1,5105,獎補助支出,14198681391,73950751138
2001,10609,106,09,1,,收支餘絀,21391613,227851110
2001,10610,106,10,1,410101,公庫撥入數,3666309849,99715304684
2001,10610,106,10,1,4103,罰款及賠償收入,3683826,18688974
2001,10610,106,10,1,4104,規費收入,214918,31320681
2001,10610,106,10,1,4105,財產收入,69860,5237047
2001,10610,106,10,1,4108,其他收入,32697228,285546134
2001,10610,106,10,1,510101,繳付公庫數,36665832,463680895
2001,10610,106,10,1,5102,人事支出,118896295,16034036666
2001,10610,106,10,1,5103,業務支出,144516039,1519926651
2001,10610,106,10,1,5104,設備及投資支出,618520990,5075474535
2001,10610,106,10,1,5105,獎補助支出,2832578657,76783329795
2001,10610,106,10,1,,收支餘絀,-48202132,179648978
2001,10611,106,11,1,410101,公庫撥入數,7505641669,107220946353
2001,10611,106,11,1,4103,罰款及賠償收入,711996,19400970
2001,10611,106,11,1,4104,規費收入,1150600,32471281
2001,10611,106,11,1,4105,財產收入,184266,5421313
2001,10611,106,11,1,4108,其他收入,267465077,553011211
2001,10611,106,11,1,510101,繳付公庫數,270623224,734304119
2001,10611,106,11,1,5102,人事支出,27196153,16061232819
2001,10611,106,11,1,5103,業務支出,234815459,1754742110
2001,10611,106,11,1,5104,設備及投資支出,2842502605,7917977140
2001,10611,106,11,1,5105,獎補助支出,4480956022,81264285817
2001,10611,106,11,1,,收支餘絀,-80939855,98709123
2001,10612,106,12,1,410101,公庫撥入數,22275887408,129496833761
2001,10612,106,12,1,4103,罰款及賠償收入,4796565,24197535
2001,10612,106,12,1,4104,規費收入,3593676,36064957
2001,10612,106,12,1,4105,財產收入,660999,6082312
2001,10612,106,12,1,4108,其他收入,44332474,597343685
2001,10612,106,12,1,510101,繳付公庫數,85184418,819488537
2001,10612,106,12,1,5102,人事支出,61202018,16122434837
2001,10612,106,12,1,5103,業務支出,608591761,2363333871
2001,10612,106,12,1,5104,設備及投資支出,4505167653,12423144793
2001,10612,106,12,1,5105,獎補助支出,18629420507,99893706324
2001,10612,106,12,1,,收支餘絀,-1560295235,-1461586112
2001,10701,107,01,1,410101,公庫撥入數,5506009673,5506009673
2001,10701,107,01,1,4103,罰款及賠償收入,259241,259241
2001,10701,107,01,1,4104,規費收入,422769,422769
2001,10701,107,01,1,4105,財產收入,126424,126424
2001,10701,107,01,1,4108,其他收入,16711245,16711245
2001,10701,107,01,1,510101,繳付公庫數,13899426,13899426
2001,10701,107,01,1,5102,人事支出,4064835476,4064835476
2001,10701,107,01,1,5103,業務支出,48737523,48737523
2001,10701,107,01,1,5104,設備及投資支出,12326726,12326726
2001,10701,107,01,1,5105,獎補助支出,1260768187,1260768187
2001,10701,107,01,1,,收支餘絀,122962014,122962014
2001,10702,107,02,1,410101,公庫撥入數,9018078034,14524087707
2001,10702,107,02,1,4103,罰款及賠償收入,788791,1048032
2001,10702,107,02,1,4104,規費收入,1225113,1647882
2001,10702,107,02,1,4105,財產收入,4325,130749
2001,10702,107,02,1,4108,其他收入,42923067,59634312
2001,10702,107,02,1,510101,繳付公庫數,45081296,58980722
2001,10702,107,02,1,5102,人事支出,214448111,4279283587
2001,10702,107,02,1,5103,業務支出,106005785,154743308
2001,10702,107,02,1,5104,設備及投資支出,122404463,134731189
2001,10702,107,02,1,5105,獎補助支出,8550495594,9811263781
2001,10702,107,02,1,,收支餘絀,24584081,147546095
2001,10703,107,03,1,410101,公庫撥入數,7427265060,21951352767
2001,10703,107,03,1,4103,罰款及賠償收入,7613519,8661551
2001,10703,107,03,1,4104,規費收入,4611422,6259304
2001,10703,107,03,1,4105,財產收入,922726,1053475
2001,10703,107,03,1,4108,其他收入,136307551,195941863
2001,10703,107,03,1,510101,繳付公庫數,301062613,360043335
2001,10703,107,03,1,5102,人事支出,368762062,4648045649
2001,10703,107,03,1,5103,業務支出,283478519,438221827
2001,10703,107,03,1,5104,設備及投資支出,184043702,318774891
2001,10703,107,03,1,5105,獎補助支出,6581901705,16393165486
2001,10703,107,03,1,,收支餘絀,-142528323,5017772
2001,10704,107,04,1,410101,公庫撥入數,9374833820,31326186587
2001,10704,107,04,1,4103,罰款及賠償收入,477950,9139501
2001,10704,107,04,1,4104,規費收入,1010503,7269807
2001,10704,107,04,1,4105,財產收入,224040,1277515
2001,10704,107,04,1,4108,其他收入,53428886,249370749
2001,10704,107,04,1,510101,繳付公庫數,55649422,415692757
2001,10704,107,04,1,5102,人事支出,275442639,4923488288
2001,10704,107,04,1,5103,業務支出,143773631,581995458
2001,10704,107,04,1,5104,設備及投資支出,585311815,904086706
2001,10704,107,04,1,5105,獎補助支出,8406271893,24799437379
2001,10704,107,04,1,,收支餘絀,-36474201,-31456429
2001,10705,107,05,1,410101,公庫撥入數,9603265136,40929451723
2001,10705,107,05,1,4103,罰款及賠償收入,824026,9963527
2001,10705,107,05,1,4104,規費收入,12361628,19631435
2001,10705,107,05,1,4105,財產收入,6400,1283915
2001,10705,107,05,1,4108,其他收入,94102570,343473319
2001,10705,107,05,1,510101,繳付公庫數,109944657,525637414
2001,10705,107,05,1,5102,人事支出,525014928,5448503216
2001,10705,107,05,1,5103,業務支出,147390113,729385571
2001,10705,107,05,1,5104,設備及投資支出,576240147,1480326853
2001,10705,107,05,1,5105,獎補助支出,8256088141,33055525520
2001,10705,107,05,1,,收支餘絀,95881774,64425345
2001,10706,107,06,1,410101,公庫撥入數,21554042568,62483494291
2001,10706,107,06,1,4103,罰款及賠償收入,36518,10000045
2001,10706,107,06,1,4104,規費收入,218361,19849796
2001,10706,107,06,1,4105,財產收入,20150,1304065
2001,10706,107,06,1,4108,其他收入,-75539390,267933929
2001,10706,107,06,1,510101,繳付公庫數,84283944,609921358
2001,10706,107,06,1,5102,人事支出,4621364249,10069867465
2001,10706,107,06,1,5103,業務支出,161712030,891097601
2001,10706,107,06,1,5104,設備及投資支出,649168371,2129495224
2001,10706,107,06,1,5105,獎補助支出,16133112989,49188638509
2001,10706,107,06,1,,收支餘絀,-170863376,-106438031
2001,10707,107,07,1,410101,公庫撥入數,8381996463,70865490754
2001,10707,107,07,1,4103,罰款及賠償收入,58236,10058281
2001,10707,107,07,1,4104,規費收入,671785,20521581
2001,10707,107,07,1,4105,財產收入,587484,1891549
2001,10707,107,07,1,4108,其他收入,35078726,303012655
2001,10707,107,07,1,510101,繳付公庫數,40719248,650640606
2001,10707,107,07,1,5102,人事支出,680524816,10750392281
2001,10707,107,07,1,5103,業務支出,231826674,1122924275
2001,10707,107,07,1,5104,設備及投資支出,235689718,2365184942
2001,10707,107,07,1,5105,獎補助支出,7178043220,56366681729
2001,10707,107,07,1,,收支餘絀,51589018,-54849013
2001,10708,107,08,1,410101,公庫撥入數,3236472841,74101963595
2001,10708,107,08,1,4103,罰款及賠償收入,1840804,11899085
2001,10708,107,08,1,4104,規費收入,2859941,23381522
2001,10708,107,08,1,4105,財產收入,41105,1932654
2001,10708,107,08,1,4108,其他收入,30788976,333801631
2001,10708,107,08,1,510101,繳付公庫數,36182821,686823427
2001,10708,107,08,1,5102,人事支出,475090002,11225482283
2001,10708,107,08,1,5103,業務支出,261773911,1384698186
2001,10708,107,08,1,5104,設備及投資支出,312854908,2678039850
2001,10708,107,08,1,5105,獎補助支出,2206924739,58573606468
2001,10708,107,08,1,,收支餘絀,-20822714,-75671727
2001,10709,107,09,1,410101,公庫撥入數,18074436852,92176400447
2001,10709,107,09,1,4103,罰款及賠償收入,3853853,15752938
2001,10709,107,09,1,4104,規費收入,7047079,30428601
2001,10709,107,09,1,4105,財產收入,-483718,1448936
2001,10709,107,09,1,4108,其他收入,36542449,370344080
2001,10709,107,09,1,510101,繳付公庫數,48941104,735764531
2001,10709,107,09,1,5102,人事支出,524492111,11749974394
2001,10709,107,09,1,5103,業務支出,126891726,1511589912
2001,10709,107,09,1,5104,設備及投資支出,1051503132,3729542982
2001,10709,107,09,1,5105,獎補助支出,16366220677,74939827145
2001,10709,107,09,1,,收支餘絀,3347765,-72323962
2001,10710,107,10,1,410101,公庫撥入數,6248160837,98424561284
2001,10710,107,10,1,4103,罰款及賠償收入,3108320,18861258
2001,10710,107,10,1,4104,規費收入,380306,30808907
2001,10710,107,10,1,4105,財產收入,192150,1641086
2001,10710,107,10,1,4108,其他收入,40411977,410756057
2001,10710,107,10,1,510101,繳付公庫數,46831346,782595877
2001,10710,107,10,1,5102,人事支出,1040994868,12790969262
2001,10710,107,10,1,5103,業務支出,210694300,1722284212
2001,10710,107,10,1,5104,設備及投資支出,743993778,4473536760
2001,10710,107,10,1,5105,獎補助支出,4337510703,79277337848
2001,10710,107,10,1,,收支餘絀,-87771405,-160095367
2001,10711,107,11,1,410101,公庫撥入數,5001052388,103425613672
2001,10711,107,11,1,4103,罰款及賠償收入,2876530,21737788
2001,10711,107,11,1,4104,規費收入,893573,31702480
2001,10711,107,11,1,4105,財產收入,284777,1925863
2001,10711,107,11,1,4108,其他收入,34190050,444946107
2001,10711,107,11,1,510101,繳付公庫數,38928463,821524340
2001,10711,107,11,1,5102,人事支出,508396826,13299366088
2001,10711,107,11,1,5103,業務支出,194458655,1916742867
2001,10711,107,11,1,5104,設備及投資支出,551601817,5025138577
2001,10711,107,11,1,5105,獎補助支出,3872906385,83150244233
2001,10711,107,11,1,,收支餘絀,-126994828,-287090195
2001,10712,107,12,1,410101,公庫撥入數,22356480414,125782094086
2001,10712,107,12,1,4103,罰款及賠償收入,4245043,25982831
2001,10712,107,12,1,4104,規費收入,2026996,33729476
2001,10712,107,12,1,4105,財產收入,16200372,18126235
2001,10712,107,12,1,4108,其他收入,53864142,498810249
2001,10712,107,12,1,510101,繳付公庫數,79105545,900629885
2001,10712,107,12,1,5102,人事支出,1227947170,14527313258
2001,10712,107,12,1,5103,業務支出,602049288,2518792155
2001,10712,107,12,1,5104,設備及投資支出,2243437502,7268576079
2001,10712,107,12,1,5105,獎補助支出,18948498298,102098742531
2001,10712,107,12,1,,收支餘絀,-668220836,-955311031
2001,10801,108,01,1,410101,公庫撥入數,6168091016,6168091016
2001,10801,108,01,1,4103,罰款及賠償收入,1057879,1057879
2001,10801,108,01,1,4104,規費收入,282149,282149
2001,10801,108,01,1,4105,財產收入,63616,63616
2001,10801,108,01,1,4108,其他收入,116992048,116992048
2001,10801,108,01,1,510101,繳付公庫數,118653238,118653238
2001,10801,108,01,1,5102,人事支出,4169814109,4169814109
2001,10801,108,01,1,5103,業務支出,124781574,124781574
2001,10801,108,01,1,5104,設備及投資支出,33164622,33164622
2001,10801,108,01,1,5105,獎補助支出,1736997806,1736997806
2001,10801,108,01,1,,收支餘絀,103075359,103075359
2001,10802,108,04,1,410101,公庫撥入數,1717849261,28612840789
2001,10802,108,04,1,4103,罰款及賠償收入,0,1325274
2001,10802,108,04,1,4104,規費收入,15120,5925647
2001,10802,108,04,1,4105,財產收入,0,1565730
2001,10802,108,04,1,4108,其他收入,0,315803866
2001,10802,108,04,1,510101,繳付公庫數,15120,395466240
2001,10802,108,04,1,5102,人事支出,3583430,4599886503
2001,10802,108,04,1,5103,業務支出,22854556,474904075
2001,10802,108,04,1,5104,設備及投資支出,226001000,1067527969
2001,10802,108,04,1,5105,獎補助支出,1446164378,22200463336
2001,10802,108,04,1,,收支餘絀,19245897,199213183
2001,10803,108,03,1,410101,公庫撥入數,10516806473,26894991528
2001,10803,108,03,1,4103,罰款及賠償收入,211461,1325274
2001,10803,108,03,1,4104,規費收入,1497960,5910527
2001,10803,108,03,1,4105,財產收入,1499575,1565730
2001,10803,108,03,1,4108,其他收入,101470437,315803866
2001,10803,108,03,1,510101,繳付公庫數,175267610,395451120
2001,10803,108,03,1,5102,人事支出,359609733,4596303073
2001,10803,108,03,1,5103,業務支出,191768070,452049519
2001,10803,108,03,1,5104,設備及投資支出,545001862,841526969
2001,10803,108,03,1,5105,獎補助支出,9329644868,20754298958
2001,10803,108,03,1,,收支餘絀,20193763,179967286
2001,10804,108,04,1,410101,公庫撥入數,7963560099,34858551627
2001,10804,108,04,1,4103,罰款及賠償收入,2267578,3592852
2001,10804,108,04,1,4104,規費收入,953125,6863652
2001,10804,108,04,1,4105,財產收入,128454,1694184
2001,10804,108,04,1,4108,其他收入,74054318,389858184
2001,10804,108,04,1,510101,繳付公庫數,76696561,472147681
2001,10804,108,04,1,5102,人事支出,50048455,4646351528
2001,10804,108,04,1,5103,業務支出,208251978,660301497
2001,10804,108,04,1,5104,設備及投資支出,421315087,1262842056
2001,10804,108,04,1,5105,獎補助支出,7262328895,28016627853
2001,10804,108,04,1,,收支餘絀,22322598,202289884
2001,10805,108,05,1,410101,公庫撥入數,5215239868,40073791495
2001,10805,108,05,1,4103,罰款及賠償收入,513271,4106123
2001,10805,108,05,1,4104,規費收入,8299305,15162957
2001,10805,108,05,1,4105,財產收入,156800,1850984
2001,10805,108,05,1,4108,其他收入,68373559,458231743
2001,10805,108,05,1,510101,繳付公庫數,76893068,549040749
2001,10805,108,05,1,5102,人事支出,52695281,4699046809
2001,10805,108,05,1,5103,業務支出,244013154,904314651
2001,10805,108,05,1,5104,設備及投資支出,131127046,1393969102
2001,10805,108,05,1,5105,獎補助支出,4762306175,32778934028
2001,10805,108,05,1,,收支餘絀,25548079,227837963
2001,10806,108,06,1,410101,公庫撥入數,23966006221,64039797716
2001,10806,108,06,1,4103,罰款及賠償收入,4716965,8823088
2001,10806,108,06,1,4104,規費收入,324055,15487012
2001,10806,108,06,1,4105,財產收入,0,1850984
2001,10806,108,06,1,4108,其他收入,93338554,551570297
2001,10806,108,06,1,510101,繳付公庫數,98379574,647420323
2001,10806,108,06,1,5102,人事支出,3998042173,8697088982
2001,10806,108,06,1,5103,業務支出,160085807,1064400458
2001,10806,108,06,1,5104,設備及投資支出,653096792,2047065894
2001,10806,108,06,1,5105,獎補助支出,19130606934,51909540962
2001,10806,108,06,1,,收支餘絀,24174515,252012478
2001,10807,108,07,1,410101,公庫撥入數,5408217740,69448015456
2001,10807,108,07,1,4103,罰款及賠償收入,674077,9497165
2001,10807,108,07,1,4104,規費收入,3760029,19247041
2001,10807,108,07,1,4105,財產收入,380304,2231288
2001,10807,108,07,1,4108,其他收入,-141163007,410407290
2001,10807,108,07,1,510101,繳付公庫數,43770100,691190423
2001,10807,108,07,1,5102,人事支出,1215696021,9912785003
2001,10807,108,07,1,5103,業務支出,249272450,1313672908
2001,10807,108,07,1,5104,設備及投資支出,495105394,2542171288
2001,10807,108,07,1,5105,獎補助支出,3421785005,55331325967
2001,10807,108,07,1,,收支餘絀,-153759827,98252651
2001,10808,108,08,1,410101,公庫撥入數,3923189787,73371205243
2001,10808,108,08,1,4103,罰款及賠償收入,1580883,11078048
2001,10808,108,08,1,4104,規費收入,11414899,30661940
2001,10808,108,08,1,4105,財產收入,154426,2385714
2001,10808,108,08,1,4108,其他收入,31735254,442142544
2001,10808,108,08,1,510101,繳付公庫數,44885462,736075885
2001,10808,108,08,1,5102,人事支出,364439079,10277224082
2001,10808,108,08,1,5103,業務支出,193514617,1507187525
2001,10808,108,08,1,5104,設備及投資支出,329061869,2871233157
2001,10808,108,08,1,5105,獎補助支出,3060297135,58391623102
2001,10808,108,08,1,,收支餘絀,-24122913,74129738
2001,10809,108,09,1,410101,公庫撥入數,17296793811,90667999054
2001,10809,108,09,1,4103,罰款及賠償收入,8277848,19355896
2001,10809,108,09,1,4104,規費收入,19438716,50100656
2001,10809,108,09,1,4105,財產收入,0,2385714
2001,10809,108,09,1,4108,其他收入,47394427,489536971
2001,10809,108,09,1,510101,繳付公庫數,75110991,811186876
2001,10809,108,09,1,5102,人事支出,483870839,10761094921
2001,10809,108,09,1,5103,業務支出,195119779,1702307304
2001,10809,108,09,1,5104,設備及投資支出,1084852690,3956085847
2001,10809,108,09,1,5105,獎補助支出,15538352739,73929975841
2001,10809,108,09,1,,收支餘絀,-5402236,68727502
2001,10810,108,10,1,410101,公庫撥入數,6234692896,96902691950
2001,10810,108,10,1,4103,罰款及賠償收入,6250746,25606642
2001,10810,108,10,1,4104,規費收入,151029,50251685
2001,10810,108,10,1,4105,財產收入,12997118,15382832
2001,10810,108,10,1,4108,其他收入,39492281,529029252
2001,10810,108,10,1,510101,繳付公庫數,58891174,870078050
2001,10810,108,10,1,5102,人事支出,1491598425,12252693346
2001,10810,108,10,1,5103,業務支出,155318492,1857625796
2001,10810,108,10,1,5104,設備及投資支出,1057229905,5013315752
2001,10810,108,10,1,5105,獎補助支出,3522363269,77452339110
2001,10810,108,10,1,,收支餘絀,8182805,76910307
2001,10811,108,11,1,410101,公庫撥入數,5758980254,102661672204
2001,10811,108,11,1,4103,罰款及賠償收入,6947891,32554533
2001,10811,108,11,1,4104,規費收入,1158333,51410018
2001,10811,108,11,1,4105,財產收入,146811,15529643
2001,10811,108,11,1,4108,其他收入,108424095,637453347
2001,10811,108,11,1,510101,繳付公庫數,116777651,986855701
2001,10811,108,11,1,5102,人事支出,306199033,12558892379
2001,10811,108,11,1,5103,業務支出,212894362,2070520158
2001,10811,108,11,1,5104,設備及投資支出,745538606,5758854358
2001,10811,108,11,1,5105,獎補助支出,4520581328,81972920438
2001,10811,108,11,1,,收支餘絀,-26333596,50576711
2001,10812,108,12,1,410101,公庫撥入數,22583638917,125245311121
2001,10812,108,12,1,4103,罰款及賠償收入,6448754,39003287
2001,10812,108,12,1,4104,規費收入,3423772,54833790
2001,10812,108,12,1,4105,財產收入,11893560,27423203
2001,10812,108,12,1,4108,其他收入,80181154,717634501
2001,10812,108,12,1,510101,繳付公庫數,90690438,1077546139
2001,10812,108,12,1,5102,人事支出,1170924650,13729817029
2001,10812,108,12,1,5103,業務支出,581984450,2652504608
2001,10812,108,12,1,5104,設備及投資支出,2395040253,8153894611
2001,10812,108,12,1,5105,獎補助支出,19152684185,101125604623
2001,10812,108,12,1,,收支餘絀,-705737819,-655161108
