id,time,會計年度,月份,會計分類,會計科目編號,會計科目名稱,金額
201,10506,105,06,2,1401,土地,2991282878
201,10506,105,06,2,1404,房屋建築及設備,25711107
201,10506,105,06,2,1405,機械及設備,22739739
201,10506,105,06,2,1406,交通及運輸設備,34046982
201,10506,105,06,2,1407,雜項設備,22915879
201,10506,105,06,2,1410,收藏品及傳承資產,3667787572
201,10506,105,06,2,1601,無形資產,34817868
201,10506,105,06,2,3601,資本資產總額,6799302025
201,10507,105,07,2,1401,土地,2991282878
201,10507,105,07,2,1404,房屋建築及設備,25542855
201,10507,105,07,2,1405,機械及設備,21995482
201,10507,105,07,2,1406,交通及運輸設備,33480910
201,10507,105,07,2,1407,雜項設備,22940342
201,10507,105,07,2,1410,收藏品及傳承資產,3667787572
201,10507,105,07,2,1601,無形資產,34852719
201,10507,105,07,2,3601,資本資產總額,6797882758
201,10508,105,08,2,1401,土地,2991282878
201,10508,105,08,2,1404,房屋建築及設備,25374603
201,10508,105,08,2,1405,機械及設備,22498328
201,10508,105,08,2,1406,交通及運輸設備,32896456
201,10508,105,08,2,1407,雜項設備,22756573
201,10508,105,08,2,1410,收藏品及傳承資產,3667787572
201,10508,105,08,2,1601,無形資產,34665693
201,10508,105,08,2,3601,資本資產總額,6797262103
201,10509,105,09,2,1401,土地,2991282878
201,10509,105,09,2,1404,房屋建築及設備,25206351
201,10509,105,09,2,1405,機械及設備,23277422
201,10509,105,09,2,1406,交通及運輸設備,32316804
201,10509,105,09,2,1407,雜項設備,22665614
201,10509,105,09,2,1410,收藏品及傳承資產,3667787572
201,10509,105,09,2,1601,無形資產,34110604
201,10509,105,09,2,3601,資本資產總額,6796647245
201,10510,105,10,2,1401,土地,2991282878
201,10510,105,10,2,1404,房屋建築及設備,25015744
201,10510,105,10,2,1405,機械及設備,22723834
201,10510,105,10,2,1406,交通及運輸設備,48854652
201,10510,105,10,2,1407,雜項設備,22614012
201,10510,105,10,2,1410,收藏品及傳承資產,3667787572
201,10510,105,10,2,1601,無形資產,33556956
201,10510,105,10,2,3601,資本資產總額,6811835648
201,10511,105,11,2,1401,土地,3769167687
201,10511,105,11,2,1404,房屋建築及設備,24847769
201,10511,105,11,2,1405,機械及設備,22671163
201,10511,105,11,2,1406,交通及運輸設備,49046137
201,10511,105,11,2,1407,雜項設備,31626964
201,10511,105,11,2,1410,收藏品及傳承資產,3768088072
201,10511,105,11,2,1601,無形資產,35178218
201,10511,105,11,2,3601,資本資產總額,7700626010
201,10512,105,12,2,1401,土地,3769167687
201,10512,105,12,2,1404,房屋建築及設備,24679794
201,10512,105,12,2,1405,機械及設備,28388642
201,10512,105,12,2,1406,交通及運輸設備,48362542
201,10512,105,12,2,1407,雜項設備,32094569
201,10512,105,12,2,1410,收藏品及傳承資產,3768088072
201,10512,105,12,2,1601,無形資產,34828402
201,10512,105,12,2,3601,資本資產總額,7705609708
201,10601,106,01,2,1401,土地,3769167687
201,10601,106,01,2,1404,房屋建築及設備,24511819
201,10601,106,01,2,1405,機械及設備,27636562
201,10601,106,01,2,1406,交通及運輸設備,47597491
201,10601,106,01,2,1407,雜項設備,31700310
201,10601,106,01,2,1410,收藏品及傳承資產,3768088072
201,10601,106,01,2,1601,無形資產,34250934
201,10601,106,01,2,3601,資本資產總額,7702952875
201,10602,106,02,2,1401,土地,3769167687
201,10602,106,02,2,1404,房屋建築及設備,24343844
201,10602,106,02,2,1405,機械及設備,26897369
201,10602,106,02,2,1406,交通及運輸設備,46828397
201,10602,106,02,2,1407,雜項設備,31131766
201,10602,106,02,2,1410,收藏品及傳承資產,3768088072
201,10602,106,02,2,1601,無形資產,33673466
201,10602,106,02,2,3601,資本資產總額,7700130601
201,10603,106,03,2,1401,土地,3769167687
201,10603,106,03,2,1404,房屋建築及設備,24175869
201,10603,106,03,2,1405,機械及設備,26273383
201,10603,106,03,2,1406,交通及運輸設備,46129849
201,10603,106,03,2,1407,雜項設備,30859860
201,10603,106,03,2,1410,收藏品及傳承資產,3768088072
201,10603,106,03,2,1601,無形資產,33095998
201,10603,106,03,2,3601,資本資產總額,7697790718
201,10604,106,04,2,1401,土地,3769167687
201,10604,106,04,2,1404,房屋建築及設備,24007894
201,10604,106,04,2,1405,機械及設備,25699925
201,10604,106,04,2,1406,交通及運輸設備,45392649
201,10604,106,04,2,1407,雜項設備,30362730
201,10604,106,04,2,1410,收藏品及傳承資產,3768088072
201,10604,106,04,2,1601,無形資產,32583655
201,10604,106,04,2,3601,資本資產總額,7695302612
201,10605,106,05,2,1401,土地,3762570923
201,10605,106,05,2,1404,房屋建築及設備,22895135
201,10605,106,05,2,1405,機械及設備,24940397
201,10605,106,05,2,1406,交通及運輸設備,44679432
201,10605,106,05,2,1407,雜項設備,29791850
201,10605,106,05,2,1410,收藏品及傳承資產,3768088072
201,10605,106,05,2,1601,無形資產,32005650
201,10605,106,05,2,3601,資本資產總額,7684971459
201,10606,106,06,2,1401,土地,3762570923
201,10606,106,06,2,1404,房屋建築及設備,22734270
201,10606,106,06,2,1405,機械及設備,24236073
201,10606,106,06,2,1406,交通及運輸設備,44071495
201,10606,106,06,2,1407,雜項設備,29572041
201,10606,106,06,2,1410,收藏品及傳承資產,3768088072
201,10606,106,06,2,1601,無形資產,31602640
201,10606,106,06,2,3601,資本資產總額,7682875514
201,10607,106,07,2,1401,土地,3762570923
201,10607,106,07,2,1404,房屋建築及設備,22573405
201,10607,106,07,2,1405,機械及設備,23940027
201,10607,106,07,2,1406,交通及運輸設備,43349704
201,10607,106,07,2,1407,雜項設備,29428544
201,10607,106,07,2,1410,收藏品及傳承資產,3768088072
201,10607,106,07,2,1601,無形資產,31012322
201,10607,106,07,2,3601,資本資產總額,7680962997
201,10608,106,08,2,1401,土地,3803806730
201,10608,106,08,2,1404,房屋建築及設備,22909849
201,10608,106,08,2,1405,機械及設備,23306288
201,10608,106,08,2,1406,交通及運輸設備,44595091
201,10608,106,08,2,1407,雜項設備,28899790
201,10608,106,08,2,1410,收藏品及傳承資產,3768088072
201,10608,106,08,2,1601,無形資產,30422194
201,10608,106,08,2,3601,資本資產總額,7722028014
201,10609,106,09,2,1401,土地,3803806730
201,10609,106,09,2,1404,房屋建築及設備,22749240
201,10609,106,09,2,1405,機械及設備,22676713
201,10609,106,09,2,1406,交通及運輸設備,43757025
201,10609,106,09,2,1407,雜項設備,28632797
201,10609,106,09,2,1410,收藏品及傳承資產,3768088072
201,10609,106,09,2,1601,無形資產,34307066
201,10609,106,09,2,3601,資本資產總額,7724017643
201,10610,106,10,2,1401,土地,3803806730
201,10610,106,10,2,1404,房屋建築及設備,22588631
201,10610,106,10,2,1405,機械及設備,22098550
201,10610,106,10,2,1406,交通及運輸設備,42919235
201,10610,106,10,2,1407,雜項設備,28058532
201,10610,106,10,2,1410,收藏品及傳承資產,3768088072
201,10610,106,10,2,1601,無形資產,34091014
201,10610,106,10,2,3601,資本資產總額,7721650764
201,10611,106,11,2,1401,土地,3803806730
201,10611,106,11,2,1404,房屋建築及設備,22428022
201,10611,106,11,2,1405,機械及設備,22686487
201,10611,106,11,2,1406,交通及運輸設備,42081732
201,10611,106,11,2,1407,雜項設備,29967375
201,10611,106,11,2,1410,收藏品及傳承資產,3768088072
201,10611,106,11,2,1601,無形資產,33902822
201,10611,106,11,2,3601,資本資產總額,7722961240
201,10701,107,01,2,1401,土地,3803806730
201,10701,107,01,2,1404,房屋建築及設備,22106670
201,10701,107,01,2,1405,機械及設備,22776591
201,10701,107,01,2,1406,交通及運輸設備,41742745
201,10701,107,01,2,1407,雜項設備,29721749
201,10701,107,01,2,1410,收藏品及傳承資產,3768088072
201,10701,107,01,2,1601,無形資產,33610316
201,10701,107,01,2,3601,資本資產總額,7721852873
201,10702,107,02,2,1401,土地,3803806730
201,10702,107,02,2,1404,房屋建築及設備,22009355
201,10702,107,02,2,1405,機械及設備,22182303
201,10702,107,02,2,1406,交通及運輸設備,40908599
201,10702,107,02,2,1407,雜項設備,29287282
201,10702,107,02,2,1410,收藏品及傳承資產,3768088072
201,10702,107,02,2,1601,無形資產,33005080
201,10702,107,02,2,3601,資本資產總額,7719287421
201,10703,107,03,2,1401,土地,3803806730
201,10703,107,03,2,1404,房屋建築及設備,21912040
201,10703,107,03,2,1405,機械及設備,21827230
201,10703,107,03,2,1406,交通及運輸設備,40059446
201,10703,107,03,2,1407,雜項設備,28732258
201,10703,107,03,2,1410,收藏品及傳承資產,3768088072
201,10703,107,03,2,1601,無形資產,32399797
201,10703,107,03,2,3601,資本資產總額,7716825573
201,10704,107,04,2,1401,土地,3803806730
201,10704,107,04,2,1404,房屋建築及設備,21814725
201,10704,107,04,2,1405,機械及設備,25937160
201,10704,107,04,2,1406,交通及運輸設備,39242826
201,10704,107,04,2,1407,雜項設備,29958382
201,10704,107,04,2,1410,收藏品及傳承資產,3768088072
201,10704,107,04,2,1601,無形資產,31892914
201,10704,107,04,2,3601,資本資產總額,7720740809
201,10705,107,05,2,1401,土地,3803806730
201,10705,107,05,2,1404,房屋建築及設備,21717410
201,10705,107,05,2,1405,機械及設備,25158441
201,10705,107,05,2,1406,交通及運輸設備,38441823
201,10705,107,05,2,1407,雜項設備,29680251
201,10705,107,05,2,1410,收藏品及傳承資產,3768088072
201,10705,107,05,2,1601,無形資產,31286337
201,10705,107,05,2,3601,資本資產總額,7718179064
201,10706,107,06,2,1401,土地,3803806730
201,10706,107,06,2,1404,房屋建築及設備,21620095
201,10706,107,06,2,1405,機械及設備,25743225
201,10706,107,06,2,1406,交通及運輸設備,37664083
201,10706,107,06,2,1407,雜項設備,29080091
201,10706,107,06,2,1410,收藏品及傳承資產,3768088072
201,10706,107,06,2,1601,無形資產,30773720
201,10706,107,06,2,3601,資本資產總額,7716776016
201,10707,107,07,2,1401,土地,3803806730
201,10707,107,07,2,1404,房屋建築及設備,21522780
201,10707,107,07,2,1405,機械及設備,25764714
201,10707,107,07,2,1406,交通及運輸設備,36844983
201,10707,107,07,2,1407,雜項設備,28555425
201,10707,107,07,2,1410,收藏品及傳承資產,3768088072
201,10707,107,07,2,1601,無形資產,30174043
201,10707,107,07,2,3601,資本資產總額,7714756747
201,10708,107,08,2,1401,土地,3803806730
201,10708,107,08,2,1404,房屋建築及設備,21425465
201,10708,107,08,2,1405,機械及設備,26324570
201,10708,107,08,2,1406,交通及運輸設備,36124138
201,10708,107,08,2,1407,雜項設備,28249413
201,10708,107,08,2,1410,收藏品及傳承資產,3768088072
201,10708,107,08,2,1601,無形資產,29574366
201,10708,107,08,2,3601,資本資產總額,7713592754
201,10709,107,09,2,1401,土地,3803806730
201,10709,107,09,2,1404,房屋建築及設備,21328150
201,10709,107,09,2,1405,機械及設備,25712505
201,10709,107,09,2,1406,交通及運輸設備,35341250
201,10709,107,09,2,1407,雜項設備,27656543
201,10709,107,09,2,1410,收藏品及傳承資產,3768088072
201,10709,107,09,2,1601,無形資產,29379749
201,10709,107,09,2,3601,資本資產總額,7711312999
201,10710,107,10,2,1401,土地,3803806730
201,10710,107,10,2,1404,房屋建築及設備,21230835
201,10710,107,10,2,1405,機械及設備,26459227
201,10710,107,10,2,1406,交通及運輸設備,34736006
201,10710,107,10,2,1407,雜項設備,27154034
201,10710,107,10,2,1410,收藏品及傳承資產,3768088072
201,10710,107,10,2,1601,無形資產,28776777
201,10710,107,10,2,3601,資本資產總額,7710251681
201,10711,107,11,2,1401,土地,3803806730
201,10711,107,11,2,1404,房屋建築及設備,21133520
201,10711,107,11,2,1405,機械及設備,29051479
201,10711,107,11,2,1406,交通及運輸設備,34106360
201,10711,107,11,2,1407,雜項設備,26544031
201,10711,107,11,2,1410,收藏品及傳承資產,3768088072
201,10711,107,11,2,1601,無形資產,29082980
201,10711,107,11,2,3601,資本資產總額,7711813172
201,10712,107,12,2,1401,土地,3803806730
201,10712,107,12,2,1404,房屋建築及設備,21036033
201,10712,107,12,2,1405,機械及設備,33899796
201,10712,107,12,2,1406,交通及運輸設備,33609870
201,10712,107,12,2,1407,雜項設備,27273962
201,10712,107,12,2,1410,收藏品及傳承資產,3768088072
201,10712,107,12,2,1601,無形資產,36690518
201,10712,107,12,2,3601,資本資產總額,7724404981
201,10801,108,01,2,1401,土地,3803806730
201,10801,108,01,2,1404,房屋建築及設備,20940671
201,10801,108,01,2,1405,機械及設備,33096317
201,10801,108,01,2,1406,交通及運輸設備,33006434
201,10801,108,01,2,1407,雜項設備,26751729
201,10801,108,01,2,1410,收藏品及傳承資產,3768088072
201,10801,108,01,2,1601,無形資產,36109216
201,10801,108,01,2,3601,資本資產總額,7721799169
201,10802,108,02,2,1401,土地,3769167687
201,10802,108,02,2,1404,房屋建築及設備,21142019
201,10802,108,02,2,1405,機械及設備,32577843
201,10802,108,02,2,1406,交通及運輸設備,32380028
201,10802,108,02,2,1407,雜項設備,26350459
201,10802,108,02,2,1410,收藏品及傳承資產,3768088072
201,10802,108,02,2,1601,無形資產,35484796
201,10802,108,02,2,3601,資本資產總額,7685190904
201,10803,108,03,2,1401,土地,3769167687
201,10803,108,03,2,1404,房屋建築及設備,21040800
201,10803,108,03,2,1405,機械及設備,31777886
201,10803,108,03,2,1406,交通及運輸設備,31815853
201,10803,108,03,2,1407,雜項設備,25804193
201,10803,108,03,2,1410,收藏品及傳承資產,3768088072
201,10803,108,03,2,1601,無形資產,34923376
201,10803,108,03,2,3601,資本資產總額,7682617867
201,10804,108,04,2,1401,土地,3769167687
201,10804,108,04,2,1404,房屋建築及設備,20939581
201,10804,108,04,2,1405,機械及設備,31050405
201,10804,108,04,2,1406,交通及運輸設備,31224431
201,10804,108,04,2,1407,雜項設備,25303525
201,10804,108,04,2,1410,收藏品及傳承資產,3768088072
201,10804,108,04,2,1601,無形資產,34318777
201,10804,108,04,2,3601,資本資產總額,7680092478
201,10805,108,05,2,1401,土地,3769167687
201,10805,108,05,2,1404,房屋建築及設備,20838362
201,10805,108,05,2,1405,機械及設備,30222662
201,10805,108,05,2,1406,交通及運輸設備,30597646
201,10805,108,05,2,1407,雜項設備,24764261
201,10805,108,05,2,1410,收藏品及傳承資產,3768088072
201,10805,108,05,2,1601,無形資產,33714178
201,10805,108,05,2,3601,資本資產總額,7677392868
201,10806,108,06,2,1401,土地,3769167687
201,10806,108,06,2,1404,房屋建築及設備,20737143
201,10806,108,06,2,1405,機械及設備,29822253
201,10806,108,06,2,1406,交通及運輸設備,30025190
201,10806,108,06,2,1407,雜項設備,24736507
201,10806,108,06,2,1410,收藏品及傳承資產,3768088072
201,10806,108,06,2,1601,無形資產,33208579
201,10806,108,06,2,3601,資本資產總額,7675785431
201,10807,108,07,2,1401,土地,3769167687
201,10807,108,07,2,1404,房屋建築及設備,20635924
201,10807,108,07,2,1405,機械及設備,30153436
201,10807,108,07,2,1406,交通及運輸設備,29558738
201,10807,108,07,2,1407,雜項設備,24250129
201,10807,108,07,2,1410,收藏品及傳承資產,3768088072
201,10807,108,07,2,1601,無形資產,32907489
201,10807,108,07,2,3601,資本資產總額,7674761475
201,10808,108,08,2,1401,土地,3769167687
201,10808,108,08,2,1404,房屋建築及設備,20534705
201,10808,108,08,2,1405,機械及設備,29396129
201,10808,108,08,2,1406,交通及運輸設備,29239248
201,10808,108,08,2,1407,雜項設備,23942929
201,10808,108,08,2,1410,收藏品及傳承資產,3768088072
201,10808,108,08,2,1601,無形資產,41220297
201,10808,108,08,2,3601,資本資產總額,7681589067
201,10809,108,09,2,1401,土地,3769167687
201,10809,108,09,2,1404,房屋建築及設備,20433486
201,10809,108,09,2,1405,機械及設備,28532804
201,10809,108,09,2,1406,交通及運輸設備,28693318
201,10809,108,09,2,1407,雜項設備,23455555
201,10809,108,09,2,1410,收藏品及傳承資產,3768088072
201,10809,108,09,2,1601,無形資產,41714580
201,10809,108,09,2,3601,資本資產總額,7680085502
201,10810,108,10,2,1401,土地,3769167687
201,10810,108,10,2,1404,房屋建築及設備,20332267
201,10810,108,10,2,1405,機械及設備,31697315
201,10810,108,10,2,1406,交通及運輸設備,28318799
201,10810,108,10,2,1407,雜項設備,23225612
201,10810,108,10,2,1410,收藏品及傳承資產,3768088072
201,10810,108,10,2,1601,無形資產,42664261
201,10810,108,10,2,3601,資本資產總額,7683494013
201,10811,108,11,2,1401,土地,3769167687
201,10811,108,11,2,1404,房屋建築及設備,20231048
201,10811,108,11,2,1405,機械及設備,32202375
201,10811,108,11,2,1406,交通及運輸設備,27746370
201,10811,108,11,2,1407,雜項設備,23653758
201,10811,108,11,2,1410,收藏品及傳承資產,3768088072
201,10811,108,11,2,1601,無形資產,41370145
201,10811,108,11,2,3601,資本資產總額,7682459455
201,10812,108,12,2,1401,土地,3769167687
201,10812,108,12,2,1404,房屋建築及設備,20129829
201,10812,108,12,2,1405,機械及設備,34679831
201,10812,108,12,2,1406,交通及運輸設備,27425650
201,10812,108,12,2,1407,雜項設備,24363451
201,10812,108,12,2,1410,收藏品及傳承資產,3768088072
201,10812,108,12,2,1601,無形資產,47837852
201,10812,108,12,2,3601,資本資產總額,7691692372
201,105,105,12,2,1401,土地,3769167687
201,105,105,12,2,1404,房屋建築及設備,24679794
201,105,105,12,2,1405,機械及設備,28388642
201,105,105,12,2,1406,交通及運輸設備,48362542
201,105,105,12,2,1407,雜項設備,32094569
201,105,105,12,2,1410,收藏品及傳承資產,3768088072
201,105,105,12,2,1601,無形資產,34828402
201,105,105,12,2,3601,資本資產總額,7705609708
201,106,106,12,2,1401,土地,3803806730
201,106,106,12,2,1404,房屋建築及設備,22267413
201,106,106,12,2,1405,機械及設備,23460654
201,106,106,12,2,1406,交通及運輸設備,42593444
201,106,106,12,2,1407,雜項設備,30322355
201,106,106,12,2,1410,收藏品及傳承資產,3768088072
201,106,106,12,2,1601,無形資產,34207624
201,106,106,12,2,3601,資本資產總額,7724746292
201,107,107,12,2,1401,土地,3803806730
201,107,107,12,2,1404,房屋建築及設備,21036033
201,107,107,12,2,1405,機械及設備,33899796
201,107,107,12,2,1406,交通及運輸設備,33609870
201,107,107,12,2,1407,雜項設備,27273962
201,107,107,12,2,1410,收藏品及傳承資產,3768088072
201,107,107,12,2,1601,無形資產,36690518
201,107,107,12,2,3601,資本資產總額,7724404981
201,108,108,12,2,1401,土地,3769167687,3803806730
201,108,108,12,2,1404,房屋建築及設備,20129829,21036033
201,108,108,12,2,1405,機械及設備,34679831,33899796
201,108,108,12,2,1406,交通及運輸設備,27425650,33609870
201,108,108,12,2,1407,雜項設備,24363451,27273962
201,108,108,12,2,1410,收藏品及傳承資產,3768088072,3768088072
201,108,108,12,2,1601,無形資產,47837852,36690518
201,108,108,12,2,3601,資本資產總額,7691692372,7724404981
240,10505,105,05,2,1401,土地,10915256808
240,10505,105,05,2,1404,房屋建築及設備,7561235289
240,10505,105,05,2,1405,機械及設備,3941189471
240,10505,105,05,2,1406,交通及運輸設備,197478161
240,10505,105,05,2,1407,雜項設備,697675229
240,10505,105,05,2,1410,收藏品及傳承資產,37836300000
240,10505,105,05,2,1411,購建中固定資產,240808039
240,10505,105,05,2,1601,無形資產,186708726
240,10505,105,05,2,3601,資本資產總額,61576651723
240,10506,105,06,2,1401,土地,10915256808
240,10506,105,06,2,1404,房屋建築及設備,7576327475
240,10506,105,06,2,1405,機械及設備,3969895842
240,10506,105,06,2,1406,交通及運輸設備,192446484
240,10506,105,06,2,1407,雜項設備,706794054
240,10506,105,06,2,1410,收藏品及傳承資產,37836300000
240,10506,105,06,2,1411,購建中固定資產,286822468
240,10506,105,06,2,1601,無形資產,188612510
240,10506,105,06,2,3601,資本資產總額,61672455641
240,10507,105,07,2,1401,土地,10915256808
240,10507,105,07,2,1404,房屋建築及設備,7563734288
240,10507,105,07,2,1405,機械及設備,3897089127
240,10507,105,07,2,1406,交通及運輸設備,189901469
240,10507,105,07,2,1407,雜項設備,729267502
240,10507,105,07,2,1410,收藏品及傳承資產,37836300000
240,10507,105,07,2,1411,購建中固定資產,1439785784
240,10507,105,07,2,1601,無形資產,203467176
240,10507,105,07,2,3601,資本資產總額,62774802154
240,10508,105,08,2,1401,土地,10915256808
240,10508,105,08,2,1404,房屋建築及設備,7570064956
240,10508,105,08,2,1405,機械及設備,3831350740
240,10508,105,08,2,1406,交通及運輸設備,185254736
240,10508,105,08,2,1407,雜項設備,725600063
240,10508,105,08,2,1410,收藏品及傳承資產,37836300000
240,10508,105,08,2,1411,購建中固定資產,360762242
240,10508,105,08,2,1601,無形資產,205122107
240,10508,105,08,2,3601,資本資產總額,61629711652
240,10509,105,09,2,1401,土地,10915256808
240,10509,105,09,2,1404,房屋建築及設備,7572103812
240,10509,105,09,2,1405,機械及設備,3761504887
240,10509,105,09,2,1406,交通及運輸設備,190494206
240,10509,105,09,2,1407,雜項設備,711677627
240,10509,105,09,2,1410,收藏品及傳承資產,37836300000
240,10509,105,09,2,1411,購建中固定資產,360764242
240,10509,105,09,2,1601,無形資產,204933731
240,10509,105,09,2,3601,資本資產總額,61553035313
240,10510,105,10,2,1401,土地,10915256808
240,10510,105,10,2,1404,房屋建築及設備,7573533711
240,10510,105,10,2,1405,機械及設備,3706348017
240,10510,105,10,2,1406,交通及運輸設備,185961301
240,10510,105,10,2,1407,雜項設備,687634633
240,10510,105,10,2,1410,收藏品及傳承資產,37836300000
240,10510,105,10,2,1411,購建中固定資產,398749138
240,10510,105,10,2,1601,無形資產,216600810
240,10510,105,10,2,3601,資本資產總額,61520384418
240,10511,105,11,2,1401,土地,10915256808
240,10511,105,11,2,1404,房屋建築及設備,7560076543
240,10511,105,11,2,1405,機械及設備,3685359052
240,10511,105,11,2,1406,交通及運輸設備,180864030
240,10511,105,11,2,1407,雜項設備,677930485
240,10511,105,11,2,1410,收藏品及傳承資產,37836300000
240,10511,105,11,2,1411,購建中固定資產,459825622
240,10511,105,11,2,1601,無形資產,242301715
240,10511,105,11,2,3601,資本資產總額,61557914255
240,10512,105,12,2,1401,土地,10915256808
240,10512,105,12,2,1404,房屋建築及設備,7573621020
240,10512,105,12,2,1405,機械及設備,3706143270
240,10512,105,12,2,1406,交通及運輸設備,182328299
240,10512,105,12,2,1407,雜項設備,701787072
240,10512,105,12,2,1410,收藏品及傳承資產,37836300000
240,10512,105,12,2,1411,購建中固定資產,509008403
240,10512,105,12,2,1601,無形資產,260180767
240,10512,105,12,2,3601,資本資產總額,61684625639
240,10601,106,01,2,1401,土地,10944251708
240,10601,106,01,2,1402,土地改良物,3293000
240,10601,106,01,2,1404,房屋建築及設備,7571540626
240,10601,106,01,2,1405,機械及設備,3948465652
240,10601,106,01,2,1406,交通及運輸設備,177518851
240,10601,106,01,2,1407,雜項設備,736102083
240,10601,106,01,2,1410,收藏品及傳承資產,37836300000
240,10601,106,01,2,1411,購建中固定資產,528329494
240,10601,106,01,2,1601,無形資產,262661970
240,10601,106,01,2,3601,資本資產總額,62008463384
240,10602,106,02,2,1401,土地,10944251708
240,10602,106,02,2,1402,土地改良物,3293000
240,10602,106,02,2,1404,房屋建築及設備,7557470877
240,10602,106,02,2,1405,機械及設備,3886494384
240,10602,106,02,2,1406,交通及運輸設備,173288353
240,10602,106,02,2,1407,雜項設備,735751270
240,10602,106,02,2,1410,收藏品及傳承資產,37836300000
240,10602,106,02,2,1411,購建中固定資產,538198876
240,10602,106,02,2,1601,無形資產,262019043
240,10602,106,02,2,3601,資本資產總額,61937067511
240,10603,106,03,2,1401,土地,10944251708
240,10603,106,03,2,1402,土地改良物,3293000
240,10603,106,03,2,1404,房屋建築及設備,7545368616
240,10603,106,03,2,1405,機械及設備,3788218400
240,10603,106,03,2,1406,交通及運輸設備,169142795
240,10603,106,03,2,1407,雜項設備,716882853
240,10603,106,03,2,1410,收藏品及傳承資產,37836300000
240,10603,106,03,2,1411,購建中固定資產,553526436
240,10603,106,03,2,1601,無形資產,262030134
240,10603,106,03,2,3601,資本資產總額,61819013942
240,10604,106,04,2,1401,土地,10944251708
240,10604,106,04,2,1402,土地改良物,3293000
240,10604,106,04,2,1404,房屋建築及設備,7541128341
240,10604,106,04,2,1405,機械及設備,3751798237
240,10604,106,04,2,1406,交通及運輸設備,164687644
240,10604,106,04,2,1407,雜項設備,696576798
240,10604,106,04,2,1410,收藏品及傳承資產,37836300000
240,10604,106,04,2,1411,購建中固定資產,581821920
240,10604,106,04,2,1601,無形資產,261482124
240,10604,106,04,2,3601,資本資產總額,61781339772
240,10605,106,05,2,1401,土地,10944251708
240,10605,106,05,2,1402,土地改良物,3293000
240,10605,106,05,2,1404,房屋建築及設備,7573923648
240,10605,106,05,2,1405,機械及設備,3673667358
240,10605,106,05,2,1406,交通及運輸設備,160693353
240,10605,106,05,2,1407,雜項設備,707562242
240,10605,106,05,2,1410,收藏品及傳承資產,37836300000
240,10605,106,05,2,1411,購建中固定資產,593174522
240,10605,106,05,2,1601,無形資產,259194542
240,10605,106,05,2,3601,資本資產總額,61752060373
240,10606,106,06,2,1401,土地,10944251708
240,10606,106,06,2,1402,土地改良物,3363000
240,10606,106,06,2,1404,房屋建築及設備,7570991331
240,10606,106,06,2,1405,機械及設備,3630437821
240,10606,106,06,2,1406,交通及運輸設備,155953901
240,10606,106,06,2,1407,雜項設備,687876433
240,10606,106,06,2,1410,收藏品及傳承資產,37836300000
240,10606,106,06,2,1411,購建中固定資產,623098779
240,10606,106,06,2,1601,無形資產,265440749
240,10606,106,06,2,3601,資本資產總額,61717713722
240,10607,106,07,2,1401,土地,10944251708
240,10607,106,07,2,1402,土地改良物,3363000
240,10607,106,07,2,1404,房屋建築及設備,7556440761
240,10607,106,07,2,1405,機械及設備,3584314474
240,10607,106,07,2,1406,交通及運輸設備,152116118
240,10607,106,07,2,1407,雜項設備,672033734
240,10607,106,07,2,1410,收藏品及傳承資產,37836300000
240,10607,106,07,2,1411,購建中固定資產,647752379
240,10607,106,07,2,1601,無形資產,262347850
240,10607,106,07,2,3601,資本資產總額,61658920024
240,10608,106,08,2,1401,土地,10944251708
240,10608,106,08,2,1402,土地改良物,3363000
240,10608,106,08,2,1404,房屋建築及設備,7545243080
240,10608,106,08,2,1405,機械及設備,3565579209
240,10608,106,08,2,1406,交通及運輸設備,148238738
240,10608,106,08,2,1407,雜項設備,662820301
240,10608,106,08,2,1410,收藏品及傳承資產,37836300000
240,10608,106,08,2,1411,購建中固定資產,691835281
240,10608,106,08,2,1601,無形資產,261096582
240,10608,106,08,2,3601,資本資產總額,61658727899
240,10609,106,09,2,1401,土地,10944251708
240,10609,106,09,2,1402,土地改良物,3363000
240,10609,106,09,2,1404,房屋建築及設備,7533098540
240,10609,106,09,2,1405,機械及設備,3518605407
240,10609,106,09,2,1406,交通及運輸設備,148879294
240,10609,106,09,2,1407,雜項設備,644141343
240,10609,106,09,2,1410,收藏品及傳承資產,37836300000
240,10609,106,09,2,1411,購建中固定資產,692434852
240,10609,106,09,2,1601,無形資產,263219110
240,10609,106,09,2,3601,資本資產總額,61584293254
240,10610,106,10,2,1401,土地,10944251708
240,10610,106,10,2,1402,土地改良物,3363000
240,10610,106,10,2,1404,房屋建築及設備,7519592979
240,10610,106,10,2,1405,機械及設備,3454010923
240,10610,106,10,2,1406,交通及運輸設備,144996982
240,10610,106,10,2,1407,雜項設備,631704647
240,10610,106,10,2,1410,收藏品及傳承資產,37836300000
240,10610,106,10,2,1411,購建中固定資產,704175608
240,10610,106,10,2,1601,無形資產,265969701
240,10610,106,10,2,3601,資本資產總額,61504365548
240,10611,106,11,2,1401,土地,10944251708
240,10611,106,11,2,1402,土地改良物,3363000
240,10611,106,11,2,1404,房屋建築及設備,7506593706
240,10611,106,11,2,1405,機械及設備,3434292993
240,10611,106,11,2,1406,交通及運輸設備,141989069
240,10611,106,11,2,1407,雜項設備,634590595
240,10611,106,11,2,1410,收藏品及傳承資產,37836300000
240,10611,106,11,2,1411,購建中固定資產,715374051
240,10611,106,11,2,1601,無形資產,273120835
240,10611,106,11,2,3601,資本資產總額,61489875957
240,10612,106,12,2,1401,土地,12490219708
240,10612,106,12,2,1402,土地改良物,3363000
240,10612,106,12,2,1404,房屋建築及設備,7495780438
240,10612,106,12,2,1405,機械及設備,3793617091
240,10612,106,12,2,1406,交通及運輸設備,139627861
240,10612,106,12,2,1407,雜項設備,678071283
240,10612,106,12,2,1410,收藏品及傳承資產,37836300000
240,10612,106,12,2,1411,購建中固定資產,1471666626
240,10612,106,12,2,1601,無形資產,286735028
240,10612,106,12,2,3601,資本資產總額,64195381035
240,10701,107,01,2,1401,土地,12490219708
240,10701,107,01,2,1402,土地改良物,3363000
240,10701,107,01,2,1404,房屋建築及設備,7481852977
240,10701,107,01,2,1405,機械及設備,3708064421
240,10701,107,01,2,1406,交通及運輸設備,136127626
240,10701,107,01,2,1407,雜項設備,652794690
240,10701,107,01,2,1410,收藏品及傳承資產,37836300000
240,10701,107,01,2,1411,購建中固定資產,1471845056
240,10701,107,01,2,1601,無形資產,281352162
240,10701,107,01,2,3601,資本資產總額,64061919640
240,10702,107,02,2,1401,土地,12490219708
240,10702,107,02,2,1402,土地改良物,3363000
240,10702,107,02,2,1404,房屋建築及設備,7467925516
240,10702,107,02,2,1405,機械及設備,3608731233
240,10702,107,02,2,1406,交通及運輸設備,132617681
240,10702,107,02,2,1407,雜項設備,628922465
240,10702,107,02,2,1410,收藏品及傳承資產,37836300000
240,10702,107,02,2,1411,購建中固定資產,1472097402
240,10702,107,02,2,1601,無形資產,290319966
240,10702,107,02,2,3601,資本資產總額,63930496971
240,10703,107,03,2,1401,土地,12490238169
240,10703,107,03,2,1402,土地改良物,3363000
240,10703,107,03,2,1404,房屋建築及設備,7462813341
240,10703,107,03,2,1405,機械及設備,3527008905
240,10703,107,03,2,1406,交通及運輸設備,128541839
240,10703,107,03,2,1407,雜項設備,623343226
240,10703,107,03,2,1410,收藏品及傳承資產,37836300000
240,10703,107,03,2,1411,購建中固定資產,1787791630
240,10703,107,03,2,1601,無形資產,286321271
240,10703,107,03,2,3601,資本資產總額,64145721381
240,10704,107,04,2,1401,土地,12490238169
240,10704,107,04,2,1402,土地改良物,3363000
240,10704,107,04,2,1404,房屋建築及設備,7449007948
240,10704,107,04,2,1405,機械及設備,3445119485
240,10704,107,04,2,1406,交通及運輸設備,125027053
240,10704,107,04,2,1407,雜項設備,608187293
240,10704,107,04,2,1410,收藏品及傳承資產,37836300000
240,10704,107,04,2,1411,購建中固定資產,2054223101
240,10704,107,04,2,1601,無形資產,286112556
240,10704,107,04,2,3601,資本資產總額,64297578605
240,10705,107,05,2,1401,土地,12490238169
240,10705,107,05,2,1402,土地改良物,3363000
240,10705,107,05,2,1404,房屋建築及設備,7435202845
240,10705,107,05,2,1405,機械及設備,3390037402
240,10705,107,05,2,1406,交通及運輸設備,125016779
240,10705,107,05,2,1407,雜項設備,595936676
240,10705,107,05,2,1410,收藏品及傳承資產,37836300000
240,10705,107,05,2,1411,購建中固定資產,2177241247
240,10705,107,05,2,1601,無形資產,283302476
240,10705,107,05,2,3601,資本資產總額,64336638594
240,10706,107,06,2,1401,土地,12490238169
240,10706,107,06,2,1402,土地改良物,3363000
240,10706,107,06,2,1404,房屋建築及設備,7421631157
240,10706,107,06,2,1405,機械及設備,3342307932
240,10706,107,06,2,1406,交通及運輸設備,128956500
240,10706,107,06,2,1407,雜項設備,588426229
240,10706,107,06,2,1410,收藏品及傳承資產,37836300000
240,10706,107,06,2,1411,購建中固定資產,2271190503
240,10706,107,06,2,1601,無形資產,286092398
240,10706,107,06,2,3601,資本資產總額,64368505888
240,10707,107,07,2,1401,土地,12490238169
240,10707,107,07,2,1402,土地改良物,3363000
240,10707,107,07,2,1404,房屋建築及設備,7409327575
240,10707,107,07,2,1405,機械及設備,3333378195
240,10707,107,07,2,1406,交通及運輸設備,126913956
240,10707,107,07,2,1407,雜項設備,573212676
240,10707,107,07,2,1410,收藏品及傳承資產,37836300000
240,10707,107,07,2,1411,購建中固定資產,2305767717
240,10707,107,07,2,1601,無形資產,283187783
240,10707,107,07,2,3601,資本資產總額,64361689071
240,10708,107,08,2,1401,土地,12490238169
240,10708,107,08,2,1402,土地改良物,3363000
240,10708,107,08,2,1404,房屋建築及設備,7396529321
240,10708,107,08,2,1405,機械及設備,3334314544
240,10708,107,08,2,1406,交通及運輸設備,123858239
240,10708,107,08,2,1407,雜項設備,569454916
240,10708,107,08,2,1410,收藏品及傳承資產,37836300000
240,10708,107,08,2,1411,購建中固定資產,2429614078
240,10708,107,08,2,1601,無形資產,139874966
240,10708,107,08,2,3601,資本資產總額,64323547233
240,10709,107,09,2,1401,土地,12490238169
240,10709,107,09,2,1402,土地改良物,3363000
240,10709,107,09,2,1404,房屋建築及設備,7382722258
240,10709,107,09,2,1405,機械及設備,3613332519
240,10709,107,09,2,1406,交通及運輸設備,120867303
240,10709,107,09,2,1407,雜項設備,553605133
240,10709,107,09,2,1410,收藏品及傳承資產,37836300000
240,10709,107,09,2,1411,購建中固定資產,2429667429
240,10709,107,09,2,1601,無形資產,294486266
240,10709,107,09,2,3601,資本資產總額,64724582077
240,10710,107,10,2,1401,土地,12490238169
240,10710,107,10,2,1402,土地改良物,3363000
240,10710,107,10,2,1404,房屋建築及設備,7339682550
240,10710,107,10,2,1405,機械及設備,3574417244
240,10710,107,10,2,1406,交通及運輸設備,119232194
240,10710,107,10,2,1407,雜項設備,539574284
240,10710,107,10,2,1410,收藏品及傳承資產,37836300000
240,10710,107,10,2,1411,購建中固定資產,2519811383
240,10710,107,10,2,1601,無形資產,290113844
240,10710,107,10,2,3601,資本資產總額,64712732668
240,10711,107,11,2,1401,土地,12490238169
240,10711,107,11,2,1402,土地改良物,3363000
240,10711,107,11,2,1404,房屋建築及設備,7327508902
240,10711,107,11,2,1405,機械及設備,3518084064
240,10711,107,11,2,1406,交通及運輸設備,116745911
240,10711,107,11,2,1407,雜項設備,548449663
240,10711,107,11,2,1410,收藏品及傳承資產,37836300000
240,10711,107,11,2,1411,購建中固定資產,2434375007
240,10711,107,11,2,1601,無形資產,296434135
240,10711,107,11,2,3601,資本資產總額,64571498851
240,10712,107,12,2,1401,土地,12490238169
240,10712,107,12,2,1402,土地改良物,3363000
240,10712,107,12,2,1404,房屋建築及設備,10009959739
240,10712,107,12,2,1405,機械及設備,3918220628
240,10712,107,12,2,1406,交通及運輸設備,120957731
240,10712,107,12,2,1407,雜項設備,1626510086
240,10712,107,12,2,1410,收藏品及傳承資產,37836300000
240,10712,107,12,2,1411,購建中固定資產,2656905135
240,10712,107,12,2,1601,無形資產,307820299
240,10712,107,12,2,3601,資本資產總額,68970274787
240,10801,108,01,2,1401,土地,12490238169
240,10801,108,01,2,1402,土地改良物,3363000
240,10801,108,01,2,1404,房屋建築及設備,9996251386
240,10801,108,01,2,1405,機械及設備,3816077724
240,10801,108,01,2,1406,交通及運輸設備,115846765
240,10801,108,01,2,1407,雜項設備,1597655371
240,10801,108,01,2,1410,收藏品及傳承資產,37836300000
240,10801,108,01,2,1411,購建中固定資產,2657266960
240,10801,108,01,2,1601,無形資產,309321220
240,10801,108,01,2,3601,資本資產總額,68822320595
240,10802,108,02,2,1401,土地,12490238169
240,10802,108,02,2,1402,土地改良物,3363000
240,10802,108,02,2,1404,房屋建築及設備,9983151663
240,10802,108,02,2,1405,機械及設備,3717544703
240,10802,108,02,2,1406,交通及運輸設備,113040522
240,10802,108,02,2,1407,雜項設備,1564253287
240,10802,108,02,2,1410,收藏品及傳承資產,37836300000
240,10802,108,02,2,1411,購建中固定資產,2704725078
240,10802,108,02,2,1601,無形資產,304345921
240,10802,108,02,2,3601,資本資產總額,68716962343
240,10803,108,03,2,1401,土地,12490238169
240,10803,108,03,2,1402,土地改良物,3363000
240,10803,108,03,2,1404,房屋建築及設備,9969441940
240,10803,108,03,2,1405,機械及設備,3629955076
240,10803,108,03,2,1406,交通及運輸設備,110334335
240,10803,108,03,2,1407,雜項設備,1543009102
240,10803,108,03,2,1410,收藏品及傳承資產,37836300000
240,10803,108,03,2,1411,購建中固定資產,2713660178
240,10803,108,03,2,1601,無形資產,302663019
240,10803,108,03,2,3601,資本資產總額,68598964819
240,10804,108,04,2,1401,土地,12490238169
240,10804,108,04,2,1402,土地改良物,3363000
240,10804,108,04,2,1404,房屋建築及設備,7271466974
240,10804,108,04,2,1405,機械及設備,3556883447
240,10804,108,04,2,1406,交通及運輸設備,108784404
240,10804,108,04,2,1407,雜項設備,552471264
240,10804,108,04,2,1410,收藏品及傳承資產,37836300000
240,10804,108,04,2,1411,購建中固定資產,2722821943
240,10804,108,04,2,1601,無形資產,293765272
240,10804,108,04,2,3601,資本資產總額,64836094473
240,10805,108,05,2,1401,土地,12490238169
240,10805,108,05,2,1402,土地改良物,3363000
240,10805,108,05,2,1404,房屋建築及設備,7260743419
240,10805,108,05,2,1405,機械及設備,3520670829
240,10805,108,05,2,1406,交通及運輸設備,105744963
240,10805,108,05,2,1407,雜項設備,549372448
240,10805,108,05,2,1410,收藏品及傳承資產,37836300000
240,10805,108,05,2,1411,購建中固定資產,2822556139
240,10805,108,05,2,1601,無形資產,286829540
240,10805,108,05,2,3601,資本資產總額,64875818507
240,10806,108,06,2,1401,土地,12490238169
240,10806,108,06,2,1402,土地改良物,3363000
240,10806,108,06,2,1404,房屋建築及設備,7247098597
240,10806,108,06,2,1405,機械及設備,3467375056
240,10806,108,06,2,1406,交通及運輸設備,104346275
240,10806,108,06,2,1407,雜項設備,542203713
240,10806,108,06,2,1410,收藏品及傳承資產,37836300000
240,10806,108,06,2,1411,購建中固定資產,2837180847
240,10806,108,06,2,1601,無形資產,283357550
240,10806,108,06,2,3601,資本資產總額,64811463207
240,10807,108,07,2,1401,土地,12490238169
240,10807,108,07,2,1402,土地改良物,3363000
240,10807,108,07,2,1404,房屋建築及設備,7233425255
240,10807,108,07,2,1405,機械及設備,3428307284
240,10807,108,07,2,1406,交通及運輸設備,102254981
240,10807,108,07,2,1407,雜項設備,533996388
240,10807,108,07,2,1410,收藏品及傳承資產,37836300000
240,10807,108,07,2,1411,購建中固定資產,2893174860
240,10807,108,07,2,1601,無形資產,286831793
240,10807,108,07,2,3601,資本資產總額,64807891730
240,10808,108,08,2,1401,土地,12490238169
240,10808,108,08,2,1402,土地改良物,3363000
240,10808,108,08,2,1404,房屋建築及設備,7219788485
240,10808,108,08,2,1405,機械及設備,3382526983
240,10808,108,08,2,1406,交通及運輸設備,99838812
240,10808,108,08,2,1407,雜項設備,520466474
240,10808,108,08,2,1410,收藏品及傳承資產,37836300000
240,10808,108,08,2,1411,購建中固定資產,2987357291
240,10808,108,08,2,1601,無形資產,289340393
240,10808,108,08,2,3601,資本資產總額,64829219607
240,10809,108,09,2,1401,土地,12490238169
240,10809,108,09,2,1402,土地改良物,3363000
240,10809,108,09,2,1404,房屋建築及設備,7216393254
240,10809,108,09,2,1405,機械及設備,3370743036
240,10809,108,09,2,1406,交通及運輸設備,97951933
240,10809,108,09,2,1407,雜項設備,515955457
240,10809,108,09,2,1410,收藏品及傳承資產,37836300000
240,10809,108,09,2,1411,購建中固定資產,3001542432
240,10809,108,09,2,1601,無形資產,291895193
240,10809,108,09,2,3601,資本資產總額,64824382474
240,10810,108,10,2,1401,土地,12490238169
240,10810,108,10,2,1402,土地改良物,3363000
240,10810,108,10,2,1404,房屋建築及設備,7244595028
240,10810,108,10,2,1405,機械及設備,3322251353
240,10810,108,10,2,1406,交通及運輸設備,96550641
240,10810,108,10,2,1407,雜項設備,520613922
240,10810,108,10,2,1410,收藏品及傳承資產,37836300000
240,10810,108,10,2,1411,購建中固定資產,3055096981
240,10810,108,10,2,1601,無形資產,295942407
240,10810,108,10,2,3601,資本資產總額,64864951501
240,10811,108,11,2,1401,土地,12490238169
240,10811,108,11,2,1402,土地改良物,3363000
240,10811,108,11,2,1404,房屋建築及設備,7243231872
240,10811,108,11,2,1405,機械及設備,3327407134
240,10811,108,11,2,1406,交通及運輸設備,94764102
240,10811,108,11,2,1407,雜項設備,526685417
240,10811,108,11,2,1410,收藏品及傳承資產,37836300000
240,10811,108,11,2,1411,購建中固定資產,3148837525
240,10811,108,11,2,1601,無形資產,297336863
240,10811,108,11,2,3601,資本資產總額,64968164082
240,10812,108,12,2,1401,土地,12490238169
240,10812,108,12,2,1402,土地改良物,3363000
240,10812,108,12,2,1404,房屋建築及設備,7345591393
240,10812,108,12,2,1405,機械及設備,3593618686
240,10812,108,12,2,1406,交通及運輸設備,95659581
240,10812,108,12,2,1407,雜項設備,563599806
240,10812,108,12,2,1410,收藏品及傳承資產,37836300000
240,10812,108,12,2,1411,購建中固定資產,3547340658
240,10812,108,12,2,1601,無形資產,322564529
240,10812,108,12,2,3601,資本資產總額,65798275822
240,105,105,12,2,1401,土地,10915256808
240,105,105,12,2,1404,房屋建築及設備,7573621020
240,105,105,12,2,1405,機械及設備,3706143270
240,105,105,12,2,1406,交通及運輸設備,182328299
240,105,105,12,2,1407,雜項設備,701787072
240,105,105,12,2,1410,收藏品及傳承資產,37836300000
240,105,105,12,2,1411,購建中固定資產,509008403
240,105,105,12,2,1601,無形資產,260180767
240,105,105,12,2,3601,資本資產總額,61684625639
401,10505,105,05,2,1401,土地,2902531202
401,10505,105,05,2,1404,房屋建築及設備,1361654839
401,10505,105,05,2,1405,機械及設備,293153697
401,10505,105,05,2,1406,交通及運輸設備,112076799
401,10505,105,05,2,1407,雜項設備,71347179
401,10505,105,05,2,1601,無形資產,127790968
401,10505,105,05,2,3601,資本資產總額,4868554684
401,10506,105,06,2,1401,土地,2902531202
401,10506,105,06,2,1404,房屋建築及設備,1359458640
401,10506,105,06,2,1405,機械及設備,284896503
401,10506,105,06,2,1406,交通及運輸設備,115394510
401,10506,105,06,2,1407,雜項設備,70269786
401,10506,105,06,2,1601,無形資產,122281512
401,10506,105,06,2,3601,資本資產總額,4854832153
401,10507,105,07,2,1401,土地,2902531202
401,10507,105,07,2,1404,房屋建築及設備,1357262440
401,10507,105,07,2,1405,機械及設備,280402639
401,10507,105,07,2,1406,交通及運輸設備,127801121
401,10507,105,07,2,1407,雜項設備,69804394
401,10507,105,07,2,1601,無形資產,117160996
401,10507,105,07,2,3601,資本資產總額,4854962792
401,10508,105,08,2,1401,土地,3188239817
401,10508,105,08,2,1404,房屋建築及設備,1355066241
401,10508,105,08,2,1405,機械及設備,275331925
401,10508,105,08,2,1406,交通及運輸設備,124603139
401,10508,105,08,2,1407,雜項設備,68082962
401,10508,105,08,2,1601,無形資產,122788662
401,10508,105,08,2,3601,資本資產總額,5134112746
401,10509,105,09,2,1401,土地,3188239817
401,10509,105,09,2,1404,房屋建築及設備,1352870041
401,10509,105,09,2,1405,機械及設備,267142724
401,10509,105,09,2,1406,交通及運輸設備,124383798
401,10509,105,09,2,1407,雜項設備,71478519
401,10509,105,09,2,1601,無形資產,124478341
401,10509,105,09,2,3601,資本資產總額,5128593240
401,10510,105,10,2,1401,土地,3188239817
401,10510,105,10,2,1404,房屋建築及設備,1350673842
401,10510,105,10,2,1405,機械及設備,258736435
401,10510,105,10,2,1406,交通及運輸設備,126082389
401,10510,105,10,2,1407,雜項設備,71289735
401,10510,105,10,2,1601,無形資產,126029254
401,10510,105,10,2,3601,資本資產總額,5121051472
401,10511,105,11,2,1401,土地,3188239817
401,10511,105,11,2,1404,房屋建築及設備,1348477642
401,10511,105,11,2,1405,機械及設備,260528560
401,10511,105,11,2,1406,交通及運輸設備,122758351
401,10511,105,11,2,1407,雜項設備,71226412
401,10511,105,11,2,1601,無形資產,129976752
401,10511,105,11,2,3601,資本資產總額,5121207534
401,10512,105,12,2,1401,土地,3188239817
401,10512,105,12,2,1404,房屋建築及設備,1346281435
401,10512,105,12,2,1405,機械及設備,270360355
401,10512,105,12,2,1406,交通及運輸設備,146405608
401,10512,105,12,2,1407,雜項設備,71020007
401,10512,105,12,2,1601,無形資產,142840560
401,10512,105,12,2,3601,資本資產總額,5165147782
401,10601,106,01,2,1401,土地,3188239817
401,10601,106,01,2,1404,房屋建築及設備,1344085235
401,10601,106,01,2,1405,機械及設備,262864171
401,10601,106,01,2,1406,交通及運輸設備,142580555
401,10601,106,01,2,1407,雜項設備,68936416
401,10601,106,01,2,1601,無形資產,138177707
401,10601,106,01,2,3601,資本資產總額,5144883901
401,10602,106,02,2,1401,土地,3188239817
401,10602,106,02,2,1404,房屋建築及設備,1341889028
401,10602,106,02,2,1405,機械及設備,255386839
401,10602,106,02,2,1406,交通及運輸設備,138799296
401,10602,106,02,2,1407,雜項設備,66932706
401,10602,106,02,2,1601,無形資產,134491497
401,10602,106,02,2,3601,資本資產總額,5125739183
401,10603,106,03,2,1401,土地,3188239817
401,10603,106,03,2,1404,房屋建築及設備,1339692828
401,10603,106,03,2,1405,機械及設備,257879389
401,10603,106,03,2,1406,交通及運輸設備,135393707
401,10603,106,03,2,1407,雜項設備,65843560
401,10603,106,03,2,1601,無形資產,144867488
401,10603,106,03,2,3601,資本資產總額,5131916789
401,10604,106,04,2,1401,土地,3188239817
401,10604,106,04,2,1404,房屋建築及設備,1337496621
401,10604,106,04,2,1405,機械及設備,250872633
401,10604,106,04,2,1406,交通及運輸設備,145801768
401,10604,106,04,2,1407,雜項設備,64533558
401,10604,106,04,2,1601,無形資產,153826973
401,10604,106,04,2,3601,資本資產總額,5140771370
401,10605,106,05,2,1401,土地,3387994817
401,10605,106,05,2,1404,房屋建築及設備,1335300421
401,10605,106,05,2,1405,機械及設備,243436229
401,10605,106,05,2,1406,交通及運輸設備,141933151
401,10605,106,05,2,1407,雜項設備,63960385
401,10605,106,05,2,1601,無形資產,147812438
401,10605,106,05,2,3601,資本資產總額,5320437441
401,10606,106,06,2,1401,土地,3387994817
401,10606,106,06,2,1404,房屋建築及設備,1333104215
401,10606,106,06,2,1405,機械及設備,235920797
401,10606,106,06,2,1406,交通及運輸設備,148792916
401,10606,106,06,2,1407,雜項設備,65055691
401,10606,106,06,2,1601,無形資產,142287821
401,10606,106,06,2,3601,資本資產總額,5313156257
401,10607,106,07,2,1401,土地,3387994817
401,10607,106,07,2,1404,房屋建築及設備,1330908014
401,10607,106,07,2,1405,機械及設備,231451452
401,10607,106,07,2,1406,交通及運輸設備,144762872
401,10607,106,07,2,1407,雜項設備,64288189
401,10607,106,07,2,1601,無形資產,142584572
401,10607,106,07,2,3601,資本資產總額,5301989916
401,10608,106,08,2,1401,土地,3387994817
401,10608,106,08,2,1404,房屋建築及設備,1328711808
401,10608,106,08,2,1405,機械及設備,225915712
401,10608,106,08,2,1406,交通及運輸設備,140682987
401,10608,106,08,2,1407,雜項設備,63722216
401,10608,106,08,2,1601,無形資產,137737325
401,10608,106,08,2,3601,資本資產總額,5284764865
401,10609,106,09,2,1401,土地,3387994817
401,10609,106,09,2,1404,房屋建築及設備,1326515607
401,10609,106,09,2,1405,機械及設備,218752614
401,10609,106,09,2,1406,交通及運輸設備,147147448
401,10609,106,09,2,1407,雜項設備,61987292
401,10609,106,09,2,1601,無形資產,133303759
401,10609,106,09,2,3601,資本資產總額,5275701537
401,10610,106,10,2,1401,土地,3387994817
401,10610,106,10,2,1404,房屋建築及設備,1324791606
401,10610,106,10,2,1405,機械及設備,211591492
401,10610,106,10,2,1406,交通及運輸設備,146697404
401,10610,106,10,2,1407,雜項設備,60696121
401,10610,106,10,2,1601,無形資產,131838611
401,10610,106,10,2,3601,資本資產總額,5263610051
401,10611,106,11,2,1401,土地,3387994817
401,10611,106,11,2,1404,房屋建築及設備,1322595405
401,10611,106,11,2,1405,機械及設備,205187193
401,10611,106,11,2,1406,交通及運輸設備,165688886
401,10611,106,11,2,1407,雜項設備,59620344
401,10611,106,11,2,1601,無形資產,147476765
401,10611,106,11,2,3601,資本資產總額,5288563410
401,10612,106,12,2,1401,土地,3387994817
401,10612,106,12,2,1404,房屋建築及設備,1320399199
401,10612,106,12,2,1405,機械及設備,211638040
401,10612,106,12,2,1406,交通及運輸設備,162019796
401,10612,106,12,2,1407,雜項設備,63907524
401,10612,106,12,2,1601,無形資產,185847744
401,10612,106,12,2,3601,資本資產總額,5331807120
401,10701,107,01,2,1401,土地,3387994817
401,10701,107,01,2,1404,房屋建築及設備,1318202998
401,10701,107,01,2,1405,機械及設備,204846614
401,10701,107,01,2,1406,交通及運輸設備,157919250
401,10701,107,01,2,1407,雜項設備,61938931
401,10701,107,01,2,1601,無形資產,177924714
401,10701,107,01,2,3601,資本資產總額,5308827324
401,10702,107,02,2,1401,土地,3295605936
401,10702,107,02,2,1404,房屋建築及設備,1316006793
401,10702,107,02,2,1405,機械及設備,198008438
401,10702,107,02,2,1406,交通及運輸設備,153929556
401,10702,107,02,2,1407,雜項設備,60308409
401,10702,107,02,2,1601,無形資產,171540728
401,10702,107,02,2,3601,資本資產總額,5195399860
401,10703,107,03,2,1401,土地,3295605936
401,10703,107,03,2,1404,房屋建築及設備,1313851601
401,10703,107,03,2,1405,機械及設備,191250941
401,10703,107,03,2,1406,交通及運輸設備,149899992
401,10703,107,03,2,1407,雜項設備,58803887
401,10703,107,03,2,1601,無形資產,173948748
401,10703,107,03,2,3601,資本資產總額,5183361105
401,10704,107,04,2,1401,土地,3295605936
401,10704,107,04,2,1404,房屋建築及設備,1311655228
401,10704,107,04,2,1405,機械及設備,184830447
401,10704,107,04,2,1406,交通及運輸設備,160184242
401,10704,107,04,2,1407,雜項設備,57586973
401,10704,107,04,2,1601,無形資產,173668997
401,10704,107,04,2,3601,資本資產總額,5183531823
401,10705,107,05,2,1401,土地,3295605936
401,10705,107,05,2,1404,房屋建築及設備,1309458859
401,10705,107,05,2,1405,機械及設備,183859447
401,10705,107,05,2,1406,交通及運輸設備,156059513
401,10705,107,05,2,1407,雜項設備,58660674
401,10705,107,05,2,1601,無形資產,171563481
401,10705,107,05,2,3601,資本資產總額,5175207910
401,10706,107,06,2,1401,土地,3295605936
401,10706,107,06,2,1404,房屋建築及設備,1307262486
401,10706,107,06,2,1405,機械及設備,177287919
401,10706,107,06,2,1406,交通及運輸設備,149353993
401,10706,107,06,2,1407,雜項設備,60176105
401,10706,107,06,2,1601,無形資產,166053630
401,10706,107,06,2,3601,資本資產總額,5155740069
401,10707,107,07,2,1401,土地,3300616772
401,10707,107,07,2,1404,房屋建築及設備,1308481370
401,10707,107,07,2,1405,機械及設備,170821142
401,10707,107,07,2,1406,交通及運輸設備,145118675
401,10707,107,07,2,1407,雜項設備,58790106
401,10707,107,07,2,1601,無形資產,159431617
401,10707,107,07,2,3601,資本資產總額,5143259682
401,10708,107,08,2,1401,土地,3300616772
401,10708,107,08,2,1404,房屋建築及設備,1306279799
401,10708,107,08,2,1405,機械及設備,167096533
401,10708,107,08,2,1406,交通及運輸設備,141192990
401,10708,107,08,2,1407,雜項設備,57203448
401,10708,107,08,2,1601,無形資產,155115569
401,10708,107,08,2,3601,資本資產總額,5127505111
401,10709,107,09,2,1401,土地,3300616772
401,10709,107,09,2,1404,房屋建築及設備,1304078232
401,10709,107,09,2,1405,機械及設備,161859924
401,10709,107,09,2,1406,交通及運輸設備,137194475
401,10709,107,09,2,1407,雜項設備,59075908
401,10709,107,09,2,1601,無形資產,149376363
401,10709,107,09,2,3601,資本資產總額,5112201674
401,10710,107,10,2,1401,土地,3300616772
401,10710,107,10,2,1404,房屋建築及設備,1301876661
401,10710,107,10,2,1405,機械及設備,165248506
401,10710,107,10,2,1406,交通及運輸設備,160005059
401,10710,107,10,2,1407,雜項設備,58779861
401,10710,107,10,2,1601,無形資產,142992800
401,10710,107,10,2,3601,資本資產總額,5129519659
401,10711,107,11,2,1401,土地,3300616772
401,10711,107,11,2,1404,房屋建築及設備,1299675094
401,10711,107,11,2,1405,機械及設備,165208042
401,10711,107,11,2,1406,交通及運輸設備,156245390
401,10711,107,11,2,1407,雜項設備,58018753
401,10711,107,11,2,1601,無形資產,152015775
401,10711,107,11,2,3601,資本資產總額,5131779826
401,10712,107,12,2,1401,土地,3300616772
401,10712,107,12,2,1404,房屋建築及設備,1297560524
401,10712,107,12,2,1405,機械及設備,159803151
401,10712,107,12,2,1406,交通及運輸設備,173569663
401,10712,107,12,2,1407,雜項設備,57409291
401,10712,107,12,2,1601,無形資產,165127466
401,10712,107,12,2,3601,資本資產總額,5154086867
401,10801,108,01,2,1401,土地,3300616772
401,10801,108,01,2,1404,房屋建築及設備,1026810367
401,10801,108,01,2,1405,機械及設備,154682257
401,10801,108,01,2,1406,交通及運輸設備,169233403
401,10801,108,01,2,1407,雜項設備,55652651
401,10801,108,01,2,1601,無形資產,158418444
401,10801,108,01,2,3601,資本資產總額,4865413894
401,10802,108,02,2,1401,土地,3363058009
401,10802,108,02,2,1404,房屋建築及設備,1024136133
401,10802,108,02,2,1405,機械及設備,149587984
401,10802,108,02,2,1406,交通及運輸設備,165123658
401,10802,108,02,2,1407,雜項設備,53991622
401,10802,108,02,2,1601,無形資產,152940763
401,10802,108,02,2,3601,資本資產總額,4908838169
401,10803,108,03,2,1401,土地,3363058009
401,10803,108,03,2,1404,房屋建築及設備,1021934108
401,10803,108,03,2,1405,機械及設備,149715042
401,10803,108,03,2,1406,交通及運輸設備,162149371
401,10803,108,03,2,1407,雜項設備,52895570
401,10803,108,03,2,1601,無形資產,154260246
401,10803,108,03,2,3601,資本資產總額,4904012346
401,10804,108,04,2,1401,土地,3363058009
401,10804,108,04,2,1404,房屋建築及設備,1019732080
401,10804,108,04,2,1405,機械及設備,145801642
401,10804,108,04,2,1406,交通及運輸設備,158152561
401,10804,108,04,2,1407,雜項設備,53122422
401,10804,108,04,2,1601,無形資產,157157236
401,10804,108,04,2,3601,資本資產總額,4897023950
401,10805,108,05,2,1401,土地,3649666289
401,10805,108,05,2,1404,房屋建築及設備,1053126390
401,10805,108,05,2,1405,機械及設備,141686634
401,10805,108,05,2,1406,交通及運輸設備,154041735
401,10805,108,05,2,1407,雜項設備,53738709
401,10805,108,05,2,1601,無形資產,150099946
401,10805,108,05,2,3601,資本資產總額,5202359703
401,10806,108,06,2,1401,土地,3649666289
401,10806,108,06,2,1404,房屋建築及設備,1050881302
401,10806,108,06,2,1405,機械及設備,137781679
401,10806,108,06,2,1406,交通及運輸設備,149935536
401,10806,108,06,2,1407,雜項設備,52137237
401,10806,108,06,2,1601,無形資產,143074286
401,10806,108,06,2,3601,資本資產總額,5183476329
401,10807,108,07,2,1401,土地,3649666289
401,10807,108,07,2,1404,房屋建築及設備,1048636503
401,10807,108,07,2,1405,機械及設備,132582125
401,10807,108,07,2,1406,交通及運輸設備,149944129
401,10807,108,07,2,1407,雜項設備,53217860
401,10807,108,07,2,1601,無形資產,141838911
401,10807,108,07,2,3601,資本資產總額,5175885817
401,10808,108,08,2,1401,土地,3649666289
401,10808,108,08,2,1404,房屋建築及設備,1046391700
401,10808,108,08,2,1405,機械及設備,127537986
401,10808,108,08,2,1406,交通及運輸設備,145951214
401,10808,108,08,2,1407,雜項設備,52327677
401,10808,108,08,2,1601,無形資產,137121431
401,10808,108,08,2,3601,資本資產總額,5158996297
401,10809,108,10,2,1401,土地,3649666289
401,10809,108,10,2,1404,房屋建築及設備,1044146901
401,10809,108,10,2,1405,機械及設備,122644738
401,10809,108,10,2,1406,交通及運輸設備,169802175
401,10809,108,10,2,1407,雜項設備,50879234
401,10809,108,10,2,1601,無形資產,132138839
401,10809,108,10,2,3601,資本資產總額,5169278176
401,10810,108,10,2,1401,土地,3649666289
401,10810,108,10,2,1404,房屋建築及設備,1041902098
401,10810,108,10,2,1405,機械及設備,118504357
401,10810,108,10,2,1406,交通及運輸設備,170892060
401,10810,108,10,2,1407,雜項設備,49509645
401,10810,108,10,2,1601,無形資產,124944360
401,10810,108,10,2,3601,資本資產總額,5155418809
401,10811,108,11,2,1401,土地,3649666289
401,10811,108,11,2,1404,房屋建築及設備,1039657299
401,10811,108,11,2,1405,機械及設備,112717249
401,10811,108,11,2,1406,交通及運輸設備,166255935
401,10811,108,11,2,1407,雜項設備,48159076
401,10811,108,11,2,1601,無形資產,123986861
401,10811,108,11,2,3601,資本資產總額,5140442709
401,10812,108,12,2,1401,土地,3649666289
401,10812,108,12,2,1404,房屋建築及設備,1037818631
401,10812,108,12,2,1405,機械及設備,128002935
401,10812,108,12,2,1406,交通及運輸設備,180371055
401,10812,108,12,2,1407,雜項設備,49148606
401,10812,108,12,2,1601,無形資產,150900481
401,10812,108,12,2,3601,資本資產總額,5195907997
401,105,105,12,2,1401,土地,3188239817
401,105,105,12,2,1404,房屋建築及設備,1346281435
401,105,105,12,2,1405,機械及設備,270360355
401,105,105,12,2,1406,交通及運輸設備,146405608
401,105,105,12,2,1407,雜項設備,71020007
401,105,105,12,2,1601,無形資產,142840560
401,105,105,12,2,3601,資本資產總額,5165147782
401,106,106,12,2,1401,土地,3387994817
401,106,106,12,2,1404,房屋建築及設備,1320399199
401,106,106,12,2,1405,機械及設備,211638040
401,106,106,12,2,1406,交通及運輸設備,162019796
401,106,106,12,2,1407,雜項設備,63907524
401,106,106,12,2,1601,無形資產,185847744
401,106,106,12,2,3601,資本資產總額,5331807120
401,107,107,12,2,1401,土地,3300616772,3387994817
401,107,107,12,2,1404,房屋建築及設備,1297560524,1320399199
401,107,107,12,2,1405,機械及設備,159803151,211638040
401,107,107,12,2,1406,交通及運輸設備,173569663,162019796
401,107,107,12,2,1407,雜項設備,57409291,63907524
401,107,107,12,2,1601,無形資產,165127466,185847744
401,107,107,12,2,3601,資本資產總額,5154086867,5331807120
401,108,108,12,2,1401,土地,3649666289,3300616772
401,108,108,12,2,1404,房屋建築及設備,1037818631,1297560524
401,108,108,12,2,1405,機械及設備,128002935,159803151
401,108,108,12,2,1406,交通及運輸設備,180371055,173569663
401,108,108,12,2,1407,雜項設備,49148606,57409291
401,108,108,12,2,1601,無形資產,150900481,165127466
401,108,108,12,2,3601,資本資產總額,5195907997,5154086867
501,105,105,12,2,1401,土地,2414227293
501,105,105,12,2,1404,房屋建築及設備,169888915
501,105,105,12,2,1405,機械及設備,38362847
501,105,105,12,2,1406,交通及運輸設備,10214211
501,105,105,12,2,1407,雜項設備,10916400
501,105,105,12,2,1601,無形資產,89315990
501,105,105,12,2,3601,資本資產總額,2732925656
501,106,106,12,2,1401,土地,2607465093,2414227293
501,106,106,12,2,1404,房屋建築及設備,162856430,169888915
501,106,106,12,2,1405,機械及設備,38269199,38362847
501,106,106,12,2,1406,交通及運輸設備,9478131,10214211
501,106,106,12,2,1407,雜項設備,13146320,10916400
501,106,106,12,2,1601,無形資產,101096996,89315990
501,106,106,12,2,3601,資本資產總額,2932312169,2732925656
501,107,107,12,2,1401,土地,2488410191,2607465093
501,107,107,12,2,1404,房屋建築及設備,155841794,162856430
501,107,107,12,2,1405,機械及設備,33914781,38269199
501,107,107,12,2,1406,交通及運輸設備,9063092,9478131
501,107,107,12,2,1407,雜項設備,13897777,13146320
501,107,107,12,2,1601,無形資產,113863526,101096996
501,107,107,12,2,3601,資本資產總額,2814991161,2932312169
501,108,108,12,2,1401,土地,2488410191,2488410191
501,108,108,12,2,1404,房屋建築及設備,148827158,155841794
501,108,108,12,2,1405,機械及設備,57328307,33914781
501,108,108,12,2,1406,交通及運輸設備,6611432,9063092
501,108,108,12,2,1407,雜項設備,15942627,13897777
501,108,108,12,2,1601,無形資產,141861448,113863526
501,108,108,12,2,3601,資本資產總額,2858981163,2814991161
2001,10501,105,01,2,1302,非採權益法之股權投資,8
2001,10501,105,01,2,1401,土地,263171889902
2001,10501,105,01,2,1402,土地改良物,5131262439
2001,10501,105,01,2,1404,房屋建築及設備,155829198498
2001,10501,105,01,2,1405,機械及設備,263424988
2001,10501,105,01,2,1406,交通及運輸設備,57256638
2001,10501,105,01,2,1407,雜項設備,195027552
2001,10501,105,01,2,1410,收藏品及傳承資產,10226450842
2001,10501,105,01,2,1411,購建中固定資產,43007883
2001,10501,105,01,2,1601,無形資產,51496735
2001,10501,105,01,2,3601,資本資產總額,434969015485
2001,10502,105,02,2,1302,非採權益法之股權投資,8
2001,10502,105,02,2,1401,土地,263247297949
2001,10502,105,02,2,1402,土地改良物,5131261853
2001,10502,105,02,2,1404,房屋建築及設備,155829110997
2001,10502,105,02,2,1405,機械及設備,261216591
2001,10502,105,02,2,1406,交通及運輸設備,57240397
2001,10502,105,02,2,1407,雜項設備,195680283
2001,10502,105,02,2,1410,收藏品及傳承資產,10226450842
2001,10502,105,02,2,1411,購建中固定資產,42626863
2001,10502,105,02,2,1601,無形資產,51475669
2001,10502,105,02,2,3601,資本資產總額,435042361452
2001,10503,105,03,2,1302,非採權益法之股權投資,8
2001,10503,105,03,2,1401,土地,263247297949
2001,10503,105,03,2,1402,土地改良物,5131261267
2001,10503,105,03,2,1404,房屋建築及設備,155732764556
2001,10503,105,03,2,1405,機械及設備,259676635
2001,10503,105,03,2,1406,交通及運輸設備,57110003
2001,10503,105,03,2,1407,雜項設備,194786211
2001,10503,105,03,2,1410,收藏品及傳承資產,10226580842
2001,10503,105,03,2,1411,購建中固定資產,46930434
2001,10503,105,03,2,1601,無形資產,52729406
2001,10503,105,03,2,3601,資本資產總額,434949137311
2001,10504,105,04,2,1302,非採權益法之股權投資,8
2001,10504,105,04,2,1401,土地,263247297949
2001,10504,105,04,2,1402,土地改良物,5131260681
2001,10504,105,04,2,1404,房屋建築及設備,155732677055
2001,10504,105,04,2,1405,機械及設備,258347133
2001,10504,105,04,2,1406,交通及運輸設備,57171959
2001,10504,105,04,2,1407,雜項設備,194600498
2001,10504,105,04,2,1410,收藏品及傳承資產,10226580842
2001,10504,105,04,2,1411,購建中固定資產,47595727
2001,10504,105,04,2,1601,無形資產,52708340
2001,10504,105,04,2,3601,資本資產總額,434948240192
2001,10505,105,05,2,1302,非採權益法之股權投資,8
2001,10505,105,05,2,1401,土地,227914278903
2001,10505,105,05,2,1402,土地改良物,388133110
2001,10505,105,05,2,1404,房屋建築及設備,57816511792
2001,10505,105,05,2,1405,機械及設備,127439779
2001,10505,105,05,2,1406,交通及運輸設備,8520396
2001,10505,105,05,2,1407,雜項設備,82455020
2001,10505,105,05,2,1410,收藏品及傳承資產,10003292482
2001,10505,105,05,2,1411,購建中固定資產,48264746
2001,10505,105,05,2,1601,無形資產,52687273
2001,10505,105,05,2,3601,資本資產總額,296441583509
2001,10506,105,06,2,1302,非採權益法之股權投資,8
2001,10506,105,06,2,1401,土地,227916395703
2001,10506,105,06,2,1402,土地改良物,388132524
2001,10506,105,06,2,1404,房屋建築及設備,57815551854
2001,10506,105,06,2,1405,機械及設備,159084375
2001,10506,105,06,2,1406,交通及運輸設備,8439235
2001,10506,105,06,2,1407,雜項設備,82502133
2001,10506,105,06,2,1410,收藏品及傳承資產,10202495026
2001,10506,105,06,2,1411,購建中固定資產,54111886
2001,10506,105,06,2,1601,無形資產,52666207
2001,10506,105,06,2,3601,資本資產總額,296679378951
2001,10507,105,07,2,1302,非採權益法之股權投資,8
2001,10507,105,07,2,1401,土地,238016893035
2001,10507,105,07,2,1402,土地改良物,387200514
2001,10507,105,07,2,1404,房屋建築及設備,57366107095
2001,10507,105,07,2,1405,機械及設備,157469428
2001,10507,105,07,2,1406,交通及運輸設備,8191146
2001,10507,105,07,2,1407,雜項設備,78746685
2001,10507,105,07,2,1410,收藏品及傳承資產,12322805768
2001,10507,105,07,2,1411,購建中固定資產,54194003
2001,10507,105,07,2,1601,無形資產,52647335
2001,10507,105,07,2,3601,資本資產總額,308444255017
2001,10508,105,08,2,1302,非採權益法之股權投資,8
2001,10508,105,08,2,1401,土地,238016893035
2001,10508,105,08,2,1402,土地改良物,387199928
2001,10508,105,08,2,1404,房屋建築及設備,57366019594
2001,10508,105,08,2,1405,機械及設備,154429059
2001,10508,105,08,2,1406,交通及運輸設備,8078929
2001,10508,105,08,2,1407,雜項設備,78420450
2001,10508,105,08,2,1410,收藏品及傳承資產,12322805768
2001,10508,105,08,2,1411,購建中固定資產,54867624
2001,10508,105,08,2,1601,無形資產,52644298
2001,10508,105,08,2,3601,資本資產總額,308441358693
2001,10509,105,09,2,1302,非採權益法之股權投資,8
2001,10509,105,09,2,1401,土地,238016893035
2001,10509,105,09,2,1402,土地改良物,387199342
2001,10509,105,09,2,1404,房屋建築及設備,57365059653
2001,10509,105,09,2,1405,機械及設備,175647323
2001,10509,105,09,2,1406,交通及運輸設備,8035255
2001,10509,105,09,2,1407,雜項設備,78337979
2001,10509,105,09,2,1410,收藏品及傳承資產,12322805768
2001,10509,105,09,2,1411,購建中固定資產,29602036
2001,10509,105,09,2,1601,無形資產,52641260
2001,10509,105,09,2,3601,資本資產總額,308436221659
2001,10510,105,10,2,1302,非採權益法之股權投資,8
2001,10510,105,10,2,1401,土地,255666000403
2001,10510,105,10,2,1402,土地改良物,385483724
2001,10510,105,10,2,1404,房屋建築及設備,56937914816
2001,10510,105,10,2,1405,機械及設備,156962870
2001,10510,105,10,2,1406,交通及運輸設備,7706623
2001,10510,105,10,2,1407,雜項設備,73770741
2001,10510,105,10,2,1410,收藏品及傳承資產,13015279557
2001,10510,105,10,2,1411,購建中固定資產,48187539
2001,10510,105,10,2,1601,無形資產,53034173
2001,10510,105,10,2,3601,資本資產總額,326344340454
2001,10511,105,11,2,1302,非採權益法之股權投資,8
2001,10511,105,11,2,1399,其他長期投資,222019782695
2001,10511,105,11,2,1401,土地,255666000403
2001,10511,105,11,2,1402,土地改良物,385483138
2001,10511,105,11,2,1404,房屋建築及設備,56937827313
2001,10511,105,11,2,1405,機械及設備,153262631
2001,10511,105,11,2,1406,交通及運輸設備,7620912
2001,10511,105,11,2,1407,雜項設備,73959295
2001,10511,105,11,2,1410,收藏品及傳承資產,13015279557
2001,10511,105,11,2,1411,購建中固定資產,49556471
2001,10511,105,11,2,1601,無形資產,54474727
2001,10511,105,11,2,3601,資本資產總額,548363247150
2001,10512,105,12,2,1301,採權益法之股權投資,8372792
2001,10512,105,12,2,1399,其他長期投資,318351964928
2001,10512,105,12,2,1401,土地,260867774499
2001,10512,105,12,2,1402,土地改良物,387608687
2001,10512,105,12,2,1404,房屋建築及設備,58514262629
2001,10512,105,12,2,1405,機械及設備,159315531
2001,10512,105,12,2,1406,交通及運輸設備,7454643
2001,10512,105,12,2,1407,雜項設備,69834642
2001,10512,105,12,2,1410,收藏品及傳承資產,13015828554
2001,10512,105,12,2,1411,購建中固定資產,68030397
2001,10512,105,12,2,1601,無形資產,89077984
2001,10512,105,12,2,3601,資本資產總額,651539525286
2001,10601,106,01,2,1301,採權益法之股權投資,8372792
2001,10601,106,01,2,1399,其他長期投資,318352082828
2001,10601,106,01,2,1401,土地,260867774499
2001,10601,106,01,2,1402,土地改良物,387608101
2001,10601,106,01,2,1404,房屋建築及設備,58514255161
2001,10601,106,01,2,1405,機械及設備,159244993
2001,10601,106,01,2,1406,交通及運輸設備,7441267
2001,10601,106,01,2,1407,雜項設備,69731118
2001,10601,106,01,2,1410,收藏品及傳承資產,13015828554
2001,10601,106,01,2,1411,購建中固定資產,77632527
2001,10601,106,01,2,1601,無形資產,89075170
2001,10601,106,01,2,3601,資本資產總額,651549047010
2001,10602,106,02,2,1301,採權益法之股權投資,8372792
2001,10602,106,02,2,1399,其他長期投資,318433312704
2001,10602,106,02,2,1401,土地,260867774499
2001,10602,106,02,2,1402,土地改良物,387607515
2001,10602,106,02,2,1404,房屋建築及設備,58514087625
2001,10602,106,02,2,1405,機械及設備,168760750
2001,10602,106,02,2,1406,交通及運輸設備,7502361
2001,10602,106,02,2,1407,雜項設備,69905854
2001,10602,106,02,2,1410,收藏品及傳承資產,13015828554
2001,10602,106,02,2,1411,購建中固定資產,80498303
2001,10602,106,02,2,1601,無形資產,89430017
2001,10602,106,02,2,3601,資本資產總額,651643080974
2001,10603,106,03,2,1301,採權益法之股權投資,8372792
2001,10603,106,03,2,1399,其他長期投資,318867667638
2001,10603,106,03,2,1401,土地,260867774499
2001,10603,106,03,2,1402,土地改良物,387606929
2001,10603,106,03,2,1404,房屋建築及設備,58513127684
2001,10603,106,03,2,1405,機械及設備,164946859
2001,10603,106,03,2,1406,交通及運輸設備,7389134
2001,10603,106,03,2,1407,雜項設備,69689145
2001,10603,106,03,2,1410,收藏品及傳承資產,13015828554
2001,10603,106,03,2,1411,購建中固定資產,88252064
2001,10603,106,03,2,1601,無形資產,94044447
2001,10603,106,03,2,3601,資本資產總額,652084699745
2001,10604,106,04,2,1301,採權益法之股權投資,8372792
2001,10604,106,04,2,1399,其他長期投資,319704553606
2001,10604,106,04,2,1401,土地,261651433435
2001,10604,106,04,2,1402,土地改良物,378594383
2001,10604,106,04,2,1404,房屋建築及設備,58040588191
2001,10604,106,04,2,1405,機械及設備,396251151
2001,10604,106,04,2,1406,交通及運輸設備,7968340
2001,10604,106,04,2,1407,雜項設備,65193914
2001,10604,106,04,2,1410,收藏品及傳承資產,13020839568
2001,10604,106,04,2,1411,購建中固定資產,83596451
2001,10604,106,04,2,1601,無形資產,128775607
2001,10604,106,04,2,3601,資本資產總額,653486167438
2001,10605,106,05,2,1301,採權益法之股權投資,8372792
2001,10605,106,05,2,1399,其他長期投資,320186455803
2001,10605,106,05,2,1401,土地,261651433435
2001,10605,106,05,2,1402,土地改良物,378593797
2001,10605,106,05,2,1404,房屋建築及設備,58185886699
2001,10605,106,05,2,1405,機械及設備,367215728
2001,10605,106,05,2,1406,交通及運輸設備,7830231
2001,10605,106,05,2,1407,雜項設備,65024478
2001,10605,106,05,2,1410,收藏品及傳承資產,13020839568
2001,10605,106,05,2,1411,購建中固定資產,90443562
2001,10605,106,05,2,1601,無形資產,134704892
2001,10605,106,05,2,3601,資本資產總額,654096800985
2001,10606,106,06,2,1301,採權益法之股權投資,8372792
2001,10606,106,06,2,1399,其他長期投資,320783615006
2001,10606,106,06,2,1401,土地,261651433435
2001,10606,106,06,2,1402,土地改良物,378593211
2001,10606,106,06,2,1404,房屋建築及設備,58185454957
2001,10606,106,06,2,1405,機械及設備,359550523
2001,10606,106,06,2,1406,交通及運輸設備,7808410
2001,10606,106,06,2,1407,雜項設備,64864873
2001,10606,106,06,2,1410,收藏品及傳承資產,13020839568
2001,10606,106,06,2,1411,購建中固定資產,89362682
2001,10606,106,06,2,1601,無形資產,141185605
2001,10606,106,06,2,3601,資本資產總額,654691081062
2001,10607,106,07,2,1301,採權益法之股權投資,8372792
2001,10607,106,07,2,1399,其他長期投資,321085660598
2001,10607,106,07,2,1401,土地,263611480737
2001,10607,106,07,2,1402,土地改良物,369139130
2001,10607,106,07,2,1404,房屋建築及設備,57716378590
2001,10607,106,07,2,1405,機械及設備,367346219
2001,10607,106,07,2,1406,交通及運輸設備,7594544
2001,10607,106,07,2,1407,雜項設備,60335012
2001,10607,106,07,2,1410,收藏品及傳承資產,15047340327
2001,10607,106,07,2,1411,購建中固定資產,90774485
2001,10607,106,07,2,1601,無形資產,143217149
2001,10607,106,07,2,3601,資本資產總額,658507639583
2001,10608,106,08,2,1301,採權益法之股權投資,8372792
2001,10608,106,08,2,1399,其他長期投資,321538226706
2001,10608,106,08,2,1401,土地,263611480737
2001,10608,106,08,2,1402,土地改良物,369138544
2001,10608,106,08,2,1404,房屋建築及設備,57715993814
2001,10608,106,08,2,1405,機械及設備,362542713
2001,10608,106,08,2,1406,交通及運輸設備,7528048
2001,10608,106,08,2,1407,雜項設備,60283307
2001,10608,106,08,2,1410,收藏品及傳承資產,15047340327
2001,10608,106,08,2,1411,購建中固定資產,91459109
2001,10608,106,08,2,1601,無形資產,147094598
2001,10608,106,08,2,3601,資本資產總額,658959460695
2001,10609,106,09,2,1301,採權益法之股權投資,8372792
2001,10609,106,09,2,1399,其他長期投資,322717986263
2001,10609,106,09,2,1401,土地,263611480737
2001,10609,106,09,2,1402,土地改良物,369137958
2001,10609,106,09,2,1404,房屋建築及設備,57715609038
2001,10609,106,09,2,1405,機械及設備,355589774
2001,10609,106,09,2,1406,交通及運輸設備,7470808
2001,10609,106,09,2,1407,雜項設備,60055885
2001,10609,106,09,2,1410,收藏品及傳承資產,15047340327
2001,10609,106,09,2,1411,購建中固定資產,93390895
2001,10609,106,09,2,1601,無形資產,149518771
2001,10609,106,09,2,3601,資本資產總額,660135953248
2001,10610,106,10,2,1301,採權益法之股權投資,8372792
2001,10610,106,10,2,1399,其他長期投資,323324436150
2001,10610,106,10,2,1401,土地,260731924257
2001,10610,106,10,2,1402,土地改良物,360703739
2001,10610,106,10,2,1404,房屋建築及設備,57254221260
2001,10610,106,10,2,1405,機械及設備,346432244
2001,10610,106,10,2,1406,交通及運輸設備,7272433
2001,10610,106,10,2,1407,雜項設備,70896623
2001,10610,106,10,2,1410,收藏品及傳承資產,15046673388
2001,10610,106,10,2,1411,購建中固定資產,77864326
2001,10610,106,10,2,1601,無形資產,152835198
2001,10610,106,10,2,3601,資本資產總額,657381632410
2001,10611,106,11,2,1301,採權益法之股權投資,8372792
2001,10611,106,11,2,1399,其他長期投資,326143912016
2001,10611,106,11,2,1401,土地,260731924257
2001,10611,106,11,2,1402,土地改良物,360703153
2001,10611,106,11,2,1404,房屋建築及設備,57253722800
2001,10611,106,11,2,1405,機械及設備,345639646
2001,10611,106,11,2,1406,交通及運輸設備,7263942
2001,10611,106,11,2,1407,雜項設備,73073606
2001,10611,106,11,2,1410,收藏品及傳承資產,15048187629
2001,10611,106,11,2,1411,購建中固定資產,85758955
2001,10611,106,11,2,1601,無形資產,156083183
2001,10611,106,11,2,3601,資本資產總額,660214641979
2001,10612,106,12,2,1301,採權益法之股權投資,15470024
2001,10612,106,12,2,1399,其他長期投資,328625727612
2001,10612,106,12,2,1401,土地,260626893807
2001,10612,106,12,2,1402,土地改良物,352324708
2001,10612,106,12,2,1404,房屋建築及設備,56806558020
2001,10612,106,12,2,1405,機械及設備,336930319
2001,10612,106,12,2,1406,交通及運輸設備,7183565
2001,10612,106,12,2,1407,雜項設備,66895988
2001,10612,106,12,2,1410,收藏品及傳承資產,13185803209
2001,10612,106,12,2,1411,購建中固定資產,150747593
2001,10612,106,12,2,1601,無形資產,185265101
2001,10612,106,12,2,3601,資本資產總額,660359799947
2001,10701,107,01,2,1301,採權益法之股權投資,15470024
2001,10701,107,01,2,1399,其他長期投資,328637371724
2001,10701,107,01,2,1401,土地,260628227188
2001,10701,107,01,2,1402,土地改良物,352324122
2001,10701,107,01,2,1404,房屋建築及設備,56806278089
2001,10701,107,01,2,1405,機械及設備,342500630
2001,10701,107,01,2,1406,交通及運輸設備,7032274
2001,10701,107,01,2,1407,雜項設備,67688471
2001,10701,107,01,2,1410,收藏品及傳承資產,13172891933
2001,10701,107,01,2,1411,購建中固定資產,119359068
2001,10701,107,01,2,1601,無形資產,203053199
2001,10701,107,01,2,3601,資本資產總額,660352196722
2001,10702,107,02,2,1301,採權益法之股權投資,15470024
2001,10702,107,02,2,1399,其他長期投資,328759287202
2001,10702,107,02,2,1401,土地,260628227188
2001,10702,107,02,2,1402,土地改良物,352323536
2001,10702,107,02,2,1404,房屋建築及設備,56808349657
2001,10702,107,02,2,1405,機械及設備,333778167
2001,10702,107,02,2,1406,交通及運輸設備,6919638
2001,10702,107,02,2,1407,雜項設備,67136281
2001,10702,107,02,2,1410,收藏品及傳承資產,13172891933
2001,10702,107,02,2,1411,購建中固定資產,114166837
2001,10702,107,02,2,1601,無形資產,208673997
2001,10702,107,02,2,3601,資本資產總額,660467224460
2001,10703,107,03,2,1301,採權益法之股權投資,15470024
2001,10703,107,03,2,1399,其他長期投資,328909527033
2001,10703,107,03,2,1401,土地,260628227188
2001,10703,107,03,2,1402,土地改良物,352322950
2001,10703,107,03,2,1404,房屋建築及設備,56807189842
2001,10703,107,03,2,1405,機械及設備,326965326
2001,10703,107,03,2,1406,交通及運輸設備,6828374
2001,10703,107,03,2,1407,雜項設備,67075413
2001,10703,107,03,2,1410,收藏品及傳承資產,13172891933
2001,10703,107,03,2,1411,購建中固定資產,124498133
2001,10703,107,03,2,1601,無形資產,215767297
2001,10703,107,03,2,3601,資本資產總額,660626763513
2001,10704,107,04,2,1301,採權益法之股權投資,15470024
2001,10704,107,04,2,1399,其他長期投資,329463482272
2001,10704,107,04,2,1401,土地,256519452743
2001,10704,107,04,2,1402,土地改良物,358199619
2001,10704,107,04,2,1404,房屋建築及設備,56730182581
2001,10704,107,04,2,1405,機械及設備,312301130
2001,10704,107,04,2,1406,交通及運輸設備,4956140
2001,10704,107,04,2,1407,雜項設備,31149048
2001,10704,107,04,2,1410,收藏品及傳承資產,12640784683
2001,10704,107,04,2,1411,購建中固定資產,116512490
2001,10704,107,04,2,1601,無形資產,224894275
2001,10704,107,04,2,3601,資本資產總額,656417385005
2001,10705,107,05,2,1301,採權益法之股權投資,15470024
2001,10705,107,05,2,1399,其他長期投資,330031143802
2001,10705,107,05,2,1401,土地,256519452743
2001,10705,107,05,2,1402,土地改良物,358199033
2001,10705,107,05,2,1404,房屋建築及設備,56729905891
2001,10705,107,05,2,1405,機械及設備,303515511
2001,10705,107,05,2,1406,交通及運輸設備,4860824
2001,10705,107,05,2,1407,雜項設備,30260250
2001,10705,107,05,2,1410,收藏品及傳承資產,12640784683
2001,10705,107,05,2,1411,購建中固定資產,121020228
2001,10705,107,05,2,1601,無形資產,225112168
2001,10705,107,05,2,3601,資本資產總額,656979725157
2001,10706,107,06,2,1301,採權益法之股權投資,15470024
2001,10706,107,06,2,1399,其他長期投資,329914527144
2001,10706,107,06,2,1401,土地,256519452743
2001,10706,107,06,2,1402,土地改良物,358198447
2001,10706,107,06,2,1404,房屋建築及設備,56728752559
2001,10706,107,06,2,1405,機械及設備,295760672
2001,10706,107,06,2,1406,交通及運輸設備,5541131
2001,10706,107,06,2,1407,雜項設備,30416694
2001,10706,107,06,2,1410,收藏品及傳承資產,12659618179
2001,10706,107,06,2,1411,購建中固定資產,102945934
2001,10706,107,06,2,1601,無形資產,288455764
2001,10706,107,06,2,3601,資本資產總額,656919139291
2001,10707,107,07,2,1301,採權益法之股權投資,15470024
2001,10707,107,07,2,1399,其他長期投資,330132625697
2001,10707,107,07,2,1401,土地,253107136716
2001,10707,107,07,2,1402,土地改良物,325245488
2001,10707,107,07,2,1404,房屋建築及設備,53752996808
2001,10707,107,07,2,1405,機械及設備,290806249
2001,10707,107,07,2,1406,交通及運輸設備,5444499
2001,10707,107,07,2,1407,雜項設備,33338309
2001,10707,107,07,2,1410,收藏品及傳承資產,12657078210
2001,10707,107,07,2,1411,購建中固定資產,110439435
2001,10707,107,07,2,1601,無形資產,290917947
2001,10707,107,07,2,3601,資本資產總額,650721499382
2001,10708,107,08,2,1301,採權益法之股權投資,15470024
2001,10708,107,08,2,1399,其他長期投資,330433871167
2001,10708,107,08,2,1401,土地,253107136716
2001,10708,107,08,2,1402,土地改良物,325244902
2001,10708,107,08,2,1404,房屋建築及設備,53752720118
2001,10708,107,08,2,1405,機械及設備,295513753
2001,10708,107,08,2,1406,交通及運輸設備,5376032
2001,10708,107,08,2,1407,雜項設備,39016368
2001,10708,107,08,2,1410,收藏品及傳承資產,12657078210
2001,10708,107,08,2,1411,購建中固定資產,94886689
2001,10708,107,08,2,1601,無形資產,299836983
2001,10708,107,08,2,3601,資本資產總額,651026150962
2001,10709,107,09,2,1301,採權益法之股權投資,15470024
2001,10709,107,09,2,1399,其他長期投資,331476106723
2001,10709,107,09,2,1401,土地,253107136716
2001,10709,107,09,2,1402,土地改良物,325244316
2001,10709,107,09,2,1404,房屋建築及設備,53751566786
2001,10709,107,09,2,1405,機械及設備,292581657
2001,10709,107,09,2,1406,交通及運輸設備,5225150
2001,10709,107,09,2,1407,雜項設備,38236990
2001,10709,107,09,2,1410,收藏品及傳承資產,12657078210
2001,10709,107,09,2,1411,購建中固定資產,97163565
2001,10709,107,09,2,1601,無形資產,301009280
2001,10709,107,09,2,3601,資本資產總額,652066819417
2001,10710,107,10,2,1301,採權益法之股權投資,15470024
2001,10710,107,10,2,130101,採權益法之股權投資,8
2001,10710,107,10,2,130102,採權益法之股權投資評價調整,15470016
2001,10710,107,10,2,1399,其他長期投資,332203882373
2001,10710,107,10,2,139901,其他長期投資,237448813486
2001,10710,107,10,2,139902,其他長期投資評價調整,94755068886
2001,10710,107,10,2,1401,土地,252807882360
2001,10710,107,10,2,140101,土地,252807882360
2001,10710,107,10,2,1402,土地改良物,317183556
2001,10710,107,10,2,140201,土地改良物,391302795
2001,10710,107,10,2,140202,累計折舊─土地改良物,-74119239
2001,10710,107,10,2,1404,房屋建築及設備,53334980555
2001,10710,107,10,2,140401,房屋建築及設備,57393541265
2001,10710,107,10,2,140402,累計折舊─房屋建築及設備,-4058560710
2001,10710,107,10,2,1405,機械及設備,285074072
2001,10710,107,10,2,140501,機械及設備,794821537
2001,10710,107,10,2,140502,累計折舊─機械及設備,-509747465
2001,10710,107,10,2,1406,交通及運輸設備,5122971
2001,10710,107,10,2,140601,交通及運輸設備,39853945
2001,10710,107,10,2,140602,累計折舊─交通及運輸設備,-34730974
2001,10710,107,10,2,1407,雜項設備,37610009
2001,10710,107,10,2,140701,雜項設備,138822665
2001,10710,107,10,2,140702,累計折舊─雜項設備,-101212656
2001,10710,107,10,2,1410,收藏品及傳承資產,12653387258
2001,10710,107,10,2,141001,收藏品及傳承資產,12653387258
2001,10710,107,10,2,1411,購建中固定資產,109334657
2001,10710,107,10,2,141101,購建中固定資產,109334657
2001,10710,107,10,2,1601,無形資產,302409864
2001,10710,107,10,2,160101,權利,19391
2001,10710,107,10,2,160102,電腦軟體,302390473
2001,10710,107,10,2,3601,資本資產總額,652072337699
2001,10710,107,10,2,360101,資本資產總額,652072337699
2001,10711,107,11,2,1301,採權益法之股權投資,15470024
2001,10711,107,11,2,1399,其他長期投資,332733382966
2001,10711,107,11,2,1401,土地,252807882360
2001,10711,107,11,2,1402,土地改良物,317182970
2001,10711,107,11,2,1404,房屋建築及設備,53334237341
2001,10711,107,11,2,1405,機械及設備,287672981
2001,10711,107,11,2,1406,交通及運輸設備,5020770
2001,10711,107,11,2,1407,雜項設備,37044735
2001,10711,107,11,2,1410,收藏品及傳承資產,12653387258
2001,10711,107,11,2,1411,購建中固定資產,114055474
2001,10711,107,11,2,1601,無形資產,309944594
2001,10711,107,11,2,3601,資本資產總額,652615281473
2001,10712,107,12,2,1301,採權益法之股權投資,12813785
2001,10712,107,12,2,1399,其他長期投資,336347451522
2001,10712,107,12,2,1401,土地,248731771567
2001,10712,107,12,2,1402,土地改良物,320558111
2001,10712,107,12,2,1404,房屋建築及設備,54962468366
2001,10712,107,12,2,1405,機械及設備,303149644
2001,10712,107,12,2,1406,交通及運輸設備,6402452
2001,10712,107,12,2,1407,雜項設備,59810208
2001,10712,107,12,2,1410,收藏品及傳承資產,12486626831
2001,10712,107,12,2,1411,購建中固定資產,141642499
2001,10712,107,12,2,1601,無形資產,299870022
2001,10712,107,12,2,3601,資本資產總額,653672565007
2001,10801,108,01,2,1301,採權益法之股權投資,12813785
2001,10801,108,01,2,1399,其他長期投資,336376098617
2001,10801,108,01,2,1401,土地,248731771567
2001,10801,108,01,2,1402,土地改良物,320557525
2001,10801,108,01,2,1404,房屋建築及設備,54962152799
2001,10801,108,01,2,1405,機械及設備,299621160
2001,10801,108,01,2,1406,交通及運輸設備,6296011
2001,10801,108,01,2,1407,雜項設備,59450694
2001,10801,108,01,2,1410,收藏品及傳承資產,12486626831
2001,10801,108,01,2,1411,購建中固定資產,139542395
2001,10801,108,01,2,1601,無形資產,299798307
2001,10801,108,01,2,3601,資本資產總額,653694729691
2001,10802,108,02,2,1301,採權益法之股權投資,12813785
2001,10802,108,02,2,1399,其他長期投資,336628787302
2001,10802,108,02,2,1401,土地,248731771567
2001,10802,108,02,2,1402,土地改良物,320556939
2001,10802,108,02,2,1404,房屋建築及設備,54961837232
2001,10802,108,02,2,1405,機械及設備,294186276
2001,10802,108,02,2,1406,交通及運輸設備,6196788
2001,10802,108,02,2,1407,雜項設備,62547135
2001,10802,108,02,2,1410,收藏品及傳承資產,12486626831
2001,10802,108,02,2,1411,購建中固定資產,140717557
2001,10802,108,02,2,1601,無形資產,301506741
2001,10802,108,02,2,3601,資本資產總額,653947548153
2001,10803,108,03,2,1301,採權益法之股權投資,12813785
2001,10803,108,03,2,1399,其他長期投資,337116386665
2001,10803,108,03,2,1401,土地,248731771567
2001,10803,108,03,2,1402,土地改良物,320556353
2001,10803,108,03,2,1404,房屋建築及設備,54960645023
2001,10803,108,03,2,1405,機械及設備,285250788
2001,10803,108,03,2,1406,交通及運輸設備,6099588
2001,10803,108,03,2,1407,雜項設備,61425387
2001,10803,108,03,2,1410,收藏品及傳承資產,12486626831
2001,10803,108,03,2,1411,購建中固定資產,146980584
2001,10803,108,03,2,1601,無形資產,304749750
2001,10803,108,03,2,3601,資本資產總額,654433306321
2001,10804,108,04,2,1301,採權益法之股權投資,12813785
2001,10804,108,04,2,1399,其他長期投資,337528717380
2001,10804,108,04,2,1401,土地,246429819272
2001,10804,108,04,2,1402,土地改良物,326998910
2001,10804,108,04,2,1404,房屋建築及設備,55075321074
2001,10804,108,04,2,1405,機械及設備,554455868
2001,10804,108,04,2,1406,交通及運輸設備,7630405
2001,10804,108,04,2,1407,雜項設備,68541062
2001,10804,108,04,2,1410,收藏品及傳承資產,13395428443
2001,10804,108,04,2,1411,購建中固定資產,112587681
2001,10804,108,04,2,1601,無形資產,312461898
2001,10804,108,04,2,3601,資本資產總額,653824775778
2001,10805,108,05,2,1301,採權益法之股權投資,12813785
2001,10805,108,05,2,1399,其他長期投資,337622801614
2001,10805,108,05,2,1401,土地,246429819272
2001,10805,108,05,2,1402,土地改良物,326998324
2001,10805,108,05,2,1404,房屋建築及設備,55075005507
2001,10805,108,05,2,1405,機械及設備,554035893
2001,10805,108,05,2,1406,交通及運輸設備,8150393
2001,10805,108,05,2,1407,雜項設備,76439396
2001,10805,108,05,2,1410,收藏品及傳承資產,13395428443
2001,10805,108,05,2,1411,購建中固定資產,134311776
2001,10805,108,05,2,1601,無形資產,321930600
2001,10805,108,05,2,3601,資本資產總額,653957735003
2001,10806,108,06,2,1301,採權益法之股權投資,12813785
2001,10806,108,06,2,1399,其他長期投資,338268540037
2001,10806,108,06,2,1401,土地,246429819272
2001,10806,108,06,2,1402,土地改良物,326997738
2001,10806,108,06,2,1404,房屋建築及設備,55073813298
2001,10806,108,06,2,1405,機械及設備,537779439
2001,10806,108,06,2,1406,交通及運輸設備,9906226
2001,10806,108,06,2,1407,雜項設備,67709960
2001,10806,108,06,2,1410,收藏品及傳承資產,13395428443
2001,10806,108,06,2,1411,購建中固定資產,132314685
2001,10806,108,06,2,1601,無形資產,405829122
2001,10806,108,06,2,3601,資本資產總額,654660952005
2001,10807,108,07,2,1301,採權益法之股權投資,12813785
2001,10807,108,07,2,1399,其他長期投資,338310438563
2001,10807,108,07,2,1401,土地,246018450815
2001,10807,108,07,2,1402,土地改良物,319623263
2001,10807,108,07,2,1404,房屋建築及設備,54401063238
2001,10807,108,07,2,1405,機械及設備,263974780
2001,10807,108,07,2,1406,交通及運輸設備,6815596
2001,10807,108,07,2,1407,雜項設備,37380954
2001,10807,108,07,2,1410,收藏品及傳承資產,13398693719
2001,10807,108,07,2,1411,購建中固定資產,138818430
2001,10807,108,07,2,1601,無形資產,414063267
2001,10807,108,07,2,3601,資本資產總額,653322136410
2001,10808,108,08,2,1301,採權益法之股權投資,12813785
2001,10808,108,08,2,1399,其他長期投資,338614419253
2001,10808,108,08,2,1401,土地,246018098015
2001,10808,108,08,2,1402,土地改良物,319622677
2001,10808,108,08,2,1404,房屋建築及設備,54400747671
2001,10808,108,08,2,1405,機械及設備,264101634
2001,10808,108,08,2,1406,交通及運輸設備,7068466
2001,10808,108,08,2,1407,雜項設備,39574401
2001,10808,108,08,2,1410,收藏品及傳承資產,13398693719
2001,10808,108,08,2,1411,購建中固定資產,158577003
2001,10808,108,08,2,1601,無形資產,424251408
2001,10808,108,08,2,3601,資本資產總額,653657968032
2001,10809,108,09,2,1301,採權益法之股權投資,12813785
2001,10809,108,09,2,1399,其他長期投資,339687229361
2001,10809,108,09,2,1401,土地,246018098015
2001,10809,108,09,2,1402,土地改良物,319622091
2001,10809,108,09,2,1404,房屋建築及設備,54399555463
2001,10809,108,09,2,1405,機械及設備,249291836
2001,10809,108,09,2,1406,交通及運輸設備,6639747
2001,10809,108,09,2,1407,雜項設備,36244168
2001,10809,108,09,2,1410,收藏品及傳承資產,13415531111
2001,10809,108,09,2,1411,購建中固定資產,148448985
2001,10809,108,09,2,1601,無形資產,429267946
2001,10809,108,09,2,3601,資本資產總額,654722742508
2001,10810,108,10,2,1301,採權益法之股權投資,12813785
2001,10810,108,10,2,1399,其他長期投資,340717645008
2001,10810,108,10,2,1401,土地,245781406147
2001,10810,108,10,2,1402,土地改良物,312419278
2001,10810,108,10,2,1404,房屋建築及設備,53966411185
2001,10810,108,10,2,1405,機械及設備,249704919
2001,10810,108,10,2,1406,交通及運輸設備,6464920
2001,10810,108,10,2,1407,雜項設備,35876704
2001,10810,108,10,2,1410,收藏品及傳承資產,13482011123
2001,10810,108,10,2,1411,購建中固定資產,159423027
2001,10810,108,10,2,1601,無形資產,431857957
2001,10810,108,10,2,3601,資本資產總額,655156034053
2001,10811,108,11,2,1301,採權益法之股權投資,12813785
2001,10811,108,11,2,1399,其他長期投資,341398708738
2001,10811,108,11,2,1401,土地,245781406147
2001,10811,108,11,2,1402,土地改良物,312418692
2001,10811,108,11,2,1404,房屋建築及設備,53966095619
2001,10811,108,11,2,1405,機械及設備,239086382
2001,10811,108,11,2,1406,交通及運輸設備,6424511
2001,10811,108,11,2,1407,雜項設備,35168717
2001,10811,108,11,2,1410,收藏品及傳承資產,13482759292
2001,10811,108,11,2,1411,購建中固定資產,224569363
2001,10811,108,11,2,1601,無形資產,432308861
2001,10811,108,11,2,3601,資本資產總額,655891760107
2001,10812,108,12,2,1399,其他長期投資,347241498969
2001,10812,108,12,2,1401,土地,247098175319
2001,10812,108,12,2,1402,土地改良物,318828737
2001,10812,108,12,2,1404,房屋建築及設備,55841053049
2001,10812,108,12,2,1405,機械及設備,349678686
2001,10812,108,12,2,1406,交通及運輸設備,8672471
2001,10812,108,12,2,1407,雜項設備,255987808
2001,10812,108,12,2,1410,收藏品及傳承資產,13476958393
2001,10812,108,12,2,1411,購建中固定資產,298896042
2001,10812,108,12,2,1601,無形資產,182714540
2001,10812,108,12,2,3601,資本資產總額,665072464014
2001,105,105,12,2,1301,採權益法之股權投資,8372792
2001,105,105,12,2,1399,其他長期投資,318351957869
2001,105,105,12,2,1401,土地,260867774499
2001,105,105,12,2,1402,土地改良物,387608687
2001,105,105,12,2,1404,房屋建築及設備,58514262629
2001,105,105,12,2,1405,機械及設備,159315531
2001,105,105,12,2,1406,交通及運輸設備,7454643
2001,105,105,12,2,1407,雜項設備,69834642
2001,105,105,12,2,1410,收藏品及傳承資產,13015828554
2001,105,105,12,2,1411,購建中固定資產,68030397
2001,105,105,12,2,1601,無形資產,89077984
2001,105,105,12,2,3601,資本資產總額,651539518227
2001,106,106,12,2,1301,採權益法之股權投資,15470024,8372792
2001,106,106,12,2,1399,其他長期投資,327860013128,318351964928
2001,106,106,12,2,1401,土地,260626893807,260867774499
2001,106,106,12,2,1402,土地改良物,352324708,387608687
2001,106,106,12,2,1404,房屋建築及設備,56806558020,58514262629
2001,106,106,12,2,1405,機械及設備,336930319,159315531
2001,106,106,12,2,1406,交通及運輸設備,7183565,7454643
2001,106,106,12,2,1407,雜項設備,66895988,69834642
2001,106,106,12,2,1410,收藏品及傳承資產,13185803209,13015828554
2001,106,106,12,2,1411,購建中固定資產,150516465,68030397
2001,106,106,12,2,1601,無形資產,185265101,89077984
2001,106,106,12,2,3601,資本資產總額,659593854334,651539525286
2001,107,107,12,2,1301,採權益法之股權投資,12813785,15470024
2001,107,107,12,2,1399,其他長期投資,335862962309,327860013128
2001,107,107,12,2,1401,土地,248731771567,260626893807
2001,107,107,12,2,1402,土地改良物,320558111,352324708
2001,107,107,12,2,1404,房屋建築及設備,54962468366,56806558020
2001,107,107,12,2,1405,機械及設備,303149644,336930319
2001,107,107,12,2,1406,交通及運輸設備,6402452,7183565
2001,107,107,12,2,1407,雜項設備,59810208,66895988
2001,107,107,12,2,1410,收藏品及傳承資產,12486626831,13185803209
2001,107,107,12,2,1411,購建中固定資產,141634661,150516465
2001,107,107,12,2,1601,無形資產,299870022,185265101
2001,107,107,12,2,3601,資本資產總額,653188067956,659593854334
2001,108,108,12,2,1301,採權益法之股權投資,0,12813785
2001,108,108,12,2,1399,其他長期投資,347224267094,335862962309
2001,108,108,12,2,1401,土地,247098175319,248731771567
2001,108,108,12,2,1402,土地改良物,318828737,320558111
2001,108,108,12,2,1404,房屋建築及設備,55841053049,54962468366
2001,108,108,12,2,1405,機械及設備,349678686,303149644
2001,108,108,12,2,1406,交通及運輸設備,8672471,6402452
2001,108,108,12,2,1407,雜項設備,255987808,59810208
2001,108,108,12,2,1410,收藏品及傳承資產,13476958393,12486626831
2001,108,108,12,2,1411,購建中固定資產,298896042,141634661
2001,108,108,12,2,1601,無形資產,182694158,299870022
2001,108,108,12,2,3601,資本資產總額,665055211757,653188067956
