id,time,會計年度,款,項,目,節,預算科目編號,預算科目名稱,細目編號,細目名稱,預算數_原預算數,預算數_預算增減數,預算數_合計1,決算數_實現數,決算數_應收數,決算數_保留數,決算數_合計2,預決算比較增減數,決算數占預算數之比率
201,105,105,02,,,,0400000000-2,罰款及賠償收入,,,0,0,0,"7,238",0,0,"7,238","7,238",
201,105,105,,01,,,0402010000-6,總統府,,,0,0,0,"7,238",0,0,"7,238","7,238",
201,105,105,,,01,,0402010300-0,賠償收入,,,0,0,0,"7,238",0,0,"7,238","7,238",
201,105,105,,,,01,0402010301-2,一般賠償收入,,,0,0,0,"7,238",0,0,"7,238","7,238",
201,105,105,03,,,,0500000000-8,規費收入,,,"131,000",0,"131,000","96,024",0,0,"96,024","-34,976",73.30
201,105,105,,01,,,0502010000-1,總統府,,,"131,000",0,"131,000","96,024",0,0,"96,024","-34,976",73.30
201,105,105,,,01,,0502010300-5,使用規費收入,,,"131,000",0,"131,000","96,024",0,0,"96,024","-34,976",73.30
201,105,105,,,,01,0502010305-9,資料使用費,,,"131,000",0,"131,000","96,024",0,0,"96,024","-34,976",73.30
201,105,105,04,,,,0700000000-9,財產收入,,,"1,986,000",0,"1,986,000","1,719,696",0,0,"1,719,696","-266,304",86.59
201,105,105,,01,,,0702010000-2,總統府,,,"1,986,000",0,"1,986,000","1,719,696",0,0,"1,719,696","-266,304",86.59
201,105,105,,,01,,0702010100-7,財產孳息,,,"1,896,000",0,"1,896,000","1,417,365",0,0,"1,417,365","-478,635",74.76
201,105,105,,,,01,0702010105-0,權利金,,,"1,370,000",0,"1,370,000","930,710",0,0,"930,710","-439,290",67.94
201,105,105,,,,02,0702010106-3,租金收入,,,"526,000",0,"526,000","486,655",0,0,"486,655","-39,345",92.52
201,105,105,,,02,,0702010600-0,廢舊物資售價,,,"90,000",0,"90,000","302,331",0,0,"302,331","212,331",335.92
201,105,105,07,,,,1100000000-2,其他收入,,,"315,000",0,"315,000","584,100",0,0,"584,100","269,100",185.43
201,105,105,,01,,,1102010000-6,總統府,,,"315,000",0,"315,000","584,100",0,0,"584,100","269,100",185.43
201,105,105,,,01,,1102010900-7,雜項收入,,,"315,000",0,"315,000","584,100",0,0,"584,100","269,100",185.43
201,105,105,,,,01,1102010901-0,收回以前年度歲出,,,0,0,0,"259,871",0,0,"259,871","259,871",
201,105,105,,,,02,1102010909-1,其他雜項收入,,,"315,000",0,"315,000","324,229",0,0,"324,229","9,229",102.93
201,105,105,,,,,經常門小計,,,,"2,432,000",0,"2,432,000","2,407,058",0,0,"2,407,058","-24,942",98.97
201,105,105,null,null,null,null,資本門小計,,0,0,0,0,0,0,0,0,0,0,
201,105,105,,,,,合計,,,,"2,432,000",0,"2,432,000","2,407,058",0,0,"2,407,058","-24,942",98.97
201,106,106,02,,,,0400000000-2,罰款及賠償收入,,,0,0,0,"732,719","1,949,053",0,"2,681,772","2,681,772",
201,106,106,,01,,,0402010000-6,總統府,,,0,0,0,"732,719","1,949,053",0,"2,681,772","2,681,772",
201,106,106,,,01,,0402010300-0,賠償收入,,,0,0,0,"732,719","1,949,053",0,"2,681,772","2,681,772",
201,106,106,,,,01,0402010301-2,一般賠償收入,,,0,0,0,"732,719","1,949,053",0,"2,681,772","2,681,772",
201,106,106,03,,,,0500000000-8,規費收入,,,"123,000",0,"123,000","92,925",0,0,"92,925","-30,075",75.55
201,106,106,,01,,,0502010000-1,總統府,,,"123,000",0,"123,000","92,925",0,0,"92,925","-30,075",75.55
201,106,106,,,01,,0502010300-5,使用規費收入,,,"123,000",0,"123,000","92,925",0,0,"92,925","-30,075",75.55
201,106,106,,,,01,0502010305-9,資料使用費,,,"123,000",0,"123,000","92,925",0,0,"92,925","-30,075",75.55
201,106,106,04,,,,0700000000-9,財產收入,,,"2,428,000",0,"2,428,000","7,211,290",0,0,"7,211,290","4,783,290",297.01
201,106,106,,01,,,0702010000-2,總統府,,,"2,428,000",0,"2,428,000","7,211,290",0,0,"7,211,290","4,783,290",297.01
201,106,106,,,01,,0702010100-7,財產孳息,,,"2,338,000",0,"2,338,000","3,343,165",0,0,"3,343,165","1,005,165",142.99
201,106,106,,,,01,0702010105-0,權利金,,,"1,370,000",0,"1,370,000","2,073,372",0,0,"2,073,372","703,372",151.34
201,106,106,,,,02,0702010106-3,租金收入,,,"968,000",0,"968,000","1,269,793",0,0,"1,269,793","301,793",131.18
201,106,106,,,02,,0702010600-0,廢舊物資售價,,,"90,000",0,"90,000","3,868,125",0,0,"3,868,125","3,778,125","4,297.92"
201,106,106,07,,,,1100000000-2,其他收入,,,"306,000",0,"306,000","420,656",0,0,"420,656","114,656",137.47
201,106,106,,01,,,1102010000-6,總統府,,,"306,000",0,"306,000","420,656",0,0,"420,656","114,656",137.47
201,106,106,,,01,,1102010900-7,雜項收入,,,"306,000",0,"306,000","420,656",0,0,"420,656","114,656",137.47
201,106,106,,,,01,1102010901-0,收回以前年度歲出,,,0,0,0,"79,196",0,0,"79,196","79,196",
201,106,106,,,,02,1102010909-1,其他雜項收入,,,"306,000",0,"306,000","341,460",0,0,"341,460","35,460",111.59
201,106,106,,,,,經常門小計,,,,"2,857,000",0,"2,857,000","8,457,590","1,949,053",0,"10,406,643","7,549,643",364.25
201,106,106,null,null,null,null,資本門小計,,0,0,0,0,0,0,0,0,0,0,
201,106,106,,,,,合計,,,,"2,857,000",0,"2,857,000","8,457,590","1,949,053",0,"10,406,643","7,549,643",364.25
201,107,107,02,,,,0400000000-2,罰款及賠償收入,,,0,0,0,"158,378",0,0,"158,378","158,378",
201,107,107,,01,,,0402010000-6,總統府,,,0,0,0,"158,378",0,0,"158,378","158,378",
201,107,107,,,01,,0402010300-0,賠償收入,,,0,0,0,"158,378",0,0,"158,378","158,378",
201,107,107,,,,01,0402010301-2,一般賠償收入,,,0,0,0,"158,378",0,0,"158,378","158,378",
201,107,107,03,,,,0500000000-8,規費收入,,,"5,000",0,"5,000","4,472",0,0,"4,472",-528,89.44
201,107,107,,01,,,0502010000-1,總統府,,,"5,000",0,"5,000","4,472",0,0,"4,472",-528,89.44
201,107,107,,,01,,0502010300-5,使用規費收入,,,"5,000",0,"5,000","4,472",0,0,"4,472",-528,89.44
201,107,107,,,,01,0502010305-9,資料使用費,,,"5,000",0,"5,000","4,472",0,0,"4,472",-528,89.44
201,107,107,04,,,,0700000000-9,財產收入,,,"2,601,000",0,"2,601,000","2,086,382",0,0,"2,086,382","-514,618",80.21
201,107,107,,01,,,0702010000-2,總統府,,,"2,601,000",0,"2,601,000","2,086,382",0,0,"2,086,382","-514,618",80.21
201,107,107,,,01,,0702010100-7,財產孳息,,,"2,511,000",0,"2,511,000","1,969,035",0,0,"1,969,035","-541,965",78.42
201,107,107,,,,01,0702010105-0,權利金,,,"1,370,000",0,"1,370,000",0,0,0,0,"-1,370,000",0.00
201,107,107,,,,02,0702010106-3,租金收入,,,"1,141,000",0,"1,141,000","1,966,506",0,0,"1,966,506","825,506",172.35
201,107,107,,,,03,0702010101-0,利息收入,,,0,0,0,"2,529",0,0,"2,529","2,529",
201,107,107,,,02,,0702010600-0,廢舊物資售價,,,"90,000",0,"90,000","117,347",0,0,"117,347","27,347",130.39
201,107,107,07,,,,1100000000-2,其他收入,,,"380,000",0,"380,000","473,246",0,0,"473,246","93,246",124.54
201,107,107,,01,,,1102010000-6,總統府,,,"380,000",0,"380,000","473,246",0,0,"473,246","93,246",124.54
201,107,107,,,01,,1102010900-7,雜項收入,,,"380,000",0,"380,000","473,246",0,0,"473,246","93,246",124.54
201,107,107,,,,01,1102010901-0,收回以前年度歲出,,,0,0,0,"50,686",0,0,"50,686","50,686",
201,107,107,,,,02,1102010909-1,其他雜項收入,,,"380,000",0,"380,000","422,560",0,0,"422,560","42,560",111.20
201,107,107,,,,,經常門小計,,,,"2,986,000",0,"2,986,000","2,722,478",0,0,"2,722,478","-263,522",91.17
201,107,107,null,null,null,null,資本門小計,,0,0,0,0,0,0,0,0,0,0,
201,107,107,,,,,合計,,,,"2,986,000",0,"2,986,000","2,722,478",0,0,"2,722,478","-263,522",91.17
201,108,108,02,,,,0400000000-2,罰款及賠償收入,,,0,0,0,"52,644",0,0,"52,644","52,644",
201,108,108,,01,,,0402010000-6,總統府,,,0,0,0,"52,644",0,0,"52,644","52,644",
201,108,108,,,01,,0402010300-0,賠償收入,,,0,0,0,"52,644",0,0,"52,644","52,644",
201,108,108,,,,01,0402010301-2,一般賠償收入,,,0,0,0,"52,644",0,0,"52,644","52,644",
201,108,108,03,,,,0500000000-8,規費收入,,,"5,000",0,"5,000",226,0,0,226,"-4,774",4.52
201,108,108,,01,,,0502010000-1,總統府,,,"5,000",0,"5,000",226,0,0,226,"-4,774",4.52
201,108,108,,,01,,0502010300-5,使用規費收入,,,"5,000",0,"5,000",226,0,0,226,"-4,774",4.52
201,108,108,,,,01,0502010305-9,資料使用費,,,"5,000",0,"5,000",226,0,0,226,"-4,774",4.52
201,108,108,04,,,,0700000000-9,財產收入,,,"2,583,000",0,"2,583,000","2,881,241",0,0,"2,881,241","298,241",111.55
201,108,108,,01,,,0702010000-2,總統府,,,"2,583,000",0,"2,583,000","2,881,241",0,0,"2,881,241","298,241",111.55
201,108,108,,,01,,0702010100-7,財產孳息,,,"2,493,000",0,"2,493,000","2,708,141",0,0,"2,708,141","215,141",108.63
201,108,108,,,,01,0702010105-0,權利金,,,0,0,0,"130,628",0,0,"130,628","130,628",
201,108,108,,,,02,0702010106-3,租金收入,,,"2,493,000",0,"2,493,000","2,577,513",0,0,"2,577,513","84,513",103.39
201,108,108,,,02,,0702010600-0,廢舊物資售價,,,"90,000",0,"90,000","173,100",0,0,"173,100","83,100",192.33
201,108,108,07,,,,1100000000-2,其他收入,,,"316,000",0,"316,000","410,840",0,0,"410,840","94,840",130.01
201,108,108,,01,,,1102010000-6,總統府,,,"316,000",0,"316,000","410,840",0,0,"410,840","94,840",130.01
201,108,108,,,01,,1102010900-7,雜項收入,,,"316,000",0,"316,000","410,840",0,0,"410,840","94,840",130.01
201,108,108,,,,01,1102010901-0,收回以前年度歲出,,,0,0,0,"10,824",0,0,"10,824","10,824",
201,108,108,,,,02,1102010909-1,其他雜項收入,,,"316,000",0,"316,000","400,016",0,0,"400,016","84,016",126.59
201,108,108,,,,,經常門小計,,,,"2,904,000",0,"2,904,000","3,344,951",0,0,"3,344,951","440,951",115.18
201,108,108,null,null,null,null,資本門小計,,0,0,0,0,0,0,0,0,0,0,
201,108,108,,,,,合計,,,,"2,904,000",0,"2,904,000","3,344,951",0,0,"3,344,951","440,951",115.18
201,109,109,2,,,,0400000000-2,罰款及賠償收入,,,0,0,0,51944,0,0,51944,51944,0.00
201,109,109,,1,,,0402010000-6,總統府,,,0,0,0,51944,0,0,51944,51944,0.00
201,109,109,,,1,,0402010300-0,賠償收入,,,0,0,0,51944,0,0,51944,51944,0.00
201,109,109,,,,1,0402010301-2,一般賠償收入,,,0,0,0,51944,0,0,51944,51944,0.00
201,109,109,3,,,,0500000000-8,規費收入,,,5000,0,5000,68,0,0,68,-4932,1.36
201,109,109,,1,,,0502010000-1,總統府,,,5000,0,5000,68,0,0,68,-4932,1.36
201,109,109,,,1,,0502010300-5,使用規費收入,,,5000,0,5000,68,0,0,68,-4932,1.36
201,109,109,,,,1,0502010303-3,資料使用費,,,5000,0,5000,68,0,0,68,-4932,1.36
201,109,109,4,,,,0700000000-9,財產收入,,,2631000,0,2631000,2676415,0,0,2676415,45415,101.73
201,109,109,,1,,,0702010000-2,總統府,,,2631000,0,2631000,2676415,0,0,2676415,45415,101.73
201,109,109,,,1,,0702010100-7,財產孳息,,,2541000,0,2541000,2335275,0,0,2335275,-205725,91.90
201,109,109,,,,1,0702010101-0,利息收入,,,0,0,0,2,0,0,2,2,0.00
201,109,109,,,,2,0702010103-5,租金收入,,,2541000,0,2541000,2282642,0,0,2282642,-258358,89.83
201,109,109,,,,3,0702010102-2,權利金,,,0,0,0,52631,0,0,52631,52631,0.00
201,109,109,,,2,,0702010500-5,廢舊物資售價,,,90000,0,90000,341140,0,0,341140,251140,379.04
201,109,109,7,,,,1200000000-8,其他收入,,,327000,0,327000,380193,0,0,380193,53193,116.27
201,109,109,,1,,,1202010000-1,總統府,,,327000,0,327000,380193,0,0,380193,53193,116.27
201,109,109,,,1,,1202010200-0,雜項收入,,,327000,0,327000,380193,0,0,380193,53193,116.27
201,109,109,,,,1,1202010201-3,收回以前年度歲出,,,0,0,0,13126,0,0,13126,13126,0.00
201,109,109,,,,2,1202010210-4,其他雜項收入,,,327000,0,327000,367067,0,0,367067,40067,112.25
201,109,109,,,,,經常門小計,,,,2963000,0,2963000,3108620,0,0,3108620,145620,104.91
201,109,109,,,,,資本門小計,,0,0,0,0,0,0,0,0,0,0,0.00
201,109,109,,,,,合計,,,,2963000,0,2963000,3108620,0,0,3108620,145620,104.91
201,110,110,2,,,,0400000000-2,罰款及賠償收入,,,0,0,0,457728,0,0,457728,457728,0.00
201,110,110,,1,,,0402010000-6,總統府,,,0,0,0,457728,0,0,457728,457728,0.00
201,110,110,,,1,,0402010300-0,賠償收入,,,0,0,0,457728,0,0,457728,457728,0.00
201,110,110,,,,1,0402010301-2,一般賠償收入,,,0,0,0,457728,0,0,457728,457728,0.00
201,110,110,3,,,,0500000000-8,規費收入,,,2000,0,2000,1076,0,0,1076,-924,53.80
201,110,110,,1,,,0502010000-1,總統府,,,2000,0,2000,1076,0,0,1076,-924,53.80
201,110,110,,,1,,0502010300-5,使用規費收入,,,2000,0,2000,1076,0,0,1076,-924,53.80
201,110,110,,,,1,0502010303-3,資料使用費,,,2000,0,2000,1076,0,0,1076,-924,53.80
201,110,110,4,,,,0700000000-9,財產收入,,,2669000,0,2669000,2356196,0,0,2356196,-312804,88.28
201,110,110,,1,,,0702010000-2,總統府,,,2669000,0,2669000,2356196,0,0,2356196,-312804,88.28
201,110,110,,,1,,0702010100-7,財產孳息,,,2579000,0,2579000,2168096,0,0,2168096,-410904,84.07
201,110,110,,,,1,0702010102-2,權利金,,,0,0,0,236,0,0,236,236,0.00
201,110,110,,,,2,0702010103-5,租金收入,,,2579000,0,2579000,2167860,0,0,2167860,-411140,84.06
201,110,110,,,2,,0702010500-5,廢舊物資售價,,,90000,0,90000,188100,0,0,188100,98100,209.00
201,110,110,7,,,,1200000000-8,其他收入,,,336000,0,336000,369625,0,0,369625,33625,110.01
201,110,110,,1,,,1202010000-1,總統府,,,336000,0,336000,369625,0,0,369625,33625,110.01
201,110,110,,,1,,1202010200-0,雜項收入,,,336000,0,336000,369625,0,0,369625,33625,110.01
201,110,110,,,,1,1202010201-3,收回以前年度歲出,,,0,0,0,30640,0,0,30640,30640,0.00
201,110,110,,,,2,1202010210-4,其他雜項收入,,,336000,0,336000,338985,0,0,338985,2985,100.89
201,110,110,,,,,經常門小計,,,,3007000,0,3007000,3184625,0,0,3184625,177625,105.91
201,110,110,,,,,資本門小計,,0,0,0,0,0,0,0,0,0,0,0.00
201,110,110,,,,,合計,,,,3007000,0,3007000,3184625,0,0,3184625,177625,105.91
201,111,111,2,,,,0400000000-2,罰款及賠償收入,,,0,0,0,715122,0,0,715122,715122,0.00
201,111,111,,1,,,0402010000-6,總統府,,,0,0,0,715122,0,0,715122,715122,0.00
201,111,111,,,1,,0402010300-0,賠償收入,,,0,0,0,715122,0,0,715122,715122,0.00
201,111,111,,,,1,0402010301-2,一般賠償收入,,,0,0,0,715122,0,0,715122,715122,0.00
201,111,111,3,,,,0500000000-8,規費收入,,,1000,0,1000,1553,0,0,1553,553,155.30
201,111,111,,1,,,0502010000-1,總統府,,,1000,0,1000,1553,0,0,1553,553,155.30
201,111,111,,,1,,0502010300-5,使用規費收入,,,1000,0,1000,1553,0,0,1553,553,155.30
201,111,111,,,,1,0502010303-3,資料使用費,,,1000,0,1000,1553,0,0,1553,553,155.30
201,111,111,4,,,,0700000000-9,財產收入,,,2741000,0,2741000,2172704,0,0,2172704,-568296,79.27
201,111,111,,1,,,0702010000-2,總統府,,,2741000,0,2741000,2172704,0,0,2172704,-568296,79.27
201,111,111,,,1,,0702010100-7,財產孳息,,,2651000,0,2651000,1909279,0,0,1909279,-741721,72.02
201,111,111,,,,1,0702010102-2,權利金,,,0,0,0,3600,0,0,3600,3600,0.00
201,111,111,,,,2,0702010103-5,租金收入,,,2651000,0,2651000,1905677,0,0,1905677,-745323,71.89
201,111,111,,,,3,0702010101-0,利息收入,,,0,0,0,2,0,0,2,2,0.00
201,111,111,,,2,,0702010500-5,廢舊物資售價,,,90000,0,90000,263425,0,0,263425,173425,292.69
201,111,111,7,,,,1200000000-8,其他收入,,,335000,0,335000,1268694,0,0,1268694,933694,378.71
201,111,111,,1,,,1202010000-1,總統府,,,335000,0,335000,1268694,0,0,1268694,933694,378.71
201,111,111,,,1,,1202010200-0,雜項收入,,,335000,0,335000,1268694,0,0,1268694,933694,378.71
201,111,111,,,,1,1202010201-3,收回以前年度歲出,,,0,0,0,907857,0,0,907857,907857,0.00
201,111,111,,,,2,1202010210-4,其他雜項收入,,,335000,0,335000,360837,0,0,360837,25837,107.71
201,111,111,,,,,經常門小計,,,,3077000,0,3077000,4158073,0,0,4158073,1081073,135.13
201,111,111,,,,,資本門小計,,0,0,0,0,0,0,0,0,0,0,0.00
201,111,111,,,,,合計,,,,3077000,0,3077000,4158073,0,0,4158073,1081073,135.13
201,112,112,2,,,,0400000000-2,罰款及賠償收入,,,0,0,0,21805,0,0,21805,21805,0.00
201,112,112,,1,,,0402010000-6,總統府,,,0,0,0,21805,0,0,21805,21805,0.00
201,112,112,,,1,,0402010300-0,賠償收入,,,0,0,0,21805,0,0,21805,21805,0.00
201,112,112,,,,1,0402010301-2,一般賠償收入,,,0,0,0,21805,0,0,21805,21805,0.00
201,112,112,3,,,,0500000000-8,規費收入,,,1000,0,1000,682,0,0,682,-318,68.20
201,112,112,,1,,,0502010000-1,總統府,,,1000,0,1000,682,0,0,682,-318,68.20
201,112,112,,,1,,0502010300-5,使用規費收入,,,1000,0,1000,682,0,0,682,-318,68.20
201,112,112,,,,1,0502010303-3,資料使用費,,,1000,0,1000,682,0,0,682,-318,68.20
201,112,112,4,,,,0700000000-9,財產收入,,,1956000,0,1956000,2291206,0,0,2291206,335206,117.14
201,112,112,,1,,,0702010000-2,總統府,,,1956000,0,1956000,2291206,0,0,2291206,335206,117.14
201,112,112,,,1,,0702010100-7,財產孳息,,,1866000,0,1866000,2031406,0,0,2031406,165406,108.86
201,112,112,,,,1,0702010102-2,權利金,,,17000,0,17000,96203,0,0,96203,79203,565.90
201,112,112,,,,2,0702010103-5,租金收入,,,1849000,0,1849000,1935203,0,0,1935203,86203,104.66
201,112,112,,,2,,0702010500-5,廢舊物資售價,,,90000,0,90000,259800,0,0,259800,169800,288.67
201,112,112,7,,,,1200000000-8,其他收入,,,318000,0,318000,494851,0,0,494851,176851,155.61
201,112,112,,1,,,1202010000-1,總統府,,,318000,0,318000,494851,0,0,494851,176851,155.61
201,112,112,,,1,,1202010200-0,雜項收入,,,318000,0,318000,494851,0,0,494851,176851,155.61
201,112,112,,,,1,1202010201-3,收回以前年度歲出,,,0,0,0,5793,0,0,5793,5793,0.00
201,112,112,,,,2,1202010210-4,其他雜項收入,,,318000,0,318000,489058,0,0,489058,171058,153.79
201,112,112,,,,,經常門小計,,,,2275000,0,2275000,2808544,0,0,2808544,533544,123.45
201,112,112,,,,,資本門小計,,0,0,0,0,0,0,0,0,0,0,0.00
201,112,112,,,,,合計,,,,2275000,0,2275000,2808544,0,0,2808544,533544,123.45
240,105,105,02,,,,0400000000-2,罰款及賠償收入,,,"5,000,000",0,"5,000,000","26,351,127",0,0,"26,351,127","21,351,127",527.02
240,105,105,,03,,,0402400000-0,中央研究院,,,"5,000,000",0,"5,000,000","26,351,127",0,0,"26,351,127","21,351,127",527.02
240,105,105,,,01,,0402400300-4,賠償收入,,,"5,000,000",0,"5,000,000","26,351,127",0,0,"26,351,127","21,351,127",527.02
240,105,105,,,,01,0402400301-7,一般賠償收入,,,"5,000,000",0,"5,000,000","26,351,127",0,0,"26,351,127","21,351,127",527.02
240,105,105,03,,,,0500000000-8,規費收入,,,"7,000,000",0,"7,000,000","14,777,076",0,0,"14,777,076","7,777,076",211.10
240,105,105,,05,,,0502400000-6,中央研究院,,,"7,000,000",0,"7,000,000","14,777,076",0,0,"14,777,076","7,777,076",211.10
240,105,105,,,01,,0502400300-0,使用規費收入,,,"7,000,000",0,"7,000,000","14,777,076",0,0,"14,777,076","7,777,076",211.10
240,105,105,,,,01,0502400312-9,場地設施使用費,,,"7,000,000",0,"7,000,000","14,777,076",0,0,"14,777,076","7,777,076",211.10
240,105,105,04,,,,0700000000-9,財產收入,,,"4,438,000",0,"4,438,000","3,075,338",0,0,"3,075,338","-1,362,662",69.30
240,105,105,,05,,,0702400000-7,中央研究院,,,"4,438,000",0,"4,438,000","3,075,338",0,0,"3,075,338","-1,362,662",69.30
240,105,105,,,01,,0702400100-1,財產孳息,,,"1,438,000",0,"1,438,000","2,226,930",0,0,"2,226,930","788,930",154.86
240,105,105,,,,01,0702400101-4,利息收入,,,0,0,0,836,0,0,836,836,
240,105,105,,,,02,0702400106-8,租金收入,,,"1,438,000",0,"1,438,000","2,226,094",0,0,"2,226,094","788,094",154.80
240,105,105,,,02,,0702400600-4,廢舊物資售價,,,"3,000,000",0,"3,000,000","848,408",0,0,"848,408","-2,151,592",28.28
240,105,105,07,,,,1100000000-2,其他收入,,,"110,855,000",0,"110,855,000","126,209,818",0,0,"126,209,818","15,354,818",113.85
240,105,105,,05,,,1102400000-0,中央研究院,,,"110,855,000",0,"110,855,000","126,209,818",0,0,"126,209,818","15,354,818",113.85
240,105,105,,,01,,1102400900-1,雜項收入,,,"110,855,000",0,"110,855,000","126,209,818",0,0,"126,209,818","15,354,818",113.85
240,105,105,,,,01,1102400901-4,收回以前年度歲出,,,"2,500,000",0,"2,500,000","2,313,248",0,0,"2,313,248","-186,752",92.53
240,105,105,,,,02,1102400909-6,其他雜項收入,,,"108,355,000",0,"108,355,000","123,896,570",0,0,"123,896,570","15,541,570",114.34
240,105,105,,,,,經常門小計,,,,"127,293,000",0,"127,293,000","170,413,359",0,0,"170,413,359","43,120,359",133.87
240,105,105,null,null,null,null,資本門小計,,0,0,0,0,0,0,0,0,0,0,
240,105,105,,,,,合計,,,,"127,293,000",0,"127,293,000","170,413,359",0,0,"170,413,359","43,120,359",133.87
240,106,106,2,,,,0400000000-2,罰款及賠償收入,,,5500000,0,5500000,13409475,0,0,13409475,7909475,243.81
240,106,106,,4,,,0402400000-0,中央研究院,,,5500000,0,5500000,13409475,0,0,13409475,7909475,243.81
240,106,106,,,1,,0402400300-4,賠償收入,,,5500000,0,5500000,13409475,0,0,13409475,7909475,243.81
240,106,106,,,,1,0402400301-7,一般賠償收入,,,5500000,0,5500000,13409475,0,0,13409475,7909475,243.81
240,106,106,3,,,,0500000000-8,規費收入,,,13100000,0,13100000,19271402,0,0,19271402,6171402,147.11
240,106,106,,4,,,0502400000-6,中央研究院,,,13100000,0,13100000,19271402,0,0,19271402,6171402,147.11
240,106,106,,,1,,0502400300-0,使用規費收入,,,13100000,0,13100000,19271402,0,0,19271402,6171402,147.11
240,106,106,,,,1,0502400312-9,場地設施使用費,,,13100000,0,13100000,19271402,0,0,19271402,6171402,147.11
240,106,106,4,,,,0700000000-9,財產收入,,,6000000,0,6000000,3411372,0,0,3411372,-2588628,56.86
240,106,106,,5,,,0702400000-7,中央研究院,,,6000000,0,6000000,3411372,0,0,3411372,-2588628,56.86
240,106,106,,,1,,0702400100-1,財產孳息,,,3000000,0,3000000,1516237,0,0,1516237,-1483763,50.54
240,106,106,,,,1,0702400101-4,利息收入,,,0,0,0,502,0,0,502,502,0.00
240,106,106,,,,2,0702400106-8,租金收入,,,3000000,0,3000000,1515735,0,0,1515735,-1484265,50.52
240,106,106,,,2,,0702400600-4,廢舊物資售價,,,3000000,0,3000000,1895135,0,0,1895135,-1104865,63.17
240,106,106,7,,,,1100000000-2,其他收入,,,118794000,0,118794000,117022735,0,0,117022735,-1771265,98.51
240,106,106,,5,,,1102400000-0,中央研究院,,,118794000,0,118794000,117022735,0,0,117022735,-1771265,98.51
240,106,106,,,1,,1102400900-1,雜項收入,,,118794000,0,118794000,117022735,0,0,117022735,-1771265,98.51
240,106,106,,,,1,1102400901-4,收回以前年度歲出,,,3000000,0,3000000,773960,0,0,773960,-2226040,25.80
240,106,106,,,,2,1102400909-6,其他雜項收入,,,115794000,0,115794000,116248775,0,0,116248775,454775,100.39
240,106,106,,,,,經常門小計,,,,143394000,0,143394000,153114984,0,0,153114984,9720984,106.78
240,106,106,,,,,資本門小計,,0,0,0,0,0,0,0,0,0,0,0.00
240,106,106,,,,,合計,,,,143394000,0,143394000,153114984,0,0,153114984,9720984,106.78
240,107,107,2,,,,0400000000-2,罰款及賠償收入,,,6500000,0,6500000,5945711,0,0,5945711,-554289,91.47
240,107,107,,4,,,0402400000-0,中央研究院,,,6500000,0,6500000,5945711,0,0,5945711,-554289,91.47
240,107,107,,,1,,0402400300-4,賠償收入,,,6500000,0,6500000,5945711,0,0,5945711,-554289,91.47
240,107,107,,,,1,0402400301-7,一般賠償收入,,,6500000,0,6500000,5945711,0,0,5945711,-554289,91.47
240,107,107,3,,,,0500000000-8,規費收入,,,14000000,0,14000000,21804708,0,0,21804708,7804708,155.75
240,107,107,,4,,,0502400000-6,中央研究院,,,14000000,0,14000000,21804708,0,0,21804708,7804708,155.75
240,107,107,,,1,,0502400300-0,使用規費收入,,,14000000,0,14000000,21804708,0,0,21804708,7804708,155.75
240,107,107,,,,1,0502400312-9,場地設施使用費,,,14000000,0,14000000,21804708,0,0,21804708,7804708,155.75
240,107,107,4,,,,0700000000-9,財產收入,,,3032000,0,3032000,4452107,0,0,4452107,1420107,146.84
240,107,107,,5,,,0702400000-7,中央研究院,,,3032000,0,3032000,4452107,0,0,4452107,1420107,146.84
240,107,107,,,1,,0702400100-1,財產孳息,,,1532000,0,1532000,3156067,0,0,3156067,1624067,206.01
240,107,107,,,,1,0702400101-4,利息收入,,,0,0,0,452,0,0,452,452,0.00
240,107,107,,,,2,0702400106-8,租金收入,,,1532000,0,1532000,3155615,0,0,3155615,1623615,205.98
240,107,107,,,2,,0702400600-4,廢舊物資售價,,,1500000,0,1500000,1296040,0,0,1296040,-203960,86.40
240,107,107,7,,,,1100000000-2,其他收入,,,116822000,0,116822000,125250637,0,0,125250637,8428637,107.21
240,107,107,,5,,,1102400000-0,中央研究院,,,116822000,0,116822000,125250637,0,0,125250637,8428637,107.21
240,107,107,,,1,,1102400900-1,雜項收入,,,116822000,0,116822000,125250637,0,0,125250637,8428637,107.21
240,107,107,,,,1,1102400901-4,收回以前年度歲出,,,3000000,0,3000000,4855950,0,0,4855950,1855950,161.87
240,107,107,,,,2,1102400909-6,其他雜項收入,,,113822000,0,113822000,120394687,0,0,120394687,6572687,105.77
240,107,107,,,,,經常門小計,,,,140354000,0,140354000,157453163,0,0,157453163,17099163,112.18
240,107,107,,,,,資本門小計,,0,0,0,0,0,0,0,0,0,0,0.00
240,107,107,,,,,合計,,,,140354000,0,140354000,157453163,0,0,157453163,17099163,112.18
240,108,108,2,,,,0400000000-2,罰款及賠償收入,,,5000000,0,5000000,1911871,0,0,1911871,-3088129,38.24
240,108,108,,4,,,0402400000-0,中央研究院,,,5000000,0,5000000,1911871,0,0,1911871,-3088129,38.24
240,108,108,,,1,,0402400300-4,賠償收入,,,5000000,0,5000000,1911871,0,0,1911871,-3088129,38.24
240,108,108,,,,1,0402400301-7,一般賠償收入,,,5000000,0,5000000,1911871,0,0,1911871,-3088129,38.24
240,108,108,4,,,,0700000000-9,財產收入,,,2951000,0,2951000,4244921,0,0,4244921,1293921,143.85
240,108,108,,5,,,0702400000-7,中央研究院,,,2951000,0,2951000,4244921,0,0,4244921,1293921,143.85
240,108,108,,,1,,0702400100-1,財產孳息,,,1451000,0,1451000,1281098,0,0,1281098,-169902,88.29
240,108,108,,,,1,0702400101-4,利息收入,,,0,0,0,631,0,0,631,631,0.00
240,108,108,,,,2,0702400106-8,租金收入,,,1451000,0,1451000,1280467,0,0,1280467,-170533,88.25
240,108,108,,,2,,0702400600-4,廢舊物資售價,,,1500000,0,1500000,2963823,0,0,2963823,1463823,197.59
240,108,108,7,,,,1100000000-2,其他收入,,,133750000,0,133750000,162371978,0,0,162371978,28621978,121.40
240,108,108,,5,,,1102400000-0,中央研究院,,,133750000,0,133750000,162371978,0,0,162371978,28621978,121.40
240,108,108,,,1,,1102400900-1,雜項收入,,,133750000,0,133750000,162371978,0,0,162371978,28621978,121.40
240,108,108,,,,1,1102400901-4,收回以前年度歲出,,,2000000,0,2000000,2066107,0,0,2066107,66107,103.31
240,108,108,,,,2,1102400909-6,其他雜項收入,,,131750000,0,131750000,160305871,0,0,160305871,28555871,121.67
240,108,108,,,,,經常門小計,,,,141701000,0,141701000,168528770,0,0,168528770,26827770,118.93
240,108,108,,,,,資本門小計,,0,0,0,0,0,0,0,0,0,0,0.00
240,108,108,,,,,合計,,,,141701000,0,141701000,168528770,0,0,168528770,26827770,118.93
240,109,109,2,,,,0400000000-2,罰款及賠償收入,,,5000000,0,5000000,5442544,0,0,5442544,442544,108.85
240,109,109,,4,,,0402400000-0,中央研究院,,,5000000,0,5000000,5442544,0,0,5442544,442544,108.85
240,109,109,,,1,,0402400300-4,賠償收入,,,5000000,0,5000000,5442544,0,0,5442544,442544,108.85
240,109,109,,,,1,0402400301-7,一般賠償收入,,,5000000,0,5000000,5442544,0,0,5442544,442544,108.85
240,109,109,4,,,,0700000000-9,財產收入,,,4730000,0,4730000,4156977,0,0,4156977,-573023,87.89
240,109,109,,5,,,0702400000-7,中央研究院,,,4730000,0,4730000,4156977,0,0,4156977,-573023,87.89
240,109,109,,,1,,0702400100-1,財產孳息,,,3230000,0,3230000,1985061,0,0,1985061,-1244939,61.46
240,109,109,,,,1,0702400103-0,租金收入,,,3230000,0,3230000,1984799,0,0,1984799,-1245201,61.45
240,109,109,,,,2,0702400101-4,利息收入,,,0,0,0,262,0,0,262,262,0.00
240,109,109,,,2,,0702400500-0,廢舊物資售價,,,1500000,0,1500000,2171916,0,0,2171916,671916,144.79
240,109,109,7,,,,1200000000-8,其他收入,,,140582000,0,140582000,135675630,0,0,135675630,-4906370,96.51
240,109,109,,5,,,1202400000-6,中央研究院,,,140582000,0,140582000,135675630,0,0,135675630,-4906370,96.51
240,109,109,,,1,,1202400200-5,雜項收入,,,140582000,0,140582000,135675630,0,0,135675630,-4906370,96.51
240,109,109,,,,1,1202400201-8,收回以前年度歲出,,,2000000,0,2000000,11511701,0,0,11511701,9511701,575.59
240,109,109,,,,2,1202400210-9,其他雜項收入,,,138582000,0,138582000,124163929,0,0,124163929,-14418071,89.60
240,109,109,,,,,經常門小計,,,,150312000,0,150312000,145275151,0,0,145275151,-5036849,96.65
240,109,109,,,,,資本門小計,,0,0,0,0,0,0,0,0,0,0,0.00
240,109,109,,,,,合計,,,,150312000,0,150312000,145275151,0,0,145275151,-5036849,96.65
240,110,110,2,,,,0400000000-2,罰款及賠償收入,,,5000000,0,5000000,1040397,0,0,1040397,-3959603,20.81
240,110,110,,4,,,0402400000-0,中央研究院,,,5000000,0,5000000,1040397,0,0,1040397,-3959603,20.81
240,110,110,,,1,,0402400300-4,賠償收入,,,5000000,0,5000000,1040397,0,0,1040397,-3959603,20.81
240,110,110,,,,1,0402400301-7,一般賠償收入,,,5000000,0,5000000,1040397,0,0,1040397,-3959603,20.81
240,110,110,4,,,,0700000000-9,財產收入,,,4333000,0,4333000,6195805,0,0,6195805,1862805,142.99
240,110,110,,5,,,0702400000-7,中央研究院,,,4333000,0,4333000,6195805,0,0,6195805,1862805,142.99
240,110,110,,,1,,0702400100-1,財產孳息,,,3333000,0,3333000,2486914,0,0,2486914,-846086,74.61
240,110,110,,,,1,0702400101-4,利息收入,,,0,0,0,202,0,0,202,202,0.00
240,110,110,,,,2,0702400103-0,租金收入,,,3333000,0,3333000,2486712,0,0,2486712,-846288,74.61
240,110,110,,,2,,0702400500-0,廢舊物資售價,,,1000000,0,1000000,3708891,0,0,3708891,2708891,370.89
240,110,110,7,,,,1200000000-8,其他收入,,,140916000,0,140916000,116357743,0,0,116357743,-24558257,82.57
240,110,110,,5,,,1202400000-6,中央研究院,,,140916000,0,140916000,116357743,0,0,116357743,-24558257,82.57
240,110,110,,,1,,1202400200-5,雜項收入,,,140916000,0,140916000,116357743,0,0,116357743,-24558257,82.57
240,110,110,,,,1,1202400201-8,收回以前年度歲出,,,2000000,0,2000000,3989835,0,0,3989835,1989835,199.49
240,110,110,,,,2,1202400210-9,其他雜項收入,,,138916000,0,138916000,112367908,0,0,112367908,-26548092,80.89
240,110,110,,,,,經常門小計,,,,150249000,0,150249000,123593945,0,0,123593945,-26655055,82.26
240,110,110,,,,,資本門小計,,0,0,0,0,0,0,0,0,0,0,0.00
240,110,110,,,,,合計,,,,150249000,0,150249000,123593945,0,0,123593945,-26655055,82.26
240,111,111,2,,,,0400000000-2,罰款及賠償收入,,,5000000,0,5000000,8352675,0,0,8352675,3352675,167.05
240,111,111,,4,,,0402400000-0,中央研究院,,,5000000,0,5000000,8352675,0,0,8352675,3352675,167.05
240,111,111,,,1,,0402400300-4,賠償收入,,,5000000,0,5000000,8352675,0,0,8352675,3352675,167.05
240,111,111,,,,1,0402400301-7,一般賠償收入,,,5000000,0,5000000,8352675,0,0,8352675,3352675,167.05
240,111,111,4,,,,0700000000-9,財產收入,,,4803000,0,4803000,7455964,0,0,7455964,2652964,155.24
240,111,111,,5,,,0702400000-7,中央研究院,,,4803000,0,4803000,7455964,0,0,7455964,2652964,155.24
240,111,111,,,1,,0702400100-1,財產孳息,,,3803000,0,3803000,2644896,0,0,2644896,-1158104,69.55
240,111,111,,,,1,0702400103-0,租金收入,,,3803000,0,3803000,2644214,0,0,2644214,-1158786,69.53
240,111,111,,,,2,0702400101-4,利息收入,,,0,0,0,682,0,0,682,682,0.00
240,111,111,,,2,,0702400500-0,廢舊物資售價,,,1000000,0,1000000,4811068,0,0,4811068,3811068,481.11
240,111,111,7,,,,1200000000-8,其他收入,,,136807000,0,136807000,114598587,0,0,114598587,-22208413,83.77
240,111,111,,5,,,1202400000-6,中央研究院,,,136807000,0,136807000,114598587,0,0,114598587,-22208413,83.77
240,111,111,,,1,,1202400200-5,雜項收入,,,136807000,0,136807000,114598587,0,0,114598587,-22208413,83.77
240,111,111,,,,1,1202400201-8,收回以前年度歲出,,,2000000,0,2000000,2872686,0,0,2872686,872686,143.63
240,111,111,,,,2,1202400210-9,其他雜項收入,,,134807000,0,134807000,111725901,0,0,111725901,-23081099,82.88
240,111,111,,,,,經常門小計,,,,146610000,0,146610000,130407226,0,0,130407226,-16202774,88.95
240,111,111,,,,,資本門小計,,0,0,0,0,0,0,0,0,0,0,0.00
240,111,111,,,,,合計,,,,146610000,0,146610000,130407226,0,0,130407226,-16202774,88.95
240,112,112,2,,,,0400000000-2,罰款及賠償收入,,,5000000,0,5000000,1738969,0,0,1738969,-3261031,34.78
240,112,112,,4,,,0402400000-0,中央研究院,,,5000000,0,5000000,1738969,0,0,1738969,-3261031,34.78
240,112,112,,,1,,0402400300-4,賠償收入,,,5000000,0,5000000,1738969,0,0,1738969,-3261031,34.78
240,112,112,,,,1,0402400301-7,一般賠償收入,,,5000000,0,5000000,1738969,0,0,1738969,-3261031,34.78
240,112,112,4,,,,0700000000-9,財產收入,,,5234000,0,5234000,6890602,0,0,6890602,1656602,131.65
240,112,112,,5,,,0702400000-7,中央研究院,,,5234000,0,5234000,6890602,0,0,6890602,1656602,131.65
240,112,112,,,1,,0702400100-1,財產孳息,,,4234000,0,4234000,3984405,0,0,3984405,-249595,94.10
240,112,112,,,,1,0702400103-0,租金收入,,,4234000,0,4234000,3982158,0,0,3982158,-251842,94.05
240,112,112,,,,2,0702400101-4,利息收入,,,0,0,0,2247,0,0,2247,2247,0.00
240,112,112,,,2,,0702400500-0,廢舊物資售價,,,1000000,0,1000000,2906197,0,0,2906197,1906197,290.62
240,112,112,7,,,,1200000000-8,其他收入,,,139437000,0,139437000,129986562,0,0,129986562,-9450438,93.22
240,112,112,,5,,,1202400000-6,中央研究院,,,139437000,0,139437000,129986562,0,0,129986562,-9450438,93.22
240,112,112,,,1,,1202400200-5,雜項收入,,,139437000,0,139437000,129986562,0,0,129986562,-9450438,93.22
240,112,112,,,,1,1202400201-8,收回以前年度歲出,,,2000000,0,2000000,971378,0,0,971378,-1028622,48.57
240,112,112,,,,2,1202400210-9,其他雜項收入,,,137437000,0,137437000,129015184,0,0,129015184,-8421816,93.87
240,112,112,,,,,經常門小計,,,,149671000,0,149671000,138616133,0,0,138616133,-11054867,92.61
240,112,112,,,,,資本門小計,,0,0,0,0,0,0,0,0,0,0,0.00
240,112,112,,,,,合計,,,,149671000,0,149671000,138616133,0,0,138616133,-11054867,92.61
401,105,105,02,,,,0400000000-2,罰款及賠償收入,,,0,0,0,"7,558,657",0,0,"7,558,657","7,558,657",
401,105,105,,20,,,0404010000-3,立法院,,,0,0,0,"7,558,657",0,0,"7,558,657","7,558,657",
401,105,105,,,01,,0404010300-7,賠償收入,,,0,0,0,"7,558,657",0,0,"7,558,657","7,558,657",
401,105,105,,,,01,0404010301-0,一般賠償收入,,,0,0,0,"7,558,657",0,0,"7,558,657","7,558,657",
401,105,105,04,,,,0700000000-9,財產收入,,,"6,862,000",0,"6,862,000","6,464,845",0,0,"6,464,845","-397,155",94.21
401,105,105,,22,,,0704010000-0,立法院,,,"6,862,000",0,"6,862,000","6,464,845",0,0,"6,464,845","-397,155",94.21
401,105,105,,,01,,0704010100-4,財產孳息,,,"5,677,000",0,"5,677,000","5,687,474",0,0,"5,687,474","10,474",100.18
401,105,105,,,,01,0704010106-0,租金收入,,,"5,677,000",0,"5,677,000","5,687,474",0,0,"5,687,474","10,474",100.18
401,105,105,,,02,,0704010600-7,廢舊物資售價,,,"1,185,000",0,"1,185,000","777,371",0,0,"777,371","-407,629",65.60
401,105,105,07,,,,1100000000-2,其他收入,,,"4,161,000",0,"4,161,000","31,777,315",0,0,"31,777,315","27,616,315",763.69
401,105,105,,23,,,1104010000-3,立法院,,,"4,161,000",0,"4,161,000","31,777,315",0,0,"31,777,315","27,616,315",763.69
401,105,105,,,01,,1104010900-4,雜項收入,,,"4,161,000",0,"4,161,000","31,777,315",0,0,"31,777,315","27,616,315",763.69
401,105,105,,,,01,1104010901-7,收回以前年度歲出,,,"3,800,000",0,"3,800,000","31,074,906",0,0,"31,074,906","27,274,906",817.76
401,105,105,,,,02,1104010909-9,其他雜項收入,,,"361,000",0,"361,000","702,409",0,0,"702,409","341,409",194.57
401,105,105,,,,,經常門小計,,,,"11,023,000",0,"11,023,000","45,800,817",0,0,"45,800,817","34,777,817",415.50
401,105,105,null,null,null,null,資本門小計,,0,0,0,0,0,0,0,0,0,0,
401,105,105,,,,,合計,,,,"11,023,000",0,"11,023,000","45,800,817",0,0,"45,800,817","34,777,817",415.50
401,106,106,02,,,,0400000000-2,罰款及賠償收入,,,0,0,0,"702,992",0,0,"702,992","702,992",
401,106,106,,21,,,0404010000-3,立法院,,,0,0,0,"702,992",0,0,"702,992","702,992",
401,106,106,,,01,,0404010300-7,賠償收入,,,0,0,0,"702,992",0,0,"702,992","702,992",
401,106,106,,,,01,0404010301-0,一般賠償收入,,,0,0,0,"702,992",0,0,"702,992","702,992",
401,106,106,04,,,,0700000000-9,財產收入,,,"6,632,000",0,"6,632,000","7,109,016",0,0,"7,109,016","477,016",107.19
401,106,106,,22,,,0704010000-0,立法院,,,"6,632,000",0,"6,632,000","7,109,016",0,0,"7,109,016","477,016",107.19
401,106,106,,,01,,0704010100-4,財產孳息,,,"5,802,000",0,"5,802,000","6,270,759",0,0,"6,270,759","468,759",108.08
401,106,106,,,,01,0704010106-0,租金收入,,,"5,802,000",0,"5,802,000","6,270,759",0,0,"6,270,759","468,759",108.08
401,106,106,,,02,,0704010600-7,廢舊物資售價,,,"830,000",0,"830,000","838,257",0,0,"838,257","8,257",100.99
401,106,106,07,,,,1100000000-2,其他收入,,,"642,000",0,"642,000","1,173,531",0,0,"1,173,531","531,531",182.79
401,106,106,,23,,,1104010000-3,立法院,,,"642,000",0,"642,000","1,173,531",0,0,"1,173,531","531,531",182.79
401,106,106,,,01,,1104010900-4,雜項收入,,,"642,000",0,"642,000","1,173,531",0,0,"1,173,531","531,531",182.79
401,106,106,,,,01,1104010901-7,收回以前年度歲出,,,"300,000",0,"300,000","551,566",0,0,"551,566","251,566",183.86
401,106,106,,,,02,1104010909-9,其他雜項收入,,,"342,000",0,"342,000","621,965",0,0,"621,965","279,965",181.86
401,106,106,,,,,經常門小計,,,,"7,274,000",0,"7,274,000","8,985,539",0,0,"8,985,539","1,711,539",123.53
401,106,106,null,null,null,null,資本門小計,,0,0,0,0,0,0,0,0,0,0,
401,106,106,,,,,合計,,,,"7,274,000",0,"7,274,000","8,985,539",0,0,"8,985,539","1,711,539",123.53
401,107,107,02,,,,0400000000-2,罰款及賠償收入,,,"680,000",0,"680,000","497,600",0,0,"497,600","-182,400",73.18
401,107,107,,20,,,0404010000-3,立法院,,,"680,000",0,"680,000","497,600",0,0,"497,600","-182,400",73.18
401,107,107,,,01,,0404010300-7,賠償收入,,,"680,000",0,"680,000","497,600",0,0,"497,600","-182,400",73.18
401,107,107,,,,01,0404010301-0,一般賠償收入,,,"680,000",0,"680,000","497,600",0,0,"497,600","-182,400",73.18
401,107,107,04,,,,0700000000-9,財產收入,,,"7,338,000",0,"7,338,000","8,970,390",0,0,"8,970,390","1,632,390",122.25
401,107,107,,21,,,0704010000-0,立法院,,,"7,338,000",0,"7,338,000","8,970,390",0,0,"8,970,390","1,632,390",122.25
401,107,107,,,01,,0704010100-4,財產孳息,,,"6,308,000",0,"6,308,000","7,188,730",0,0,"7,188,730","880,730",113.96
401,107,107,,,,01,0704010106-0,租金收入,,,"6,308,000",0,"6,308,000","7,188,730",0,0,"7,188,730","880,730",113.96
401,107,107,,,02,,0704010600-7,廢舊物資售價,,,"1,030,000",0,"1,030,000","1,781,660",0,0,"1,781,660","751,660",172.98
401,107,107,07,,,,1100000000-2,其他收入,,,"979,000",0,"979,000","852,011",0,0,"852,011","-126,989",87.03
401,107,107,,22,,,1104010000-3,立法院,,,"979,000",0,"979,000","852,011",0,0,"852,011","-126,989",87.03
401,107,107,,,01,,1104010900-4,雜項收入,,,"979,000",0,"979,000","852,011",0,0,"852,011","-126,989",87.03
401,107,107,,,,01,1104010901-7,收回以前年度歲出,,,"414,000",0,"414,000","278,153",0,0,"278,153","-135,847",67.19
401,107,107,,,,02,1104010909-9,其他雜項收入,,,"565,000",0,"565,000","573,858",0,0,"573,858","8,858",101.57
401,107,107,,,,,經常門小計,,,,"8,997,000",0,"8,997,000","10,320,001",0,0,"10,320,001","1,323,001",114.70
401,107,107,null,null,null,null,資本門小計,,0,0,0,0,0,0,0,0,0,0,
401,107,107,,,,,合計,,,,"8,997,000",0,"8,997,000","10,320,001",0,0,"10,320,001","1,323,001",114.70
401,108,108,02,,,,0400000000-2,罰款及賠償收入,,,"650,000",0,"650,000","3,083,146",0,0,"3,083,146","2,433,146",474.33
401,108,108,,21,,,0404010000-3,立法院,,,"650,000",0,"650,000","3,083,146",0,0,"3,083,146","2,433,146",474.33
401,108,108,,,01,,0404010300-7,賠償收入,,,"650,000",0,"650,000","3,083,146",0,0,"3,083,146","2,433,146",474.33
401,108,108,,,,01,0404010301-0,一般賠償收入,,,"650,000",0,"650,000","3,083,146",0,0,"3,083,146","2,433,146",474.33
401,108,108,04,,,,0700000000-9,財產收入,,,"8,215,000",0,"8,215,000","8,972,887",0,0,"8,972,887","757,887",109.23
401,108,108,,21,,,0704010000-0,立法院,,,"8,215,000",0,"8,215,000","8,972,887",0,0,"8,972,887","757,887",109.23
401,108,108,,,01,,0704010100-4,財產孳息,,,"7,397,000",0,"7,397,000","7,536,727",0,0,"7,536,727","139,727",101.89
401,108,108,,,,01,0704010106-0,租金收入,,,"7,397,000",0,"7,397,000","7,536,727",0,0,"7,536,727","139,727",101.89
401,108,108,,,02,,0704010600-7,廢舊物資售價,,,"818,000",0,"818,000","1,436,160",0,0,"1,436,160","618,160",175.57
401,108,108,07,,,,1100000000-2,其他收入,,,"940,000",0,"940,000","892,010",0,0,"892,010","-47,990",94.89
401,108,108,,22,,,1104010000-3,立法院,,,"940,000",0,"940,000","892,010",0,0,"892,010","-47,990",94.89
401,108,108,,,01,,1104010900-4,雜項收入,,,"940,000",0,"940,000","892,010",0,0,"892,010","-47,990",94.89
401,108,108,,,,01,1104010901-7,收回以前年度歲出,,,"375,000",0,"375,000","306,935",0,0,"306,935","-68,065",81.85
401,108,108,,,,02,1104010909-9,其他雜項收入,,,"565,000",0,"565,000","585,075",0,0,"585,075","20,075",103.55
401,108,108,,,,,經常門小計,,,,"9,805,000",0,"9,805,000","12,948,043",0,0,"12,948,043","3,143,043",132.06
401,108,108,null,null,null,null,資本門小計,,0,0,0,0,0,0,0,0,0,0,
401,108,108,,,,,合計,,,,"9,805,000",0,"9,805,000","12,948,043",0,0,"12,948,043","3,143,043",132.06
401,109,109,2,,,,0400000000-2,罰款及賠償收入,,,450000,0,450000,164919,0,0,164919,-285081,36.65
401,109,109,,20,,,0404010000-3,立法院,,,450000,0,450000,164919,0,0,164919,-285081,36.65
401,109,109,,,1,,0404010300-7,賠償收入,,,450000,0,450000,164919,0,0,164919,-285081,36.65
401,109,109,,,,1,0404010301-0,一般賠償收入,,,450000,0,450000,164919,0,0,164919,-285081,36.65
401,109,109,4,,,,0700000000-9,財產收入,,,9460000,0,9460000,9557464,0,0,9557464,97464,101.03
401,109,109,,21,,,0704010000-0,立法院,,,9460000,0,9460000,9557464,0,0,9557464,97464,101.03
401,109,109,,,1,,0704010100-4,財產孳息,,,8136000,0,8136000,8217444,0,0,8217444,81444,101.00
401,109,109,,,,1,0704010103-2,租金收入,,,8136000,0,8136000,8217444,0,0,8217444,81444,101.00
401,109,109,,,2,,0704010500-2,廢舊物資售價,,,1324000,0,1324000,1340020,0,0,1340020,16020,101.21
401,109,109,7,,,,1200000000-8,其他收入,,,584000,0,584000,1021427,0,0,1021427,437427,174.90
401,109,109,,23,,,1204010000-9,立法院,,,584000,0,584000,1021427,0,0,1021427,437427,174.90
401,109,109,,,1,,1204010200-8,雜項收入,,,584000,0,584000,1021427,0,0,1021427,437427,174.90
401,109,109,,,,1,1204010201-0,收回以前年度歲出,,,45000,0,45000,525467,0,0,525467,480467,1167.70
401,109,109,,,,2,1204010210-1,其他雜項收入,,,539000,0,539000,495960,0,0,495960,-43040,92.01
401,109,109,,,,,經常門小計,,,,10494000,0,10494000,10743810,0,0,10743810,249810,102.38
401,109,109,,,,,資本門小計,,0,0,0,0,0,0,0,0,0,0,0.00
401,109,109,,,,,合計,,,,10494000,0,10494000,10743810,0,0,10743810,249810,102.38
401,110,110,2,,,,0400000000-2,罰款及賠償收入,,,400000,0,400000,102538,0,0,102538,-297462,25.63
401,110,110,,21,,,0404010000-3,立法院,,,400000,0,400000,102538,0,0,102538,-297462,25.63
401,110,110,,,1,,0404010300-7,賠償收入,,,400000,0,400000,102538,0,0,102538,-297462,25.63
401,110,110,,,,1,0404010301-0,一般賠償收入,,,400000,0,400000,102538,0,0,102538,-297462,25.63
401,110,110,4,,,,0700000000-9,財產收入,,,9115000,0,9115000,8704762,0,0,8704762,-410238,95.50
401,110,110,,22,,,0704010000-0,立法院,,,9115000,0,9115000,8704762,0,0,8704762,-410238,95.50
401,110,110,,,1,,0704010100-4,財產孳息,,,7859000,0,7859000,6856907,0,0,6856907,-1002093,87.25
401,110,110,,,,1,0704010103-2,租金收入,,,7859000,0,7859000,6856907,0,0,6856907,-1002093,87.25
401,110,110,,,2,,0704010500-2,廢舊物資售價,,,1256000,0,1256000,1847855,0,0,1847855,591855,147.12
401,110,110,7,,,,1200000000-8,其他收入,,,749000,0,749000,842987,0,0,842987,93987,112.55
401,110,110,,24,,,1204010000-9,立法院,,,749000,0,749000,842987,0,0,842987,93987,112.55
401,110,110,,,1,,1204010200-8,雜項收入,,,749000,0,749000,842987,0,0,842987,93987,112.55
401,110,110,,,,1,1204010201-0,收回以前年度歲出,,,320000,0,320000,224885,0,0,224885,-95115,70.28
401,110,110,,,,2,1204010210-1,其他雜項收入,,,429000,0,429000,618102,0,0,618102,189102,144.08
401,110,110,,,,,經常門小計,,,,10264000,0,10264000,9650287,0,0,9650287,-613713,94.02
401,110,110,,,,,資本門小計,,0,0,0,0,0,0,0,0,0,0,0.00
401,110,110,,,,,合計,,,,10264000,0,10264000,9650287,0,0,9650287,-613713,94.02
401,111,111,2,,,,0400000000-2,罰款及賠償收入,,,165000,0,165000,207782,0,0,207782,42782,125.93
401,111,111,,21,,,0404010000-3,立法院,,,165000,0,165000,207782,0,0,207782,42782,125.93
401,111,111,,,1,,0404010300-7,賠償收入,,,165000,0,165000,197782,0,0,197782,32782,119.87
401,111,111,,,,1,0404010301-0,一般賠償收入,,,165000,0,165000,197782,0,0,197782,32782,119.87
401,111,111,,,2,,0404010200-2,沒入及沒收財物,,,0,0,0,10000,0,0,10000,10000,0.00
401,111,111,,,,1,0404010201-5,沒入金,,,0,0,0,10000,0,0,10000,10000,0.00
401,111,111,4,,,,0700000000-9,財產收入,,,9142000,0,9142000,10420519,0,0,10420519,1278519,113.99
401,111,111,,22,,,0704010000-0,立法院,,,9142000,0,9142000,10420519,0,0,10420519,1278519,113.99
401,111,111,,,1,,0704010100-4,財產孳息,,,8300000,0,8300000,8714907,0,0,8714907,414907,105.00
401,111,111,,,,1,0704010103-2,租金收入,,,8300000,0,8300000,8714907,0,0,8714907,414907,105.00
401,111,111,,,2,,0704010500-2,廢舊物資售價,,,842000,0,842000,1705612,0,0,1705612,863612,202.57
401,111,111,7,,,,1200000000-8,其他收入,,,720000,0,720000,661195,0,0,661195,-58805,91.83
401,111,111,,24,,,1204010000-9,立法院,,,720000,0,720000,661195,0,0,661195,-58805,91.83
401,111,111,,,1,,1204010200-8,雜項收入,,,720000,0,720000,661195,0,0,661195,-58805,91.83
401,111,111,,,,1,1204010201-0,收回以前年度歲出,,,300000,0,300000,178672,0,0,178672,-121328,59.56
401,111,111,,,,2,1204010210-1,其他雜項收入,,,420000,0,420000,482523,0,0,482523,62523,114.89
401,111,111,,,,,經常門小計,,,,10027000,0,10027000,11289496,0,0,11289496,1262496,112.59
401,111,111,,,,,資本門小計,,0,0,0,0,0,0,0,0,0,0,0.00
401,111,111,,,,,合計,,,,10027000,0,10027000,11289496,0,0,11289496,1262496,112.59
401,112,112,2,,,,0400000000-2,罰款及賠償收入,,,172000,0,172000,1243122,0,0,1243122,1071122,722.75
401,112,112,,20,,,0404010000-3,立法院,,,172000,0,172000,1243122,0,0,1243122,1071122,722.75
401,112,112,,,1,,0404010300-7,賠償收入,,,172000,0,172000,213122,0,0,213122,41122,123.91
401,112,112,,,,1,0404010301-0,一般賠償收入,,,172000,0,172000,213122,0,0,213122,41122,123.91
401,112,112,,,2,,0404010200-2,沒入及沒收財物,,,0,0,0,1030000,0,0,1030000,1030000,0.00
401,112,112,,,,1,0404010201-5,沒入金,,,0,0,0,1030000,0,0,1030000,1030000,0.00
401,112,112,4,,,,0700000000-9,財產收入,,,9706000,0,9706000,11001273,0,0,11001273,1295273,113.35
401,112,112,,22,,,0704010000-0,立法院,,,9706000,0,9706000,11001273,0,0,11001273,1295273,113.35
401,112,112,,,1,,0704010100-4,財產孳息,,,9164000,0,9164000,9696881,0,0,9696881,532881,105.81
401,112,112,,,,1,0704010102-0,權利金,,,2033000,0,2033000,2702465,0,0,2702465,669465,132.93
401,112,112,,,,2,0704010103-2,租金收入,,,7131000,0,7131000,6994416,0,0,6994416,-136584,98.08
401,112,112,,,2,,0704010500-2,廢舊物資售價,,,542000,0,542000,1304392,0,0,1304392,762392,240.66
401,112,112,7,,,,1200000000-8,其他收入,,,998000,0,998000,2512827,0,0,2512827,1514827,251.79
401,112,112,,22,,,1204010000-9,立法院,,,998000,0,998000,2512827,0,0,2512827,1514827,251.79
401,112,112,,,1,,1204010200-8,雜項收入,,,998000,0,998000,2512827,0,0,2512827,1514827,251.79
401,112,112,,,,1,1204010201-0,收回以前年度歲出,,,300000,0,300000,1594408,0,0,1594408,1294408,531.47
401,112,112,,,,2,1204010210-1,其他雜項收入,,,698000,0,698000,918419,0,0,918419,220419,131.58
401,112,112,,,,,經常門小計,,,,10876000,0,10876000,14757222,0,0,14757222,3881222,135.69
401,112,112,,,,,資本門小計,,0,0,0,0,0,0,0,0,0,0,0.00
401,112,112,,,,,合計,,,,10876000,0,10876000,14757222,0,0,14757222,3881222,135.69
501,105,105,02,,,,0400000000-2,罰款及賠償收入,,,0,0,0,"109,873",0,0,"109,873","109,873",
501,105,105,,21,,,0405010000-7,司法院,,,0,0,0,"109,873",0,0,"109,873","109,873",
501,105,105,,,01,,0405010300-0,賠償收入,,,0,0,0,"109,873",0,0,"109,873","109,873",
501,105,105,,,,01,0405010301-3,一般賠償收入,,,0,0,0,"109,873",0,0,"109,873","109,873",
501,105,105,03,,,,0500000000-8,規費收入,,,"2,226,000",0,"2,226,000","1,269,656",0,0,"1,269,656","-956,344",57.04
501,105,105,,20,,,0505010000-2,司法院,,,"2,226,000",0,"2,226,000","1,269,656",0,0,"1,269,656","-956,344",57.04
501,105,105,,,01,,0505010100-7,行政規費收入,,,"30,000",0,"30,000","25,500",0,0,"25,500","-4,500",85.00
501,105,105,,,,01,0505010102-2,證照費,,,"30,000",0,"30,000","25,500",0,0,"25,500","-4,500",85.00
501,105,105,,,02,,0505010200-1,司法規費收入,,,"20,000",0,"20,000",610,0,0,610,"-19,390",3.05
501,105,105,,,,01,0505010204-2,行政訴訟費,,,"20,000",0,"20,000",610,0,0,610,"-19,390",3.05
501,105,105,,,03,,0505010300-6,使用規費收入,,,"2,176,000",0,"2,176,000","1,243,546",0,0,"1,243,546","-932,454",57.15
501,105,105,,,,01,0505010305-0,資料使用費,,,"2,176,000",0,"2,176,000","1,243,546",0,0,"1,243,546","-932,454",57.15
501,105,105,04,,,,0700000000-9,財產收入,,,"80,000",0,"80,000","7,617,493",0,0,"7,617,493","7,537,493","9,521.87"
501,105,105,,23,,,0705010000-3,司法院,,,"80,000",0,"80,000","7,617,493",0,0,"7,617,493","7,537,493","9,521.87"
501,105,105,,,01,,0705010600-0,廢舊物資售價,,,"80,000",0,"80,000","178,931",0,0,"178,931","98,931",223.66
501,105,105,,,02,,0705010100-8,財產孳息,,,0,0,0,"7,438,562",0,0,"7,438,562","7,438,562",
501,105,105,,,,01,0705010106-4,租金收入,,,0,0,0,"7,438,562",0,0,"7,438,562","7,438,562",
501,105,105,07,,,,1100000000-2,其他收入,,,"268,000",0,"268,000","389,236",0,0,"389,236","121,236",145.24
501,105,105,,24,,,1105010000-7,司法院,,,"268,000",0,"268,000","389,236",0,0,"389,236","121,236",145.24
501,105,105,,,01,,1105010900-8,雜項收入,,,"268,000",0,"268,000","389,236",0,0,"389,236","121,236",145.24
501,105,105,,,,01,1105010901-0,收回以前年度歲出,,,0,0,0,"21,516",0,0,"21,516","21,516",
501,105,105,,,,02,1105010909-2,其他雜項收入,,,"268,000",0,"268,000","367,720",0,0,"367,720","99,720",137.21
501,105,105,,,,,經常門小計,,,,"2,574,000",0,"2,574,000","9,386,258",0,0,"9,386,258","6,812,258",364.66
501,105,105,null,null,null,null,資本門小計,,0,0,0,0,0,0,0,0,0,0,
501,105,105,,,,,合計,,,,"2,574,000",0,"2,574,000","9,386,258",0,0,"9,386,258","6,812,258",364.66
501,106,106,02,,,,0400000000-2,罰款及賠償收入,,,0,0,0,"231,466",0,0,"231,466","231,466",
501,106,106,,22,,,0405010000-7,司法院,,,0,0,0,"231,466",0,0,"231,466","231,466",
501,106,106,,,01,,0405010300-0,賠償收入,,,0,0,0,"231,466",0,0,"231,466","231,466",
501,106,106,,,,01,0405010301-3,一般賠償收入,,,0,0,0,"231,466",0,0,"231,466","231,466",
501,106,106,03,,,,0500000000-8,規費收入,,,"1,623,000",0,"1,623,000","1,201,608",0,0,"1,201,608","-421,392",74.04
501,106,106,,16,,,0505010000-2,司法院,,,"1,623,000",0,"1,623,000","1,201,608",0,0,"1,201,608","-421,392",74.04
501,106,106,,,01,,0505010100-7,行政規費收入,,,"30,000",0,"30,000","24,000",0,0,"24,000","-6,000",80.00
501,106,106,,,,01,0505010102-2,證照費,,,"30,000",0,"30,000","24,000",0,0,"24,000","-6,000",80.00
501,106,106,,,02,,0505010200-1,司法規費收入,,,"15,000",0,"15,000","5,333",0,0,"5,333","-9,667",35.55
501,106,106,,,,01,0505010204-2,行政訴訟費,,,"15,000",0,"15,000","5,333",0,0,"5,333","-9,667",35.55
501,106,106,,,03,,0505010300-6,使用規費收入,,,"1,578,000",0,"1,578,000","1,172,275",0,0,"1,172,275","-405,725",74.29
501,106,106,,,,01,0505010305-0,資料使用費,,,"1,578,000",0,"1,578,000","1,172,275",0,0,"1,172,275","-405,725",74.29
501,106,106,04,,,,0700000000-9,財產收入,,,"12,144,000",0,"12,144,000","13,191,477",0,0,"13,191,477","1,047,477",108.63
501,106,106,,23,,,0705010000-3,司法院,,,"12,144,000",0,"12,144,000","13,191,477",0,0,"13,191,477","1,047,477",108.63
501,106,106,,,01,,0705010100-8,財產孳息,,,"12,064,000",0,"12,064,000","12,950,886",0,0,"12,950,886","886,886",107.35
501,106,106,,,,01,0705010106-4,租金收入,,,"12,064,000",0,"12,064,000","12,950,886",0,0,"12,950,886","886,886",107.35
501,106,106,,,02,,0705010600-0,廢舊物資售價,,,"80,000",0,"80,000","240,591",0,0,"240,591","160,591",300.74
501,106,106,07,,,,1100000000-2,其他收入,,,"370,000",0,"370,000","388,406",0,0,"388,406","18,406",104.97
501,106,106,,24,,,1105010000-7,司法院,,,"370,000",0,"370,000","388,406",0,0,"388,406","18,406",104.97
501,106,106,,,01,,1105010900-8,雜項收入,,,"370,000",0,"370,000","388,406",0,0,"388,406","18,406",104.97
501,106,106,,,,01,1105010901-0,收回以前年度歲出,,,0,0,0,"9,435",0,0,"9,435","9,435",
501,106,106,,,,02,1105010909-2,其他雜項收入,,,"370,000",0,"370,000","378,971",0,0,"378,971","8,971",102.42
501,106,106,,,,,經常門小計,,,,"14,137,000",0,"14,137,000","15,012,957",0,0,"15,012,957","875,957",106.20
501,106,106,null,null,null,null,資本門小計,,0,0,0,0,0,0,0,0,0,0,
501,106,106,,,,,合計,,,,"14,137,000",0,"14,137,000","15,012,957",0,0,"15,012,957","875,957",106.20
501,107,107,02,,,,0400000000-2,罰款及賠償收入,,,0,0,0,"639,299",0,0,"639,299","639,299",
501,107,107,,21,,,0405010000-7,司法院,,,0,0,0,"639,299",0,0,"639,299","639,299",
501,107,107,,,01,,0405010300-0,賠償收入,,,0,0,0,"639,299",0,0,"639,299","639,299",
501,107,107,,,,01,0405010301-3,一般賠償收入,,,0,0,0,"639,299",0,0,"639,299","639,299",
501,107,107,03,,,,0500000000-8,規費收入,,,"1,591,000",0,"1,591,000","1,199,096",0,0,"1,199,096","-391,904",75.37
501,107,107,,17,,,0505010000-2,司法院,,,"1,591,000",0,"1,591,000","1,199,096",0,0,"1,199,096","-391,904",75.37
501,107,107,,,01,,0505010100-7,行政規費收入,,,"30,000",0,"30,000","40,500",0,0,"40,500","10,500",135.00
501,107,107,,,,01,0505010102-2,證照費,,,"30,000",0,"30,000","40,500",0,0,"40,500","10,500",135.00
501,107,107,,,02,,0505010200-1,司法規費收入,,,"15,000",0,"15,000",0,0,0,0,"-15,000",0.00
501,107,107,,,,01,0505010204-2,行政訴訟費,,,"15,000",0,"15,000",0,0,0,0,"-15,000",0.00
501,107,107,,,03,,0505010300-6,使用規費收入,,,"1,546,000",0,"1,546,000","1,158,596",0,0,"1,158,596","-387,404",74.94
501,107,107,,,,01,0505010305-0,資料使用費,,,"1,546,000",0,"1,546,000","1,158,596",0,0,"1,158,596","-387,404",74.94
501,107,107,04,,,,0700000000-9,財產收入,,,"13,920,000",0,"13,920,000","14,055,225",0,0,"14,055,225","135,225",100.97
501,107,107,,22,,,0705010000-3,司法院,,,"13,920,000",0,"13,920,000","14,055,225",0,0,"14,055,225","135,225",100.97
501,107,107,,,01,,0705010100-8,財產孳息,,,"13,840,000",0,"13,840,000","13,838,508",0,0,"13,838,508","-1,492",99.99
501,107,107,,,,01,0705010106-4,租金收入,,,"13,840,000",0,"13,840,000","13,838,508",0,0,"13,838,508","-1,492",99.99
501,107,107,,,02,,0705010600-0,廢舊物資售價,,,"80,000",0,"80,000","216,717",0,0,"216,717","136,717",270.90
501,107,107,07,,,,1100000000-2,其他收入,,,"326,000",0,"326,000","406,280",0,0,"406,280","80,280",124.63
501,107,107,,23,,,1105010000-7,司法院,,,"326,000",0,"326,000","406,280",0,0,"406,280","80,280",124.63
501,107,107,,,01,,1105010900-8,雜項收入,,,"326,000",0,"326,000","406,280",0,0,"406,280","80,280",124.63
501,107,107,,,,01,1105010901-0,收回以前年度歲出,,,0,0,0,"2,393",0,0,"2,393","2,393",
501,107,107,,,,02,1105010909-2,其他雜項收入,,,"326,000",0,"326,000","403,887",0,0,"403,887","77,887",123.89
501,107,107,,,,,經常門小計,,,,"15,837,000",0,"15,837,000","16,299,900",0,0,"16,299,900","462,900",102.92
501,107,107,null,null,null,null,資本門小計,,0,0,0,0,0,0,0,0,0,0,
501,107,107,,,,,合計,,,,"15,837,000",0,"15,837,000","16,299,900",0,0,"16,299,900","462,900",102.92
501,108,108,02,,,,0400000000-2,罰款及賠償收入,,,0,0,0,"404,511",0,0,"404,511","404,511",
501,108,108,,22,,,0405010000-7,司法院,,,0,0,0,"404,511",0,0,"404,511","404,511",
501,108,108,,,01,,0405010300-0,賠償收入,,,0,0,0,"404,511",0,0,"404,511","404,511",
501,108,108,,,,01,0405010301-3,一般賠償收入,,,0,0,0,"404,511",0,0,"404,511","404,511",
501,108,108,03,,,,0500000000-8,規費收入,,,"1,596,000",0,"1,596,000","1,156,262",0,0,"1,156,262","-439,738",72.45
501,108,108,,19,,,0505010000-2,司法院,,,"1,596,000",0,"1,596,000","1,156,262",0,0,"1,156,262","-439,738",72.45
501,108,108,,,01,,0505010100-7,行政規費收入,,,"30,000",0,"30,000","34,500",0,0,"34,500","4,500",115.00
501,108,108,,,,01,0505010102-2,證照費,,,"30,000",0,"30,000","34,500",0,0,"34,500","4,500",115.00
501,108,108,,,02,,0505010200-1,司法規費收入,,,"12,000",0,"12,000",0,0,0,0,"-12,000",0.00
501,108,108,,,,01,0505010204-2,行政訴訟費,,,"12,000",0,"12,000",0,0,0,0,"-12,000",0.00
501,108,108,,,03,,0505010300-6,使用規費收入,,,"1,554,000",0,"1,554,000","1,121,762",0,0,"1,121,762","-432,238",72.19
501,108,108,,,,01,0505010305-0,資料使用費,,,"1,554,000",0,"1,554,000","1,121,762",0,0,"1,121,762","-432,238",72.19
501,108,108,04,,,,0700000000-9,財產收入,,,"13,920,000",0,"13,920,000","13,964,909",0,0,"13,964,909","44,909",100.32
501,108,108,,22,,,0705010000-3,司法院,,,"13,920,000",0,"13,920,000","13,964,909",0,0,"13,964,909","44,909",100.32
501,108,108,,,01,,0705010100-8,財產孳息,,,"13,840,000",0,"13,840,000","13,838,508",0,0,"13,838,508","-1,492",99.99
501,108,108,,,,01,0705010106-4,租金收入,,,"13,840,000",0,"13,840,000","13,838,508",0,0,"13,838,508","-1,492",99.99
501,108,108,,,02,,0705010600-0,廢舊物資售價,,,"80,000",0,"80,000","126,401",0,0,"126,401","46,401",158.00
501,108,108,07,,,,1100000000-2,其他收入,,,"400,000",0,"400,000","3,109,001",0,0,"3,109,001","2,709,001",777.25
501,108,108,,23,,,1105010000-7,司法院,,,"400,000",0,"400,000","3,109,001",0,0,"3,109,001","2,709,001",777.25
501,108,108,,,01,,1105010900-8,雜項收入,,,"400,000",0,"400,000","3,109,001",0,0,"3,109,001","2,709,001",777.25
501,108,108,,,,01,1105010901-0,收回以前年度歲出,,,0,0,0,"2,673,567",0,0,"2,673,567","2,673,567",
501,108,108,,,,02,1105010909-2,其他雜項收入,,,"400,000",0,"400,000","435,434",0,0,"435,434","35,434",108.86
501,108,108,,,,,經常門小計,,,,"15,916,000",0,"15,916,000","18,634,683",0,0,"18,634,683","2,718,683",117.08
501,108,108,null,null,null,null,資本門小計,,0,0,0,0,0,0,0,0,0,0,
501,108,108,,,,,合計,,,,"15,916,000",0,"15,916,000","18,634,683",0,0,"18,634,683","2,718,683",117.08
501,110,110,2,,,,0400000000-2,罰款及賠償收入,,,0,0,0,2704423,0,0,2704423,2704423,0.00
501,110,110,,22,,,0405010000-7,司法院,,,0,0,0,2704423,0,0,2704423,2704423,0.00
501,110,110,,,1,,0405010300-0,賠償收入,,,0,0,0,2704423,0,0,2704423,2704423,0.00
501,110,110,,,,1,0405010301-3,一般賠償收入,,,0,0,0,2704423,0,0,2704423,2704423,0.00
501,110,110,3,,,,0500000000-8,規費收入,,,1139000,0,1139000,1132970,0,0,1132970,-6030,99.47
501,110,110,,16,,,0505010000-2,司法院,,,1139000,0,1139000,1132970,0,0,1132970,-6030,99.47
501,110,110,,,1,,0505010100-7,行政規費收入,,,36000,0,36000,24000,0,0,24000,-12000,66.67
501,110,110,,,,1,0505010102-2,證照費,,,36000,0,36000,24000,0,0,24000,-12000,66.67
501,110,110,,,3,,0505010300-6,使用規費收入,,,1103000,0,1103000,1108970,0,0,1108970,5970,100.54
501,110,110,,,,1,0505010303-4,資料使用費,,,1103000,0,1103000,1108970,0,0,1108970,5970,100.54
501,110,110,4,,,,0700000000-9,財產收入,,,13920000,0,13920000,13441776,0,0,13441776,-478224,96.56
501,110,110,,23,,,0705010000-3,司法院,,,13920000,0,13920000,13441776,0,0,13441776,-478224,96.56
501,110,110,,,1,,0705010100-8,財產孳息,,,13840000,0,13840000,13167567,0,0,13167567,-672433,95.14
501,110,110,,,,1,0705010103-6,租金收入,,,13840000,0,13840000,13167567,0,0,13167567,-672433,95.14
501,110,110,,,2,,0705010500-6,廢舊物資售價,,,80000,0,80000,274209,0,0,274209,194209,342.76
501,110,110,7,,,,1200000000-8,其他收入,,,2020000,0,2020000,1070806,0,0,1070806,-949194,53.01
501,110,110,,25,,,1205010000-2,司法院,,,2020000,0,2020000,1070806,0,0,1070806,-949194,53.01
501,110,110,,,1,,1205010200-1,雜項收入,,,2020000,0,2020000,1070806,0,0,1070806,-949194,53.01
501,110,110,,,,1,1205010201-4,收回以前年度歲出,,,0,0,0,29972,0,0,29972,29972,0.00
501,110,110,,,,2,1205010210-5,其他雜項收入,,,2020000,0,2020000,1040834,0,0,1040834,-979166,51.53
501,110,110,,,,,經常門小計,,,,17079000,0,17079000,18349975,0,0,18349975,1270975,107.44
501,110,110,,,,,資本門小計,,0,0,0,0,0,0,0,0,0,0,0.00
501,110,110,,,,,合計,,,,17079000,0,17079000,18349975,0,0,18349975,1270975,107.44
501,112,112,2,,,,0400000000-2,罰款及賠償收入,,,0,0,0,923586,0,0,923586,923586,0.00
501,112,112,,21,,,0405010000-7,司法院,,,0,0,0,923586,0,0,923586,923586,0.00
501,112,112,,,1,,0405010300-0,賠償收入,,,0,0,0,923586,0,0,923586,923586,0.00
501,112,112,,,,1,0405010301-3,一般賠償收入,,,0,0,0,923586,0,0,923586,923586,0.00
501,112,112,3,,,,0500000000-8,規費收入,,,1152000,0,1152000,1044499,0,0,1044499,-107501,90.67
501,112,112,,14,,,0505010000-2,司法院,,,1152000,0,1152000,1044499,0,0,1044499,-107501,90.67
501,112,112,,,1,,0505010100-7,行政規費收入,,,45000,0,45000,45000,0,0,45000,0,100.00
501,112,112,,,,1,0505010102-2,證照費,,,45000,0,45000,45000,0,0,45000,0,100.00
501,112,112,,,2,,0505010300-6,使用規費收入,,,1107000,0,1107000,999499,0,0,999499,-107501,90.29
501,112,112,,,,1,0505010303-4,資料使用費,,,1107000,0,1107000,999499,0,0,999499,-107501,90.29
501,112,112,4,,,,0700000000-9,財產收入,,,500000,0,500000,441553,0,0,441553,-58447,88.31
501,112,112,,23,,,0705010000-3,司法院,,,500000,0,500000,441553,0,0,441553,-58447,88.31
501,112,112,,,1,,0705010100-8,財產孳息,,,420000,0,420000,419688,0,0,419688,-312,99.93
501,112,112,,,,1,0705010103-6,租金收入,,,420000,0,420000,419688,0,0,419688,-312,99.93
501,112,112,,,2,,0705010500-6,廢舊物資售價,,,80000,0,80000,21865,0,0,21865,-58135,27.33
501,112,112,7,,,,1200000000-8,其他收入,,,1514000,0,1514000,3401638,0,0,3401638,1887638,224.68
501,112,112,,23,,,1205010000-2,司法院,,,1514000,0,1514000,3401638,0,0,3401638,1887638,224.68
501,112,112,,,1,,1205010200-1,雜項收入,,,1514000,0,1514000,3401638,0,0,3401638,1887638,224.68
501,112,112,,,,1,1205010201-4,收回以前年度歲出,,,0,0,0,2237533,0,0,2237533,2237533,0.00
501,112,112,,,,2,1205010210-5,其他雜項收入,,,1514000,0,1514000,1164105,0,0,1164105,-349895,76.89
501,112,112,,,,,經常門小計,,,,3166000,0,3166000,5811276,0,0,5811276,2645276,183.55
501,112,112,,,,,資本門小計,,0,0,0,0,0,0,0,0,0,0,0.00
501,112,112,,,,,合計,,,,3166000,0,3166000,5811276,0,0,5811276,2645276,183.55
2001,105,105,02,,,,0400000000-2,罰款及賠償收入,,,"10,700,000",0,"10,700,000","20,938,321",0,0,"20,938,321","10,238,321",195.69
2001,105,105,,87,,,0420010000-8,教育部,,,"10,700,000",0,"10,700,000","20,938,321",0,0,"20,938,321","10,238,321",195.69
2001,105,105,,,01,,0420010100-2,罰金罰鍰及怠金,,,0,0,0,"1,064,670",0,0,"1,064,670","1,064,670",
2001,105,105,,,,01,0420010101-5,罰金罰鍰,,,0,0,0,"1,064,670",0,0,"1,064,670","1,064,670",
2001,105,105,,,02,,0420010300-1,賠償收入,,,"10,700,000",0,"10,700,000","19,873,651",0,0,"19,873,651","9,173,651",185.74
2001,105,105,,,,01,0420010301-4,一般賠償收入,,,"10,700,000",0,"10,700,000","19,873,651",0,0,"19,873,651","9,173,651",185.74
2001,105,105,03,,,,0500000000-8,規費收入,,,"29,217,000",0,"29,217,000","30,123,004",0,0,"30,123,004","906,004",103.10
2001,105,105,,77,,,0520010000-3,教育部,,,"29,217,000",0,"29,217,000","30,123,004",0,0,"30,123,004","906,004",103.10
2001,105,105,,,01,,0520010100-8,行政規費收入,,,"27,588,000",0,"27,588,000","25,656,820",0,0,"25,656,820","-1,931,180",93.00
2001,105,105,,,,01,0520010101-0,審查費,,,"300,000",0,"300,000","934,200",0,0,"934,200","634,200",311.40
2001,105,105,,,,02,0520010104-9,考試報名費,,,"27,288,000",0,"27,288,000","24,722,620",0,0,"24,722,620","-2,565,380",90.60
2001,105,105,,,02,,0520010300-7,使用規費收入,,,"1,629,000",0,"1,629,000","4,466,184",0,0,"4,466,184","2,837,184",274.17
2001,105,105,,,,01,0520010305-0,資料使用費,,,"7,000",0,"7,000","1,499,827",0,0,"1,499,827","1,492,827","21,426.10"
2001,105,105,,,,02,0520010312-6,場地設施使用費,,,"1,622,000",0,"1,622,000","2,899,420",0,0,"2,899,420","1,277,420",178.76
2001,105,105,,,,03,0520010313-9,服務費,,,0,0,0,"66,937",0,0,"66,937","66,937",
2001,105,105,04,,,,0700000000-9,財產收入,,,"1,077,000",0,"1,077,000","10,595,939",0,0,"10,595,939","9,518,939",983.84
2001,105,105,,97,,,0720010000-4,教育部,,,"1,077,000",0,"1,077,000","10,595,939",0,0,"10,595,939","9,518,939",983.84
2001,105,105,,,01,,0720010100-9,財產孳息,,,"962,000",0,"962,000","9,661,154",0,0,"9,661,154","8,699,154","1,004.28"
2001,105,105,,,,01,0720010101-1,利息收入,,,0,0,0,"1,403,456",0,0,"1,403,456","1,403,456",
2001,105,105,,,,02,0720010105-2,權利金,,,0,0,0,"304,805",0,0,"304,805","304,805",
2001,105,105,,,,03,0720010106-5,租金收入,,,"962,000",0,"962,000","7,952,893",0,0,"7,952,893","6,990,893",826.70
2001,105,105,,,02,,0720010200-3,財產售價,,,0,0,0,"865,020",0,0,"865,020","865,020",
2001,105,105,,,,01,0720010202-9*,土地售價,,,0,0,0,"865,020",0,0,"865,020","865,020",
2001,105,105,,,03,,0720010600-1,廢舊物資售價,,,"115,000",0,"115,000","69,765",0,0,"69,765","-45,235",60.67
2001,105,105,07,,,,1100000000-2,其他收入,,,"204,382,000",0,"204,382,000","303,897,324",0,0,"303,897,324","99,515,324",148.69
2001,105,105,,101,,,1120010000-8,教育部,,,"204,382,000",0,"204,382,000","303,897,324",0,0,"303,897,324","99,515,324",148.69
2001,105,105,,,01,,1120010900-9,雜項收入,,,"204,382,000",0,"204,382,000","303,897,324",0,0,"303,897,324","99,515,324",148.69
2001,105,105,,,,01,1120010901-1,收回以前年度歲出,,,"200,000,000",0,"200,000,000","294,821,718",0,0,"294,821,718","94,821,718",147.41
2001,105,105,,,,02,1120010909-3,其他雜項收入,,,"4,382,000",0,"4,382,000","9,075,606",0,0,"9,075,606","4,693,606",207.11
2001,105,105,,,,,經常門小計,,,,"245,376,000",0,"245,376,000","364,689,568",0,0,"364,689,568","119,313,568",148.62
2001,105,105,,,,,資本門小計,,,,0,0,0,"865,020",0,0,"865,020","865,020",
2001,105,105,,,,,合計,,,,"245,376,000",0,"245,376,000","365,554,588",0,0,"365,554,588","120,178,588",148.98
2001,106,106,02,,,,0400000000-2,罰款及賠償收入,,,"10,700,000",0,"10,700,000","24,197,535",0,0,"24,197,535","13,497,535",226.15
2001,106,106,,84,,,0420010000-8,教育部,,,"10,700,000",0,"10,700,000","24,197,535",0,0,"24,197,535","13,497,535",226.15
2001,106,106,,,01,,0420010100-2,罰金罰鍰及怠金,,,0,0,0,"1,150,500",0,0,"1,150,500","1,150,500",
2001,106,106,,,,01,0420010101-5,罰金罰鍰,,,0,0,0,"1,150,500",0,0,"1,150,500","1,150,500",
2001,106,106,,,03,,0420010300-1,賠償收入,,,"10,700,000",0,"10,700,000","23,047,035",0,0,"23,047,035","12,347,035",215.39
2001,106,106,,,,01,0420010301-4,一般賠償收入,,,"10,700,000",0,"10,700,000","23,047,035",0,0,"23,047,035","12,347,035",215.39
2001,106,106,03,,,,0500000000-8,規費收入,,,"35,083,000",0,"35,083,000","36,064,957",0,0,"36,064,957","981,957",102.80
2001,106,106,,73,,,0520010000-3,教育部,,,"35,083,000",0,"35,083,000","36,064,957",0,0,"36,064,957","981,957",102.80
2001,106,106,,,01,,0520010100-8,行政規費收入,,,"32,400,000",0,"32,400,000","33,138,611",0,0,"33,138,611","738,611",102.28
2001,106,106,,,,01,0520010101-0,審查費,,,"400,000",0,"400,000","460,500",0,0,"460,500","60,500",115.13
2001,106,106,,,,02,0520010104-9,考試報名費,,,"32,000,000",0,"32,000,000","32,678,111",0,0,"32,678,111","678,111",102.12
2001,106,106,,,02,,0520010300-7,使用規費收入,,,"2,683,000",0,"2,683,000","2,926,346",0,0,"2,926,346","243,346",109.07
2001,106,106,,,,01,0520010305-0,資料使用費,,,"5,000",0,"5,000","1,158,806",0,0,"1,158,806","1,153,806","23,176.12"
2001,106,106,,,,02,0520010312-6,場地設施使用費,,,"2,678,000",0,"2,678,000","1,767,540",0,0,"1,767,540","-910,460",66.00
2001,106,106,04,,,,0700000000-9,財產收入,,,"1,086,000",0,"1,086,000","6,082,312",0,0,"6,082,312","4,996,312",560.07
2001,106,106,,100,,,0720010000-4,教育部,,,"1,086,000",0,"1,086,000","6,082,312",0,0,"6,082,312","4,996,312",560.07
2001,106,106,,,01,,0720010100-9,財產孳息,,,"971,000",0,"971,000","5,862,159",0,0,"5,862,159","4,891,159",603.72
2001,106,106,,,,01,0720010101-1,利息收入,,,0,0,0,"722,160",0,0,"722,160","722,160",
2001,106,106,,,,02,0720010105-2,權利金,,,0,0,0,"3,500,309",0,0,"3,500,309","3,500,309",
2001,106,106,,,,03,0720010106-5,租金收入,,,"971,000",0,"971,000","1,639,690",0,0,"1,639,690","668,690",168.87
2001,106,106,,,02,,0720010600-1,廢舊物資售價,,,"115,000",0,"115,000","220,153",0,0,"220,153","105,153",191.44
2001,106,106,07,,,,1100000000-2,其他收入,,,"210,000,000",0,"210,000,000","597,343,685",0,0,"597,343,685","387,343,685",284.45
2001,106,106,,97,,,1120010000-8,教育部,,,"210,000,000",0,"210,000,000","597,343,685",0,0,"597,343,685","387,343,685",284.45
2001,106,106,,,01,,1120010900-9,雜項收入,,,"210,000,000",0,"210,000,000","597,343,685",0,0,"597,343,685","387,343,685",284.45
2001,106,106,,,,01,1120010901-1,收回以前年度歲出,,,"200,000,000",0,"200,000,000","327,108,336",0,0,"327,108,336","127,108,336",163.55
2001,106,106,,,,02,1120010909-3,其他雜項收入,,,"10,000,000",0,"10,000,000","270,235,349",0,0,"270,235,349","260,235,349","2,702.35"
2001,106,106,,,,,經常門小計,,,,"256,869,000",0,"256,869,000","663,688,489",0,0,"663,688,489","406,819,489",258.38
2001,106,106,null,null,null,null,資本門小計,,0,0,0,0,0,0,0,0,0,0,
2001,106,106,,,,,合計,,,,"256,869,000",0,"256,869,000","663,688,489",0,0,"663,688,489","406,819,489",258.38
2001,107,107,02,,,,0400000000-2,罰款及賠償收入,,,"13,600,000",0,"13,600,000","25,982,831",0,0,"25,982,831","12,382,831",191.05
2001,107,107,,86,,,0420010000-8,教育部,,,"13,600,000",0,"13,600,000","25,982,831",0,0,"25,982,831","12,382,831",191.05
2001,107,107,,,01,,0420010100-2,罰金罰鍰及怠金,,,0,0,0,"1,966,500",0,0,"1,966,500","1,966,500",
2001,107,107,,,,01,0420010101-5,罰金罰鍰,,,0,0,0,"1,966,500",0,0,"1,966,500","1,966,500",
2001,107,107,,,02,,0420010300-1,賠償收入,,,"13,600,000",0,"13,600,000","24,016,331",0,0,"24,016,331","10,416,331",176.59
2001,107,107,,,,01,0420010301-4,一般賠償收入,,,"13,600,000",0,"13,600,000","24,016,331",0,0,"24,016,331","10,416,331",176.59
2001,107,107,03,,,,0500000000-8,規費收入,,,"41,305,000",0,"41,305,000","33,729,476",0,0,"33,729,476","-7,575,524",81.66
2001,107,107,,76,,,0520010000-3,教育部,,,"41,305,000",0,"41,305,000","33,729,476",0,0,"33,729,476","-7,575,524",81.66
2001,107,107,,,01,,0520010100-8,行政規費收入,,,"38,400,000",0,"38,400,000","33,040,883",0,0,"33,040,883","-5,359,117",86.04
2001,107,107,,,,01,0520010101-0,審查費,,,"400,000",0,"400,000","378,500",0,0,"378,500","-21,500",94.63
2001,107,107,,,,02,0520010104-9,考試報名費,,,"38,000,000",0,"38,000,000","32,662,383",0,0,"32,662,383","-5,337,617",85.95
2001,107,107,,,02,,0520010300-7,使用規費收入,,,"2,905,000",0,"2,905,000","688,593",0,0,"688,593","-2,216,407",23.70
2001,107,107,,,,01,0520010305-0,資料使用費,,,"5,000",0,"5,000","63,443",0,0,"63,443","58,443","1,268.86"
2001,107,107,,,,02,0520010312-6,場地設施使用費,,,"2,900,000",0,"2,900,000","625,100",0,0,"625,100","-2,274,900",21.56
2001,107,107,,,,03,0520010313-9,服務費,,,0,0,0,50,0,0,50,50,
2001,107,107,04,,,,0700000000-9,財產收入,,,"14,666,000",0,"14,666,000","6,838,735","11,287,500",0,"18,126,235","3,460,235",123.59
2001,107,107,,100,,,0720010000-4,教育部,,,"14,666,000",0,"14,666,000","6,838,735","11,287,500",0,"18,126,235","3,460,235",123.59
2001,107,107,,,01,,0720010100-9,財產孳息,,,"14,551,000",0,"14,551,000","6,372,323","11,287,500",0,"17,659,823","3,108,823",121.37
2001,107,107,,,,01,0720010101-1,利息收入,,,0,0,0,"819,578",0,0,"819,578","819,578",
2001,107,107,,,,02,0720010105-2,權利金,,,0,0,0,"108,829",0,0,"108,829","108,829",
2001,107,107,,,,03,0720010106-5,租金收入,,,"14,551,000",0,"14,551,000","5,443,916","11,287,500",0,"16,731,416","2,180,416",114.98
2001,107,107,,,03,,0720010600-1,廢舊物資售價,,,"115,000",0,"115,000","466,412",0,0,"466,412","351,412",405.58
2001,107,107,07,,,,1100000000-2,其他收入,,,"323,403,000",0,"323,403,000","498,822,104","54,275",0,"498,876,379","175,473,379",154.26
2001,107,107,,98,,,1120010000-8,教育部,,,"323,403,000",0,"323,403,000","498,822,104","54,275",0,"498,876,379","175,473,379",154.26
2001,107,107,,,01,,1120010900-9,雜項收入,,,"323,403,000",0,"323,403,000","498,822,104","54,275",0,"498,876,379","175,473,379",154.26
2001,107,107,,,,01,1120010901-1,收回以前年度歲出,,,"313,403,000",0,"313,403,000","490,907,234","54,275",0,"490,961,509","177,558,509",156.66
2001,107,107,,,,02,1120010909-3,其他雜項收入,,,"10,000,000",0,"10,000,000","7,914,870",0,0,"7,914,870","-2,085,130",79.15
2001,107,107,,,,,經常門小計,,,,"392,974,000",0,"392,974,000","565,373,146","11,341,775",0,"576,714,921","183,740,921",146.76
2001,107,107,null,null,null,null,資本門小計,,0,0,0,0,0,0,0,0,0,0,
2001,107,107,,,,,合計,,,,"392,974,000",0,"392,974,000","565,373,146","11,341,775",0,"576,714,921","183,740,921",146.76
2001,108,108,02,,,,0400000000-2,罰款及賠償收入,,,"13,600,000",0,"13,600,000","39,003,287",0,0,"39,003,287","25,403,287",286.79
2001,108,108,,87,,,0420010000-8,教育部,,,"13,600,000",0,"13,600,000","39,003,287",0,0,"39,003,287","25,403,287",286.79
2001,108,108,,,01,,0420010100-2,罰金罰鍰及怠金,,,0,0,0,"2,135,000",0,0,"2,135,000","2,135,000",
2001,108,108,,,,01,0420010101-5,罰金罰鍰,,,0,0,0,"2,135,000",0,0,"2,135,000","2,135,000",
2001,108,108,,,02,,0420010300-1,賠償收入,,,"13,600,000",0,"13,600,000","35,168,387",0,0,"35,168,387","21,568,387",258.59
2001,108,108,,,,01,0420010301-4,一般賠償收入,,,"13,600,000",0,"13,600,000","35,168,387",0,0,"35,168,387","21,568,387",258.59
2001,108,108,,,03,,0420010200-7,沒入及沒收財物,,,0,0,0,"1,699,900",0,0,"1,699,900","1,699,900",
2001,108,108,,,,01,0420010201-0,沒入金,,,0,0,0,"1,699,900",0,0,"1,699,900","1,699,900",
2001,108,108,03,,,,0500000000-8,規費收入,,,"45,528,000",0,"45,528,000","54,833,790",0,0,"54,833,790","9,305,790",120.44
2001,108,108,,78,,,0520010000-3,教育部,,,"45,528,000",0,"45,528,000","54,833,790",0,0,"54,833,790","9,305,790",120.44
2001,108,108,,,01,,0520010100-8,行政規費收入,,,"45,262,000",0,"45,262,000","54,113,468",0,0,"54,113,468","8,851,468",119.56
2001,108,108,,,,01,0520010101-0,審查費,,,"900,000",0,"900,000","1,079,500",0,0,"1,079,500","179,500",119.94
2001,108,108,,,,02,0520010104-9,考試報名費,,,"44,362,000",0,"44,362,000","53,033,968",0,0,"53,033,968","8,671,968",119.55
2001,108,108,,,02,,0520010300-7,使用規費收入,,,"266,000",0,"266,000","720,322",0,0,"720,322","454,322",270.80
2001,108,108,,,,01,0520010305-0,資料使用費,,,"5,000",0,"5,000","17,189",0,0,"17,189","12,189",343.78
2001,108,108,,,,02,0520010312-6,場地設施使用費,,,"261,000",0,"261,000","702,098",0,0,"702,098","441,098",269.00
2001,108,108,,,,03,0520010313-9,服務費,,,0,0,0,"1,035",0,0,"1,035","1,035",
2001,108,108,04,,,,0700000000-9,財產收入,,,"26,932,000",0,"26,932,000","16,135,703","11,287,500",0,"27,423,203","491,203",101.82
2001,108,108,,99,,,0720010000-4,教育部,,,"26,932,000",0,"26,932,000","16,135,703","11,287,500",0,"27,423,203","491,203",101.82
2001,108,108,,,01,,0720010100-9,財產孳息,,,"26,817,000",0,"26,817,000","15,931,247","11,287,500",0,"27,218,747","401,747",101.50
2001,108,108,,,,01,0720010101-1,利息收入,,,0,0,0,"658,228",0,0,"658,228","658,228",
2001,108,108,,,,02,0720010105-2,權利金,,,0,0,0,"59,118",0,0,"59,118","59,118",
2001,108,108,,,,03,0720010106-5,租金收入,,,"26,817,000",0,"26,817,000","15,213,901","11,287,500",0,"26,501,401","-315,599",98.82
2001,108,108,,,02,,0720010600-1,廢舊物資售價,,,"115,000",0,"115,000","204,456",0,0,"204,456","89,456",177.79
2001,108,108,07,,,,1100000000-2,其他收入,,,"323,203,000",0,"323,203,000","715,276,742","2,357,759",0,"717,634,501","394,431,501",222.04
2001,108,108,,99,,,1120010000-8,教育部,,,"323,203,000",0,"323,203,000","715,276,742","2,357,759",0,"717,634,501","394,431,501",222.04
2001,108,108,,,01,,1120010900-9,雜項收入,,,"323,203,000",0,"323,203,000","715,276,742","2,357,759",0,"717,634,501","394,431,501",222.04
2001,108,108,,,,01,1120010901-1,收回以前年度歲出,,,"313,403,000",0,"313,403,000","636,855,508","2,357,759",0,"639,213,267","325,810,267",203.96
2001,108,108,,,,02,1120010909-3,其他雜項收入,,,"9,800,000",0,"9,800,000","78,421,234",0,0,"78,421,234","68,621,234",800.22
2001,108,108,,,,,經常門小計,,,,"409,263,000",0,"409,263,000","825,249,522","13,645,259",0,"838,894,781","429,631,781",204.98
2001,108,108,null,null,null,null,資本門小計,,0,0,0,0,0,0,0,0,0,0,
2001,108,108,,,,,合計,,,,"409,263,000",0,"409,263,000","825,249,522","13,645,259",0,"838,894,781","429,631,781",204.98
2001,109,109,2,,,,0400000000-2,罰款及賠償收入,,,13600000,0,13600000,34616146,0,0,34616146,21016146,254.53
2001,109,109,,87,,,0420010000-8,教育部,,,13600000,0,13600000,34616146,0,0,34616146,21016146,254.53
2001,109,109,,,1,,0420010100-2,罰金罰鍰及怠金,,,0,0,0,3522137,0,0,3522137,3522137,0.00
2001,109,109,,,,1,0420010101-5,罰金罰鍰,,,0,0,0,3522137,0,0,3522137,3522137,0.00
2001,109,109,,,2,,0420010300-1,賠償收入,,,13600000,0,13600000,31094009,0,0,31094009,17494009,228.63
2001,109,109,,,,1,0420010301-4,一般賠償收入,,,13600000,0,13600000,31094009,0,0,31094009,17494009,228.63
2001,109,109,3,,,,0500000000-8,規費收入,,,42454000,0,42454000,65874561,0,0,65874561,23420561,155.17
2001,109,109,,79,,,0520010000-3,教育部,,,42454000,0,42454000,65874561,0,0,65874561,23420561,155.17
2001,109,109,,,1,,0520010100-8,行政規費收入,,,39732000,0,39732000,63406959,0,0,63406959,23674959,159.59
2001,109,109,,,,1,0520010101-0,審查費,,,900000,0,900000,9095000,0,0,9095000,8195000,1010.56
2001,109,109,,,,2,0520010104-9,考試報名費,,,38832000,0,38832000,54311959,0,0,54311959,15479959,139.86
2001,109,109,,,2,,0520010300-7,使用規費收入,,,2722000,0,2722000,2467602,0,0,2467602,-254398,90.65
2001,109,109,,,,1,0520010303-5,資料使用費,,,5000,0,5000,21440,0,0,21440,16440,428.80
2001,109,109,,,,2,0520010306-3,場地設施使用費,,,2717000,0,2717000,2446162,0,0,2446162,-270838,90.03
2001,109,109,4,,,,0700000000-9,財產收入,,,26932000,0,26932000,23467485,4086000,0,27553485,621485,102.31
2001,109,109,,99,,,0720010000-4,教育部,,,26932000,0,26932000,23467485,4086000,0,27553485,621485,102.31
2001,109,109,,,1,,0720010100-9,財產孳息,,,26817000,0,26817000,23402630,4086000,0,27488630,671630,102.50
2001,109,109,,,,1,0720010101-1,利息收入,,,0,0,0,199636,0,0,199636,199636,0.00
2001,109,109,,,,2,0720010102-4,權利金,,,0,0,0,349304,0,0,349304,349304,0.00
2001,109,109,,,,3,0720010103-7,租金收入,,,26817000,0,26817000,22853690,4086000,0,26939690,122690,100.46
2001,109,109,,,2,,0720010500-7,廢舊物資售價,,,115000,0,115000,64855,0,0,64855,-50145,56.40
2001,109,109,7,,,,1200000000-8,其他收入,,,323203000,0,323203000,604714156,0,0,604714156,281511156,187.10
2001,109,109,,98,,,1220010000-3,教育部,,,323203000,0,323203000,604714156,0,0,604714156,281511156,187.10
2001,109,109,,,1,,1220010200-2,雜項收入,,,323203000,0,323203000,604714156,0,0,604714156,281511156,187.10
2001,109,109,,,,1,1220010201-5,收回以前年度歲出,,,313403000,0,313403000,584432838,0,0,584432838,271029838,186.48
2001,109,109,,,,2,1220010210-6,其他雜項收入,,,9800000,0,9800000,20281318,0,0,20281318,10481318,206.95
2001,109,109,,,,,經常門小計,,,,406189000,0,406189000,728672348,4086000,0,732758348,326569348,180.40
2001,109,109,,,,,資本門小計,,0,0,0,0,0,0,0,0,0,0,0.00
2001,109,109,,,,,合計,,,,406189000,0,406189000,728672348,4086000,0,732758348,326569348,180.40
2001,110,110,2,,,,0400000000-2,罰款及賠償收入,,,13600000,0,13600000,37548671,0,0,37548671,23948671,276.09
2001,110,110,,88,,,0420010000-8,教育部,,,13600000,0,13600000,37548671,0,0,37548671,23948671,276.09
2001,110,110,,,1,,0420010100-2,罰金罰鍰及怠金,,,0,0,0,7472636,0,0,7472636,7472636,0.00
2001,110,110,,,,1,0420010101-5,罰金罰鍰,,,0,0,0,7472636,0,0,7472636,7472636,0.00
2001,110,110,,,3,,0420010300-1,賠償收入,,,13600000,0,13600000,30076035,0,0,30076035,16476035,221.15
2001,110,110,,,,1,0420010301-4,一般賠償收入,,,13600000,0,13600000,30076035,0,0,30076035,16476035,221.15
2001,110,110,3,,,,0500000000-8,規費收入,,,42649000,0,42649000,45592734,0,0,45592734,2943734,106.90
2001,110,110,,77,,,0520010000-3,教育部,,,42649000,0,42649000,45592734,0,0,45592734,2943734,106.90
2001,110,110,,,1,,0520010100-8,行政規費收入,,,39927000,0,39927000,43404732,0,0,43404732,3477732,108.71
2001,110,110,,,,1,0520010101-0,審查費,,,900000,0,900000,1237470,0,0,1237470,337470,137.50
2001,110,110,,,,2,0520010104-9,考試報名費,,,39027000,0,39027000,42167262,0,0,42167262,3140262,108.05
2001,110,110,,,2,,0520010300-7,使用規費收入,,,2722000,0,2722000,2188002,0,0,2188002,-533998,80.38
2001,110,110,,,,1,0520010303-5,資料使用費,,,5000,0,5000,16006,0,0,16006,11006,320.12
2001,110,110,,,,2,0520010306-3,場地設施使用費,,,2717000,0,2717000,2171996,0,0,2171996,-545004,79.94
2001,110,110,4,,,,0700000000-9,財產收入,,,26883000,0,26883000,14710416,11917500,0,26627916,-255084,99.05
2001,110,110,,101,,,0720010000-4,教育部,,,26883000,0,26883000,14710416,11917500,0,26627916,-255084,99.05
2001,110,110,,,1,,0720010100-9,財產孳息,,,26798000,0,26798000,14583216,11917500,0,26500716,-297284,98.89
2001,110,110,,,,1,0720010101-1,利息收入,,,0,0,0,268874,0,0,268874,268874,0.00
2001,110,110,,,,2,0720010102-4,權利金,,,0,0,0,1225912,0,0,1225912,1225912,0.00
2001,110,110,,,,3,0720010103-7,租金收入,,,26798000,0,26798000,13088430,11917500,0,25005930,-1792070,93.31
2001,110,110,,,2,,0720010500-7,廢舊物資售價,,,85000,0,85000,127200,0,0,127200,42200,149.65
2001,110,110,7,,,,1200000000-8,其他收入,,,389104000,0,389104000,814633497,1262617,0,815896114,426792114,209.69
2001,110,110,,100,,,1220010000-3,教育部,,,389104000,0,389104000,814633497,1262617,0,815896114,426792114,209.69
2001,110,110,,,1,,1220010200-2,雜項收入,,,389104000,0,389104000,814633497,1262617,0,815896114,426792114,209.69
2001,110,110,,,,1,1220010201-5,收回以前年度歲出,,,355000000,0,355000000,758492423,1262617,0,759755040,404755040,214.02
2001,110,110,,,,2,1220010210-6,其他雜項收入,,,34104000,0,34104000,56141074,0,0,56141074,22037074,164.62
2001,110,110,,,,,經常門小計,,,,472236000,0,472236000,912485318,13180117,0,925665435,453429435,196.02
2001,110,110,,,,,資本門小計,,0,0,0,0,0,0,0,0,0,0,0.00
2001,110,110,,,,,合計,,,,472236000,0,472236000,912485318,13180117,0,925665435,453429435,196.02
2001,111,111,2,,,,0400000000-2,罰款及賠償收入,,,19600000,0,19600000,48044194,0,0,48044194,28444194,245.12
2001,111,111,,86,,,0420010000-8,教育部,,,19600000,0,19600000,48044194,0,0,48044194,28444194,245.12
2001,111,111,,,1,,0420010100-2,罰金罰鍰及怠金,,,0,0,0,11560422,0,0,11560422,11560422,0.00
2001,111,111,,,,1,0420010101-5,罰金罰鍰,,,0,0,0,11560422,0,0,11560422,11560422,0.00
2001,111,111,,,2,,0420010300-1,賠償收入,,,19600000,0,19600000,36483772,0,0,36483772,16883772,186.14
2001,111,111,,,,1,0420010301-4,一般賠償收入,,,19600000,0,19600000,36483772,0,0,36483772,16883772,186.14
2001,111,111,3,,,,0500000000-8,規費收入,,,49016000,0,49016000,64804937,0,0,64804937,15788937,132.21
2001,111,111,,77,,,0520010000-3,教育部,,,49016000,0,49016000,64804937,0,0,64804937,15788937,132.21
2001,111,111,,,1,,0520010100-8,行政規費收入,,,46142000,0,46142000,62087360,0,0,62087360,15945360,134.56
2001,111,111,,,,1,0520010101-0,審查費,,,850000,0,850000,8783070,0,0,8783070,7933070,1033.30
2001,111,111,,,,2,0520010104-9,考試報名費,,,45292000,0,45292000,53304290,0,0,53304290,8012290,117.69
2001,111,111,,,2,,0520010300-7,使用規費收入,,,2874000,0,2874000,2717577,0,0,2717577,-156423,94.56
2001,111,111,,,,1,0520010303-5,資料使用費,,,5000,0,5000,24645,0,0,24645,19645,492.90
2001,111,111,,,,2,0520010306-3,場地設施使用費,,,2869000,0,2869000,2692932,0,0,2692932,-176068,93.86
2001,111,111,4,,,,0700000000-9,財產收入,,,27689000,0,27689000,17710422,13657200,0,31367622,3678622,113.29
2001,111,111,,101,,,0720010000-4,教育部,,,27689000,0,27689000,17710422,13657200,0,31367622,3678622,113.29
2001,111,111,,,1,,0720010100-9,財產孳息,,,27604000,0,27604000,17681723,13657200,0,31338923,3734923,113.53
2001,111,111,,,,1,0720010101-1,利息收入,,,0,0,0,570396,0,0,570396,570396,0.00
2001,111,111,,,,2,0720010102-4,權利金,,,0,0,0,1042814,0,0,1042814,1042814,0.00
2001,111,111,,,,3,0720010103-7,租金收入,,,27604000,0,27604000,16068513,13657200,0,29725713,2121713,107.69
2001,111,111,,,2,,0720010500-7,廢舊物資售價,,,85000,0,85000,28699,0,0,28699,-56301,33.76
2001,111,111,7,,,,1200000000-8,其他收入,,,452687000,0,452687000,797518627,510880,0,798029507,345342507,176.29
2001,111,111,,101,,,1220010000-3,教育部,,,452687000,0,452687000,797518627,510880,0,798029507,345342507,176.29
2001,111,111,,,1,,1220010200-2,雜項收入,,,452687000,0,452687000,797518627,510880,0,798029507,345342507,176.29
2001,111,111,,,,1,1220010201-5,收回以前年度歲出,,,441075000,0,441075000,761173758,510880,0,761684638,320609638,172.69
2001,111,111,,,,2,1220010210-6,其他雜項收入,,,11612000,0,11612000,36344869,0,0,36344869,24732869,312.99
2001,111,111,,,,,經常門小計,,,,548992000,0,548992000,928078180,14168080,0,942246260,393254260,171.63
2001,111,111,,,,,資本門小計,,0,0,0,0,0,0,0,0,0,0,0.00
2001,111,111,,,,,合計,,,,548992000,0,548992000,928078180,14168080,0,942246260,393254260,171.63
2001,112,112,2,,,,0400000000-2,罰款及賠償收入,,,22600000,0,22600000,42387466,8720,0,42396186,19796186,187.59
2001,112,112,,92,,,0420010000-8,教育部,,,22600000,0,22600000,42387466,8720,0,42396186,19796186,187.59
2001,112,112,,,1,,0420010100-2,罰金罰鍰及怠金,,,0,0,0,11520480,0,0,11520480,11520480,0.00
2001,112,112,,,,1,0420010101-5,罰金罰鍰,,,0,0,0,11520480,0,0,11520480,11520480,0.00
2001,112,112,,,2,,0420010300-1,賠償收入,,,22600000,0,22600000,30866986,8720,0,30875706,8275706,136.62
2001,112,112,,,,1,0420010301-4,一般賠償收入,,,22600000,0,22600000,30866986,8720,0,30875706,8275706,136.62
2001,112,112,3,,,,0500000000-8,規費收入,,,52392000,0,52392000,80555127,0,0,80555127,28163127,153.75
2001,112,112,,75,,,0520010000-3,教育部,,,52392000,0,52392000,80555127,0,0,80555127,28163127,153.75
2001,112,112,,,1,,0520010100-8,行政規費收入,,,49518000,0,49518000,78262163,0,0,78262163,28744163,158.05
2001,112,112,,,,1,0520010101-0,審查費,,,850000,0,850000,825515,0,0,825515,-24485,97.12
2001,112,112,,,,2,0520010104-9,考試報名費,,,48668000,0,48668000,77436648,0,0,77436648,28768648,159.11
2001,112,112,,,2,,0520010300-7,使用規費收入,,,2874000,0,2874000,2292964,0,0,2292964,-581036,79.78
2001,112,112,,,,1,0520010303-5,資料使用費,,,5000,0,5000,32640,0,0,32640,27640,652.80
2001,112,112,,,,2,0520010306-3,場地設施使用費,,,2869000,0,2869000,2260324,0,0,2260324,-608676,78.78
2001,112,112,4,,,,0700000000-9,財產收入,,,27719000,0,27719000,22271873,12579000,0,34850873,7131873,125.73
2001,112,112,,101,,,0720010000-4,教育部,,,27719000,0,27719000,22271873,12579000,0,34850873,7131873,125.73
2001,112,112,,,1,,0720010100-9,財產孳息,,,27634000,0,27634000,18414713,12579000,0,30993713,3359713,112.16
2001,112,112,,,,1,0720010101-1,利息收入,,,0,0,0,1247099,0,0,1247099,1247099,0.00
2001,112,112,,,,2,0720010102-4,權利金,,,0,0,0,1450433,0,0,1450433,1450433,0.00
2001,112,112,,,,3,0720010103-7,租金收入,,,27634000,0,27634000,15717181,12579000,0,28296181,662181,102.40
2001,112,112,,,2,,0720010500-7,廢舊物資售價,,,85000,0,85000,3857160,0,0,3857160,3772160,4537.84
2001,112,112,7,,,,1200000000-8,其他收入,,,495821000,0,495821000,785156504,0,0,785156504,289335504,158.35
2001,112,112,,100,,,1220010000-3,教育部,,,495821000,0,495821000,785156504,0,0,785156504,289335504,158.35
2001,112,112,,,1,,1220010200-2,雜項收入,,,495821000,0,495821000,785156504,0,0,785156504,289335504,158.35
2001,112,112,,,,1,1220010201-5,收回以前年度歲出,,,483206000,0,483206000,683243528,0,0,683243528,200037528,141.40
2001,112,112,,,,2,1220010210-6,其他雜項收入,,,12615000,0,12615000,101912976,0,0,101912976,89297976,807.87
2001,112,112,,,,,經常門小計,,,,598532000,0,598532000,930370970,12587720,0,942958690,344426690,157.55
2001,112,112,,,,,資本門小計,,0,0,0,0,0,0,0,0,0,0,0.00
2001,112,112,,,,,合計,,,,598532000,0,598532000,930370970,12587720,0,942958690,344426690,157.55
