id,time,會計年度,款,項,目,節,預算科目編號,預算科目名稱,分計畫編號,分計畫名稱,經常支出_人事費,經常支出_業務費,經常支出_獎補助費,經常支出_債務費,經常支出_小計,資本資出_業務費,資本資出_設備及投資,資本資出_獎補助費,資本資出_小計,合計,備註
201,105,105,01,,,,0002000000-8,總統府主管,,,"659,654,577","286,910,720","2,593,200",0,"949,158,497",0,"50,026,303",0,"50,026,303","999,184,800",
201,105,105,,01,,,0002010000-4,總統府,,,"659,654,577","286,910,720","2,593,200",0,"949,158,497",0,"50,026,303",0,"50,026,303","999,184,800",
201,105,105,,,01,,3202010100-9,一般行政,,,"651,227,782","170,681,311","2,593,200",0,"824,502,293",0,"50,026,303",0,"50,026,303","874,528,596",
201,105,105,,,02,,3202010200-3,國務機要,,,0,"29,785,831",0,0,"29,785,831",0,0,0,0,"29,785,831",
201,105,105,,,03,,3202010300-8,國家慶典,,,"354,586","45,720,736",0,0,"46,075,322",0,0,0,0,"46,075,322",
201,105,105,,,04,,3202010400-2,研究發展,,,0,"7,406,478",0,0,"7,406,478",0,0,0,0,"7,406,478",
201,105,105,,,,01,3202010401-5,"國家發展研究及
諮詢",,,0,"7,406,478",0,0,"7,406,478",0,0,0,0,"7,406,478",
201,105,105,,,05,,3202010500-7,新聞發布,,,0,"9,732,529",0,0,"9,732,529",0,0,0,0,"9,732,529",
201,105,105,,,06,,3202010600-1,卸任禮遇,,,"8,072,209","16,473,530",0,0,"24,545,739",0,0,0,0,"24,545,739",
201,105,105,,,07,,3202010800-0,"公報編印及印信勳
章鑄造",,,0,"7,110,305",0,0,"7,110,305",0,0,0,0,"7,110,305",
201,105,105,,,,,00020000000-8,"總統
府主
管",,,"659,654,577","286,910,720","2,593,200",0,"949,158,497",0,"50,026,303",0,"50,026,303","999,184,800",
201,105,105,01,,,,0002000000-8,總統府主管,,,0,"47,172,237",0,0,"47,172,237",0,0,0,0,"47,172,237",
201,105,105,,01,,,0002010000-4,總統府,,,0,"47,172,237",0,0,"47,172,237",0,0,0,0,"47,172,237",
201,105,105,,,01,,3202010100-9,一般行政,,,0,"42,522,954",0,0,"42,522,954",0,0,0,0,"42,522,954",
201,105,105,,,06,,3202010600-1,卸任禮遇,,,0,"4,649,283",0,0,"4,649,283",0,0,0,0,"4,649,283",
201,105,105,,,,,00020000000-8,"總統
府主
管",,,0,"47,172,237",0,0,"47,172,237",0,0,0,0,"47,172,237",
201,105,105,,,,,00020000000-8,"總
統
府
主
管",,,"659,654,577","334,082,957","2,593,200",0,"996,330,734",0,"50,026,303",0,"50,026,303","1,046,357,037",
201,110,110,1,,,,0002000000-8,總統府主管,,,0,0,0,0,0,0,0,0,0,0,
201,110,110,,1,,,0002010000-4,總統府,,,606473984,257282309,796669,0,864552962,0,46213023,0,46213023,910765985,
201,110,110,,,1,,3102010100-3,一般行政,,,603291284,195483823,796669,0,799571776,0,38214704,0,38214704,837786480,
201,110,110,,,2,,3102010200-8,國務機要,,,0,29999482,0,0,29999482,0,0,0,0,29999482,
201,110,110,,,3,,3102010300-2,國家慶典,,,0,15220658,0,0,15220658,0,0,0,0,15220658,
201,110,110,,,4,,3102010400-7,研究發展,,,0,4438108,0,0,4438108,0,0,0,0,4438108,
201,110,110,,,,1,3102010401-0,"國家發展研究及
諮詢",,,0,4438108,0,0,4438108,0,0,0,0,4438108,
201,110,110,,,5,,3102010500-1,新聞發布,,,0,5025341,0,0,5025341,0,0,0,0,5025341,
201,110,110,,,6,,3102010600-6,卸任禮遇,,,3182700,2935531,0,0,6118231,0,0,0,0,6118231,
201,110,110,,,7,,3102010800-5,"公報編印及印信勳
章鑄造",,,0,4179366,0,0,4179366,0,0,0,0,4179366,
201,110,110,,,8,,3102019000-8,一般建築及設備,,,0,0,0,0,0,0,7998319,0,7998319,7998319,
201,110,110,,,,1,3102019011-4,交通及運輸設備,,,0,0,0,0,0,0,7998319,0,7998319,7998319,
201,110,110,,,,,,小計,,,606473984,257282309,796669,0,864552962,0,46213023,0,46213023,910765985,
201,110,110,1,,,,0002000000-8,總統府主管,,,0,0,0,0,0,0,0,0,0,0,
201,110,110,,1,,,0002010000-4,總統府,,,0,5315144,0,0,5315144,0,7188000,0,7188000,12503144,
201,110,110,,,1,,3102010100-3,一般行政,,,0,3045000,0,0,3045000,0,7188000,0,7188000,10233000,
201,110,110,,,6,,3102010600-6,卸任禮遇,,,0,2270144,0,0,2270144,0,0,0,0,2270144,
201,110,110,,,,,,保留數,,,0,5315144,0,0,5315144,0,7188000,0,7188000,12503144,
201,110,110,,,,,,合計,,,606473984,262597453,796669,0,869868106,0,53401023,0,53401023,923269129,
201,111,111,1,,,,0002000000-8,總統府主管,,,0,0,0,0,0,0,0,0,0,0,
201,111,111,,1,,,0002010000-4,總統府,,,616487503,242247878,792500,0,859527881,0,43627207,0,43627207,903155088,
201,111,111,,,1,,3102010100-3,一般行政,,,613304803,179516215,792500,0,793613518,0,33877726,0,33877726,827491244,
201,111,111,,,2,,3102010200-8,國務機要,,,0,29972723,0,0,29972723,0,0,0,0,29972723,
201,111,111,,,3,,3102010300-2,國家慶典,,,0,15596668,0,0,15596668,0,0,0,0,15596668,
201,111,111,,,4,,3102010400-7,研究發展,,,0,4551940,0,0,4551940,0,0,0,0,4551940,
201,111,111,,,,1,3102010401-0,"國家發展研究及
諮詢",,,0,4551940,0,0,4551940,0,0,0,0,4551940,
201,111,111,,,5,,3102010500-1,新聞發布,,,0,6525261,0,0,6525261,0,0,0,0,6525261,
201,111,111,,,6,,3102010600-6,卸任禮遇,,,3182700,2685630,0,0,5868330,0,0,0,0,5868330,
201,111,111,,,7,,3102010800-5,"公報編印及印信勳
章鑄造",,,0,3399441,0,0,3399441,0,0,0,0,3399441,
201,111,111,,,8,,3102019000-8,一般建築及設備,,,0,0,0,0,0,0,9749481,0,9749481,9749481,
201,111,111,,,,1,3102019011-4,交通及運輸設備,,,0,0,0,0,0,0,9749481,0,9749481,9749481,
201,111,111,,,,,,小計,,,616487503,242247878,792500,0,859527881,0,43627207,0,43627207,903155088,
201,111,111,1,,,,0002000000-8,總統府主管,,,0,0,0,0,0,0,0,0,0,0,
201,111,111,,1,,,0002010000-4,總統府,,,0,38956159,0,0,38956159,0,12221985,0,12221985,51178144,
201,111,111,,,1,,3102010100-3,一般行政,,,0,36418673,0,0,36418673,0,12221985,0,12221985,48640658,
201,111,111,,,6,,3102010600-6,卸任禮遇,,,0,2537486,0,0,2537486,0,0,0,0,2537486,
201,111,111,,,,,,保留數,,,0,38956159,0,0,38956159,0,12221985,0,12221985,51178144,
201,111,111,,,,,,合計,,,616487503,281204037,792500,0,898484040,0,55849192,0,55849192,954333232,
201,112,112,1,,,,0002000000-8,總統府主管,,,0,0,0,0,0,0,0,0,0,0,
201,112,112,,1,,,0002010000-4,總統府,,,653339093,260230444,765300,0,914334837,0,69599284,0,69599284,983934121,
201,112,112,,,1,,3102010100-3,一般行政,,,650029085,195731841,765300,0,846526226,0,61459513,0,61459513,907985739,
201,112,112,,,2,,3102010200-8,國務機要,,,0,29998830,0,0,29998830,0,0,0,0,29998830,
201,112,112,,,3,,3102010300-2,國家慶典,,,0,15543900,0,0,15543900,0,0,0,0,15543900,
201,112,112,,,4,,3102010400-7,研究發展,,,0,4482312,0,0,4482312,0,0,0,0,4482312,
201,112,112,,,,1,3102010401-0,"國家發展研究及
諮詢",,,0,4482312,0,0,4482312,0,0,0,0,4482312,
201,112,112,,,5,,3102010500-1,新聞發布,,,0,6680625,0,0,6680625,0,0,0,0,6680625,
201,112,112,,,6,,3102010600-6,卸任禮遇,,,3310008,2606166,0,0,5916174,0,0,0,0,5916174,
201,112,112,,,7,,3102010800-5,"公報編印及印信勳
章鑄造",,,0,5186770,0,0,5186770,0,0,0,0,5186770,
201,112,112,,,8,,3102019000-8,一般建築及設備,,,0,0,0,0,0,0,8139771,0,8139771,8139771,
201,112,112,,,,1,3102019011-4,交通及運輸設備,,,0,0,0,0,0,0,8139771,0,8139771,8139771,
201,112,112,,,,,,小計,,,653339093,260230444,765300,0,914334837,0,69599284,0,69599284,983934121,
201,112,112,1,,,,0002000000-8,總統府主管,,,0,0,0,0,0,0,0,0,0,0,
201,112,112,,1,,,0002010000-4,總統府,,,0,36585122,0,0,36585122,0,3450000,0,3450000,40035122,
201,112,112,,,1,,3102010100-3,一般行政,,,0,32117800,0,0,32117800,0,3450000,0,3450000,35567800,
201,112,112,,,6,,3102010600-6,卸任禮遇,,,0,2407022,0,0,2407022,0,0,0,0,2407022,
201,112,112,,,7,,3102010800-5,"公報編印及印信勳
章鑄造",,,0,2060300,0,0,2060300,0,0,0,0,2060300,
201,112,112,,,,,,保留數,,,0,36585122,0,0,36585122,0,3450000,0,3450000,40035122,
201,112,112,,,,,,合計,,,653339093,296815566,765300,0,950919959,0,73049284,0,73049284,1023969243,
240,106,106,1,,,,0002000000-8,總統府主管,,,2491095432,5365482301,1610449087,0,9467026820,0,3922361387,0,3922361387,13389388207,
240,106,106,,5,,,0002400000-9,中央研究院,,,2491095432,5365482301,1610449087,0,9467026820,0,3922361387,0,3922361387,13389388207,
240,106,106,,,1,,5202400100-6,一般行政,,,182994326,165587336,288000,0,348869662,0,983984,0,983984,349853646,
240,106,106,,,2,,5202401000-7,"一般學術研究及評
議",,,2308101106,1848983984,1492632405,0,5649717495,0,440316708,0,440316708,6090034203,
240,106,106,,,,1,5202401020-4,"學術審議及研究
獎助",,,2308101106,335792980,100434780,0,2744328866,0,133621501,0,133621501,2877950367,
240,106,106,,,,2,5202401023-2,"主題研究與人才
培育",,,0,1513191004,1392197625,0,2905388629,0,306695207,0,306695207,3212083836,
240,106,106,,,3,,5202402000-2,"自然及人文社會科
學研究",,,0,3350910981,117528682,0,3468439663,0,826226755,0,826226755,4294666418,
240,106,106,,,,1,5202402010-6,數理科學研究,,,0,1205940872,33631345,0,1239572217,0,356874075,0,356874075,1596446292,
240,106,106,,,,2,5202402020-0,生命科學研究,,,0,1452295026,63142980,0,1515438006,0,287556707,0,287556707,1802994713,
240,106,106,,,,3,5202402030-3,"人文及社會科學
研究",,,0,692675083,20754357,0,713429440,0,181795973,0,181795973,895225413,
240,106,106,,,4,,5202403000-8,國家生技研究園區,,,0,0,0,0,0,0,1171455000,0,1171455000,1171455000,
240,106,106,,,5,,5202409000-0,一般建築及設備,,,0,0,0,0,0,0,1483378940,0,1483378940,1483378940,
240,106,106,,,,1,5202409001-3,土地購置,,,0,0,0,0,0,0,1457986461,0,1457986461,1457986461,
240,106,106,,,,2,5202409002-6,營建工程,,,0,0,0,0,0,0,25392479,0,25392479,25392479,
240,106,106,,,,,,小計,,,2491095432,5365482301,1610449087,0,9467026820,0,3922361387,0,3922361387,13389388207,
240,106,106,1,,,,0002000000-8,總統府主管,,,0,25738172,1359706,0,27097878,0,358030135,0,358030135,385128013,
240,106,106,,5,,,0002400000-9,中央研究院,,,0,25738172,1359706,0,27097878,0,358030135,0,358030135,385128013,
240,106,106,,,1,,5202400100-6,一般行政,,,0,49400,0,0,49400,0,0,0,0,49400,
240,106,106,,,2,,5202401000-7,"一般學術研究及評
議",,,0,5763813,1359706,0,7123519,0,65704959,0,65704959,72828478,
240,106,106,,,,1,5202401020-4,"學術審議及研究
獎助",,,0,630000,1359706,0,1989706,0,33384632,0,33384632,35374338,
240,106,106,,,,2,5202401023-2,"主題研究與人才
培育",,,0,5133813,0,0,5133813,0,32320327,0,32320327,37454140,
240,106,106,,,3,,5202402000-2,"自然及人文社會科
學研究",,,0,19924959,0,0,19924959,0,142111655,0,142111655,162036614,
240,106,106,,,,1,5202402010-6,數理科學研究,,,0,12051414,0,0,12051414,0,75127594,0,75127594,87179008,
240,106,106,,,,2,5202402020-0,生命科學研究,,,0,3250545,0,0,3250545,0,47875639,0,47875639,51126184,
240,106,106,,,,3,5202402030-3,"人文及社會科學
研究",,,0,4623000,0,0,4623000,0,19108422,0,19108422,23731422,
240,106,106,,,5,,5202409000-0,一般建築及設備,,,0,0,0,0,0,0,150213521,0,150213521,150213521,
240,106,106,,,,2,5202409002-6,營建工程,,,0,0,0,0,0,0,150213521,0,150213521,150213521,
240,106,106,,,,,,保留數,,,0,25738172,1359706,0,27097878,0,358030135,0,358030135,385128013,
240,106,106,,,,,,合計,,,2491095432,5391220473,1611808793,0,9494124698,0,4280391522,0,4280391522,13774516220,
240,107,107,1,,,,0002000000-8,總統府主管,,,2465122798,5371566226,1661832591,0,9498521615,0,1963676041,0,1963676041,11462197656,
240,107,107,,5,,,0002400000-9,中央研究院,,,2465122798,5371566226,1661832591,0,9498521615,0,1963676041,0,1963676041,11462197656,
240,107,107,,,1,,5202400100-6,一般行政,,,179133751,59487669,284000,0,238905420,0,1188316,0,1188316,240093736,
240,107,107,,,2,,5202401000-7,"一般學術研究及評
議",,,2285989047,2069701004,1342888353,0,5698578404,0,628796626,0,628796626,6327375030,
240,107,107,,,,1,5202401020-4,"學術審議及研究
獎助",,,2285989047,572922901,91435494,0,2950347442,0,290717839,0,290717839,3241065281,
240,107,107,,,,2,5202401023-2,"主題研究與人才
培育",,,0,1496778103,1251452859,0,2748230962,0,338078787,0,338078787,3086309749,
240,107,107,,,3,,5202402000-2,"自然及人文社會科
學研究",,,0,3242377553,107967238,0,3350344791,0,836620806,0,836620806,4186965597,
240,107,107,,,,1,5202402010-6,數理科學研究,,,0,1167726709,31267683,0,1198994392,0,365845286,0,365845286,1564839678,
240,107,107,,,,2,5202402020-0,生命科學研究,,,0,1403718338,56552325,0,1460270663,0,292225909,0,292225909,1752496572,
240,107,107,,,,3,5202402030-3,"人文及社會科學
研究",,,0,670932506,20147230,0,691079736,0,178549611,0,178549611,869629347,
240,107,107,,,4,,5202403000-8,國家生技研究園區,,,0,0,210693000,0,210693000,0,448634000,0,448634000,659327000,
240,107,107,,,5,,5202404000-3,南部院區,,,0,0,0,0,0,0,44769086,0,44769086,44769086,
240,107,107,,,6,,5202409000-0,一般建築及設備,,,0,0,0,0,0,0,3667207,0,3667207,3667207,
240,107,107,,,,3,5202409011-7,交通及運輸設備,,,0,0,0,0,0,0,3667207,0,3667207,3667207,
240,107,107,,,,,,小計,,,2465122798,5371566226,1661832591,0,9498521615,0,1963676041,0,1963676041,11462197656,
240,107,107,1,,,,0002000000-8,總統府主管,,,0,44045862,1483606,0,45529468,0,344136097,0,344136097,389665565,
240,107,107,,5,,,0002400000-9,中央研究院,,,0,44045862,1483606,0,45529468,0,344136097,0,344136097,389665565,
240,107,107,,,1,,5202400100-6,一般行政,,,0,1546000,0,0,1546000,0,0,0,0,1546000,
240,107,107,,,2,,5202401000-7,"一般學術研究及評
議",,,0,25014415,1483606,0,26498021,0,58107891,0,58107891,84605912,
240,107,107,,,,1,5202401020-4,"學術審議及研究
獎助",,,0,4044927,1483606,0,5528533,0,31758391,0,31758391,37286924,
240,107,107,,,,2,5202401023-2,"主題研究與人才
培育",,,0,20969488,0,0,20969488,0,26349500,0,26349500,47318988,
240,107,107,,,3,,5202402000-2,"自然及人文社會科
學研究",,,0,17485447,0,0,17485447,0,84783292,0,84783292,102268739,
240,107,107,,,,1,5202402010-6,數理科學研究,,,0,7744807,0,0,7744807,0,47310778,0,47310778,55055585,
240,107,107,,,,2,5202402020-0,生命科學研究,,,0,3523688,0,0,3523688,0,12590254,0,12590254,16113942,
240,107,107,,,,3,5202402030-3,"人文及社會科學
研究",,,0,6216952,0,0,6216952,0,24882260,0,24882260,31099212,
240,107,107,,,5,,5202404000-3,南部院區,,,0,0,0,0,0,0,201244914,0,201244914,201244914,
240,107,107,,,,,,保留數,,,0,44045862,1483606,0,45529468,0,344136097,0,344136097,389665565,
240,107,107,,,,,,合計,,,2465122798,5415612088,1663316197,0,9544051083,0,2307812138,0,2307812138,11851863221,
240,108,108,1,,,,0002000000-8,總統府主管,,,2556386670,5626639195,1186897065,0,9369922930,0,1806443722,0,1806443722,11176366652,
240,108,108,,5,,,0002400000-9,中央研究院,,,2556386670,5626639195,1186897065,0,9369922930,0,1806443722,0,1806443722,11176366652,
240,108,108,,,1,,5202400100-6,一般行政,,,199242792,59313679,308000,0,258864471,0,790097,0,790097,259654568,
240,108,108,,,2,,5202401000-7,"一般學術研究及評
議",,,2357143878,2267724321,286356801,0,4911225000,0,358290118,0,358290118,5269515118,
240,108,108,,,,1,5202401020-4,"學術審議及研究
獎助",,,2357143878,582109899,67208111,0,3006461888,0,139271689,0,139271689,3145733577,
240,108,108,,,,2,5202401023-2,"主題研究與人才
培育",,,0,1685614422,219148690,0,1904763112,0,219018429,0,219018429,2123781541,
240,108,108,,,3,,5202402000-2,"自然及人文社會科
學研究",,,0,3299601195,115426264,0,3415027459,0,840833070,0,840833070,4255860529,
240,108,108,,,,1,5202402010-6,數理科學研究,,,0,1177211256,32910244,0,1210121500,0,382314910,0,382314910,1592436410,
240,108,108,,,,2,5202402020-0,生命科學研究,,,0,1440174161,63156170,0,1503330331,0,282984992,0,282984992,1786315323,
240,108,108,,,,3,5202402030-3,"人文及社會科學
研究",,,0,682215778,19359850,0,701575628,0,175533168,0,175533168,877108796,
240,108,108,,,4,,5202404000-3,南部院區,,,0,0,0,0,0,0,357933437,0,357933437,357933437,
240,108,108,,,5,,5202405000-9,非營業特種基金,,,0,0,784806000,0,784806000,0,248597000,0,248597000,1033403000,
240,108,108,,,,1,5202405010-2,科學研究基金,,,0,0,784806000,0,784806000,0,248597000,0,248597000,1033403000,
240,108,108,,,,,,小計,,,2556386670,5626639195,1186897065,0,9369922930,0,1806443722,0,1806443722,11176366652,
240,108,108,1,,,,0002000000-8,總統府主管,,,0,80234525,1816688,0,82051213,0,940864223,0,940864223,1022915436,
240,108,108,,5,,,0002400000-9,中央研究院,,,0,80234525,1816688,0,82051213,0,940864223,0,940864223,1022915436,
240,108,108,,,1,,5202400100-6,一般行政,,,0,89316,0,0,89316,0,0,0,0,89316,
240,108,108,,,2,,5202401000-7,"一般學術研究及評
議",,,0,41049876,1816688,0,42866564,0,89806473,0,89806473,132673037,
240,108,108,,,,1,5202401020-4,"學術審議及研究
獎助",,,0,33255376,1816688,0,35072064,0,36624908,0,36624908,71696972,
240,108,108,,,,2,5202401023-2,"主題研究與人才
培育",,,0,7794500,0,0,7794500,0,53181565,0,53181565,60976065,
240,108,108,,,3,,5202402000-2,"自然及人文社會科
學研究",,,0,39095333,0,0,39095333,0,118541187,0,118541187,157636520,
240,108,108,,,,1,5202402010-6,數理科學研究,,,0,26543613,0,0,26543613,0,53825372,0,53825372,80368985,
240,108,108,,,,2,5202402020-0,生命科學研究,,,0,4396720,0,0,4396720,0,43871653,0,43871653,48268373,
240,108,108,,,,3,5202402030-3,"人文及社會科學
研究",,,0,8155000,0,0,8155000,0,20844162,0,20844162,28999162,
240,108,108,,,4,,5202404000-3,南部院區,,,0,0,0,0,0,0,732516563,0,732516563,732516563,
240,108,108,,,,,,保留數,,,0,80234525,1816688,0,82051213,0,940864223,0,940864223,1022915436,
240,108,108,,,,,,合計,,,2556386670,5706873720,1188713753,0,9451974143,0,2747307945,0,2747307945,12199282088,
240,109,109,1,,,,0002000000-8,總統府主管,,,0,0,0,0,0,0,0,0,0,0,
240,109,109,,5,,,0002400000-9,中央研究院,,,2572791170,5388745554,1334981203,0,9296517927,0,1606175425,0,1606175425,10902693352,
240,109,109,,,1,,5202400100-6,一般行政,,,191353586,48601774,330000,0,240285360,0,986656,0,986656,241272016,
240,109,109,,,2,,5202401000-7,"一般學術研究及評
議",,,2381437584,2128707890,281467130,0,4791612604,0,344945014,0,344945014,5136557618,
240,109,109,,,,1,5202401020-4,"學術審議及研究
獎助",,,2381437584,602868723,68348862,0,3052655169,0,144560951,0,144560951,3197216120,
240,109,109,,,,2,5202401023-2,"主題研究與人才
培育",,,0,1525839167,213118268,0,1738957435,0,200384063,0,200384063,1939341498,
240,109,109,,,3,,5202402000-2,"自然及人文社會科
學研究",,,0,3206289856,124706073,0,3330995929,0,733574282,0,733574282,4064570211,
240,109,109,,,,1,5202402010-6,數理科學研究,,,0,1129191319,37321482,0,1166512801,0,331887331,0,331887331,1498400132,
240,109,109,,,,2,5202402020-0,生命科學研究,,,0,1430436830,66236501,0,1496673331,0,238505779,0,238505779,1735179110,
240,109,109,,,,3,5202402030-3,"人文及社會科學
研究",,,0,646661707,21148090,0,667809797,0,163181172,0,163181172,830990969,
240,109,109,,,4,,5202404000-3,南部院區,,,0,5146034,0,0,5146034,0,430147473,0,430147473,435293507,
240,109,109,,,5,,5202405000-9,非營業特種基金,,,0,0,928478000,0,928478000,0,93679000,0,93679000,1022157000,
240,109,109,,,,1,5202405010-2,科學研究基金,,,0,0,928478000,0,928478000,0,93679000,0,93679000,1022157000,
240,109,109,,,6,,5202409000-0,一般建築及設備,,,0,0,0,0,0,0,2843000,0,2843000,2843000,
240,109,109,,,,1,5202409011-7,交通及運輸設備,,,0,0,0,0,0,0,2843000,0,2843000,2843000,
240,109,109,,,,,,小計,,,2572791170,5388745554,1334981203,0,9296517927,0,1606175425,0,1606175425,10902693352,
240,109,109,1,,,,0002000000-8,總統府主管,,,0,0,0,0,0,0,0,0,0,0,
240,109,109,,5,,,0002400000-9,中央研究院,,,0,131600942,7229049,0,138829991,0,973507248,0,973507248,1112337239,
240,109,109,,,1,,5202400100-6,一般行政,,,0,5689050,0,0,5689050,0,0,0,0,5689050,
240,109,109,,,2,,5202401000-7,"一般學術研究及評
議",,,0,110554889,7229049,0,117783938,0,242696177,0,242696177,360480115,
240,109,109,,,,1,5202401020-4,"學術審議及研究
獎助",,,0,90345777,2873288,0,93219065,0,167063926,0,167063926,260282991,
240,109,109,,,,2,5202401023-2,"主題研究與人才
培育",,,0,20209112,4355761,0,24564873,0,75632251,0,75632251,100197124,
240,109,109,,,3,,5202402000-2,"自然及人文社會科
學研究",,,0,14967348,0,0,14967348,0,125458644,0,125458644,140425992,
240,109,109,,,,1,5202402010-6,數理科學研究,,,0,7102881,0,0,7102881,0,57170058,0,57170058,64272939,
240,109,109,,,,2,5202402020-0,生命科學研究,,,0,3686270,0,0,3686270,0,59965654,0,59965654,63651924,
240,109,109,,,,3,5202402030-3,"人文及社會科學
研究",,,0,4178197,0,0,4178197,0,8322932,0,8322932,12501129,
240,109,109,,,4,,5202404000-3,南部院區,,,0,389655,0,0,389655,0,605352427,0,605352427,605742082,
240,109,109,,,,,,保留數,,,0,131600942,7229049,0,138829991,0,973507248,0,973507248,1112337239,
240,109,109,,,,,,合計,,,2572791170,5520346496,1342210252,0,9435347918,0,2579682673,0,2579682673,12015030591,
240,110,110,1,,,,0002000000-8,總統府主管,,,0,0,0,0,0,0,0,0,0,0,
240,110,110,,5,,,0002400000-9,中央研究院,,,2612714916,5593274623,1422584893,0,9628574432,0,1548867385,0,1548867385,11177441817,
240,110,110,,,1,,5202400100-6,一般行政,,,203838937,47160253,356000,0,251355190,0,1410285,0,1410285,252765475,
240,110,110,,,2,,5202401000-7,"一般學術研究及評
議",,,2408875979,2309099249,289875250,0,5007850478,0,435928543,0,435928543,5443779021,
240,110,110,,,3,,5202402000-2,"自然及人文社會科
學研究",,,0,3148636134,120687076,0,3269323210,0,771143113,0,771143113,4040466323,
240,110,110,,,,1,5202402010-6,數理科學研究,,,0,1076868864,38917413,0,1115786277,0,337490184,0,337490184,1453276461,
240,110,110,,,,2,5202402020-0,生命科學研究,,,0,1440891862,61331354,0,1502223216,0,258362296,0,258362296,1760585512,
240,110,110,,,,3,5202402030-3,"人文及社會科學
研究",,,0,630875408,20438309,0,651313717,0,175290633,0,175290633,826604350,
240,110,110,,,4,,5202404000-3,南部院區,,,0,88378987,787567,0,89166554,0,298132456,0,298132456,387299010,
240,110,110,,,5,,5202405000-9,非營業特種基金,,,0,0,1010879000,0,1010879000,0,40407000,0,40407000,1051286000,
240,110,110,,,,1,5202405010-2,科學研究基金,,,0,0,1010879000,0,1010879000,0,40407000,0,40407000,1051286000,
240,110,110,,,6,,5202409000-0,一般建築及設備,,,0,0,0,0,0,0,1845988,0,1845988,1845988,
240,110,110,,,,1,5202409011-7,交通及運輸設備,,,0,0,0,0,0,0,1845988,0,1845988,1845988,
240,110,110,,,,,,小計,,,2612714916,5593274623,1422584893,0,9628574432,0,1548867385,0,1548867385,11177441817,
240,110,110,1,,,,0002000000-8,總統府主管,,,0,0,0,0,0,0,0,0,0,0,
240,110,110,,5,,,0002400000-9,中央研究院,,,0,76923629,9828539,0,86752168,0,794012925,0,794012925,880765093,
240,110,110,,,2,,5202401000-7,"一般學術研究及評
議",,,0,41454334,9828539,0,51282873,0,210619937,0,210619937,261902810,
240,110,110,,,3,,5202402000-2,"自然及人文社會科
學研究",,,0,35469295,0,0,35469295,0,157930417,0,157930417,193399712,
240,110,110,,,,1,5202402010-6,數理科學研究,,,0,4710200,0,0,4710200,0,53621730,0,53621730,58331930,
240,110,110,,,,2,5202402020-0,生命科學研究,,,0,27344000,0,0,27344000,0,94142444,0,94142444,121486444,
240,110,110,,,,3,5202402030-3,"人文及社會科學
研究",,,0,3415095,0,0,3415095,0,10166243,0,10166243,13581338,
240,110,110,,,4,,5202404000-3,南部院區,,,0,0,0,0,0,0,425462571,0,425462571,425462571,
240,110,110,,,,,,保留數,,,0,76923629,9828539,0,86752168,0,794012925,0,794012925,880765093,
240,110,110,,,,,,合計,,,2612714916,5670198252,1432413432,0,9715326600,0,2342880310,0,2342880310,12058206910,
240,111,111,1,,,,0002000000-8,總統府主管,,,0,0,0,0,0,0,0,0,0,0,
240,111,111,,5,,,0002400000-9,中央研究院,,,2649436314,5696863057,1310144431,0,9656443802,0,1773549547,0,1773549547,11429993349,
240,111,111,,,1,,5202400100-6,一般行政,,,210487717,45233035,364000,0,256084752,0,1297170,0,1297170,257381922,
240,111,111,,,2,,5202401000-7,"一般學術研究及評
議",,,2438948597,2399340961,312892176,0,5151181734,0,528890091,0,528890091,5680071825,
240,111,111,,,,1,5202401010-0,人力資源,,,2438948597,0,57127194,0,2496075791,0,0,0,0,2496075791,
240,111,111,,,,2,5202401020-4,"學術研究與人才
培育",,,0,2399340961,255764982,0,2655105943,0,528890091,0,528890091,3183996034,
240,111,111,,,3,,5202402000-2,"自然及人文社會科
學研究",,,0,3160138720,114185955,0,3274324675,0,689655391,0,689655391,3963980066,
240,111,111,,,,1,5202402010-6,數理科學研究,,,0,1085173975,39260510,0,1124434485,0,286135873,0,286135873,1410570358,
240,111,111,,,,2,5202402020-0,生命科學研究,,,0,1418398447,55709544,0,1474107991,0,249662690,0,249662690,1723770681,
240,111,111,,,,3,5202402030-3,"人文及社會科學
研究",,,0,656566298,19215901,0,675782199,0,153856828,0,153856828,829639027,
240,111,111,,,4,,5202404000-3,南部院區,,,0,92150341,992300,0,93142641,0,142247170,0,142247170,235389811,
240,111,111,,,5,,5202405000-9,非營業特種基金,,,0,0,881710000,0,881710000,0,406685000,0,406685000,1288395000,
240,111,111,,,,1,5202405010-2,科學研究基金,,,0,0,881710000,0,881710000,0,406685000,0,406685000,1288395000,
240,111,111,,,6,,5202409000-0,一般建築及設備,,,0,0,0,0,0,0,4774725,0,4774725,4774725,
240,111,111,,,,1,5202409011-7,交通及運輸設備,,,0,0,0,0,0,0,4774725,0,4774725,4774725,
240,111,111,,,,,,小計,,,2649436314,5696863057,1310144431,0,9656443802,0,1773549547,0,1773549547,11429993349,
240,111,111,1,,,,0002000000-8,總統府主管,,,0,0,0,0,0,0,0,0,0,0,
240,111,111,,5,,,0002400000-9,中央研究院,,,0,154223519,466099,0,154689618,0,924559702,0,924559702,1079249320,
240,111,111,,,1,,5202400100-6,一般行政,,,0,528809,0,0,528809,0,0,0,0,528809,
240,111,111,,,2,,5202401000-7,"一般學術研究及評
議",,,0,130943072,466099,0,131409171,0,232747012,0,232747012,364156183,
240,111,111,,,,2,5202401020-4,"學術研究與人才
培育",,,0,130943072,466099,0,131409171,0,232747012,0,232747012,364156183,
240,111,111,,,3,,5202402000-2,"自然及人文社會科
學研究",,,0,20487838,0,0,20487838,0,68669407,0,68669407,89157245,
240,111,111,,,,1,5202402010-6,數理科學研究,,,0,11361421,0,0,11361421,0,30033822,0,30033822,41395243,
240,111,111,,,,2,5202402020-0,生命科學研究,,,0,4301964,0,0,4301964,0,30494417,0,30494417,34796381,
240,111,111,,,,3,5202402030-3,"人文及社會科學
研究",,,0,4824453,0,0,4824453,0,8141168,0,8141168,12965621,
240,111,111,,,4,,5202404000-3,南部院區,,,0,2263800,0,0,2263800,0,623143283,0,623143283,625407083,
240,111,111,,,,,,保留數,,,0,154223519,466099,0,154689618,0,924559702,0,924559702,1079249320,
240,111,111,,,,,,合計,,,2649436314,5851086576,1310610530,0,9811133420,0,2698109249,0,2698109249,12509242669,
240,112,112,1,,,,0002000000-8,總統府主管,,,0,0,0,0,0,0,0,0,0,0,
240,112,112,,5,,,0002400000-9,中央研究院,,,2725471345,5949594949,1467544037,0,10142610331,0,1692604291,0,1692604291,11835214622,
240,112,112,,,1,,5202400100-6,一般行政,,,215091265,44749288,394000,0,260234553,0,1508482,0,1508482,261743035,
240,112,112,,,2,,5202401000-7,"一般學術研究及評
議",,,2510380080,2426466761,367959888,0,5304806729,0,436077396,0,436077396,5740884125,
240,112,112,,,,1,5202401010-0,人力資源,,,2510380080,0,64158916,0,2574538996,0,0,0,0,2574538996,
240,112,112,,,,2,5202401020-4,"學術研究與人才
培育",,,0,2426466761,303800972,0,2730267733,0,436077396,0,436077396,3166345129,
240,112,112,,,3,,5202402000-2,"自然及人文社會科
學研究",,,0,3349062695,118354249,0,3467416944,0,658152276,0,658152276,4125569220,
240,112,112,,,,1,5202402010-6,數理科學研究,,,0,1162162447,41779012,0,1203941459,0,271413487,0,271413487,1475354946,
240,112,112,,,,2,5202402020-0,生命科學研究,,,0,1493956397,55766623,0,1549723020,0,235989199,0,235989199,1785712219,
240,112,112,,,,3,5202402030-3,"人文及社會科學
研究",,,0,692943851,20808614,0,713752465,0,150749590,0,150749590,864502055,
240,112,112,,,4,,5202404000-3,南部院區,,,0,129316205,3529900,0,132846105,0,115111813,0,115111813,247957918,
240,112,112,,,5,,5202405000-9,非營業特種基金,,,0,0,977306000,0,977306000,0,478351000,0,478351000,1455657000,
240,112,112,,,,1,5202405010-2,科學研究基金,,,0,0,977306000,0,977306000,0,478351000,0,478351000,1455657000,
240,112,112,,,6,,5202409000-0,一般建築及設備,,,0,0,0,0,0,0,3403324,0,3403324,3403324,
240,112,112,,,,1,5202409011-7,交通及運輸設備,,,0,0,0,0,0,0,3403324,0,3403324,3403324,
240,112,112,,,,,,小計,,,2725471345,5949594949,1467544037,0,10142610331,0,1692604291,0,1692604291,11835214622,
240,112,112,1,,,,0002000000-8,總統府主管,,,0,0,0,0,0,0,0,0,0,0,
240,112,112,,5,,,0002400000-9,中央研究院,,,0,65145806,359391,0,65505197,0,1003550203,0,1003550203,1069055400,
240,112,112,,,1,,5202400100-6,一般行政,,,0,460000,0,0,460000,0,0,0,0,460000,
240,112,112,,,2,,5202401000-7,"一般學術研究及評
議",,,0,49579943,359391,0,49939334,0,251688921,0,251688921,301628255,
240,112,112,,,,2,5202401020-4,"學術研究與人才
培育",,,0,49579943,359391,0,49939334,0,251688921,0,251688921,301628255,
240,112,112,,,3,,5202402000-2,"自然及人文社會科
學研究",,,0,8934723,0,0,8934723,0,174706570,0,174706570,183641293,
240,112,112,,,,1,5202402010-6,數理科學研究,,,0,3239005,0,0,3239005,0,70295731,0,70295731,73534736,
240,112,112,,,,2,5202402020-0,生命科學研究,,,0,5022718,0,0,5022718,0,87524017,0,87524017,92546735,
240,112,112,,,,3,5202402030-3,"人文及社會科學
研究",,,0,673000,0,0,673000,0,16886822,0,16886822,17559822,
240,112,112,,,4,,5202404000-3,南部院區,,,0,6171140,0,0,6171140,0,577154712,0,577154712,583325852,
240,112,112,,,,,,保留數,,,0,65145806,359391,0,65505197,0,1003550203,0,1003550203,1069055400,
240,112,112,,,,,,合計,,,2725471345,6014740755,1467903428,0,10208115528,0,2696154494,0,2696154494,12904270022,
401,105,105,03,,,,0004000000-5,立法院主管,,,"2,425,619,547","664,714,576","17,090,000",0,"3,107,424,123",0,"193,301,759",0,"193,301,759","3,300,725,882",
401,105,105,,01,,,0004010000-1,立法院,,,"2,425,619,547","664,714,576","17,090,000",0,"3,107,424,123",0,"193,301,759",0,"193,301,759","3,300,725,882",
401,105,105,,,01,,3404010100-7,一般行政,,,"1,300,544,997","404,937,624","3,540,000",0,"1,709,022,621",0,"25,739,573",0,"25,739,573","1,734,762,194",
401,105,105,,,02,,3404010200-1,委員問政業務,,,"1,125,074,550","207,484,757",0,0,"1,332,559,307",0,0,0,0,"1,332,559,307",
401,105,105,,,,01,3404010201-4,委員歲費及公費,,,"291,905,517",0,0,0,"291,905,517",0,0,0,0,"291,905,517",
401,105,105,,,,02,3404010203-0,公費助理,,,"748,924,229",0,0,0,"748,924,229",0,0,0,0,"748,924,229",
401,105,105,,,,03,3404010204-2,國會交流事務,,,0,"35,018,303",0,0,"35,018,303",0,0,0,0,"35,018,303",
401,105,105,,,,04,3404010205-5,委員會館,,,0,"124,463,657",0,0,"124,463,657",0,0,0,0,"124,463,657",
401,105,105,,,,05,3404010206-8,問政相關業務,,,"84,244,804","48,002,797",0,0,"132,247,601",0,0,0,0,"132,247,601",
401,105,105,,,03,,3404010300-6,議事業務,,,0,"10,639,121",0,0,"10,639,121",0,0,0,0,"10,639,121",
401,105,105,,,04,,3404010400-0,立法諮詢業務,,,0,"4,412,712",0,0,"4,412,712",0,0,0,0,"4,412,712",
401,105,105,,,05,,3404010500-5,國會圖書業務,,,0,"15,190,891",0,0,"15,190,891",0,"21,640,870",0,"21,640,870","36,831,761",
401,105,105,,,06,,3404010600-0,公報業務,,,0,"22,049,471",0,0,"22,049,471",0,0,0,0,"22,049,471",
401,105,105,,,07,,3404010700-4,黨團補助,,,0,0,"13,550,000",0,"13,550,000",0,0,0,0,"13,550,000",
401,105,105,,,08,,3404019000-1,一般建築及設備,,,0,0,0,0,0,0,"145,921,316",0,"145,921,316","145,921,316",
401,105,105,,,,01,3404019002-7,營建工程,,,0,0,0,0,0,0,"6,353,547",0,"6,353,547","6,353,547",
401,105,105,,,,02,3404019011-8,交通及運輸設備,,,0,0,0,0,0,0,"11,988,340",0,"11,988,340","11,988,340",
401,105,105,,,,03,3404019019-0,其他設備,,,0,0,0,0,0,0,"127,579,429",0,"127,579,429","127,579,429",
401,105,105,,,,,00040000000-5,"立法
院主
管",,,"2,425,619,547","664,714,576","17,090,000",0,"3,107,424,123",0,"193,301,759",0,"193,301,759","3,300,725,882",
401,105,105,03,,,,0004000000-5,立法院主管,,,0,"44,213,936",0,0,"44,213,936",0,"74,569,003",0,"74,569,003","118,782,939",
401,105,105,,01,,,0004010000-1,立法院,,,0,"44,213,936",0,0,"44,213,936",0,"74,569,003",0,"74,569,003","118,782,939",
401,105,105,,,01,,3404010100-7,一般行政,,,0,"21,419,838",0,0,"21,419,838",0,"1,500,000",0,"1,500,000","22,919,838",
401,105,105,,,02,,3404010200-1,委員問政業務,,,0,"20,855,098",0,0,"20,855,098",0,0,0,0,"20,855,098",
401,105,105,,,,03,3404010204-2,國會交流事務,,,0,"4,800,000",0,0,"4,800,000",0,0,0,0,"4,800,000",
401,105,105,,,,04,3404010205-5,委員會館,,,0,"8,576,643",0,0,"8,576,643",0,0,0,0,"8,576,643",
401,105,105,,,,05,3404010206-8,問政相關業務,,,0,"7,478,455",0,0,"7,478,455",0,0,0,0,"7,478,455",
401,105,105,,,05,,3404010500-5,國會圖書業務,,,0,"1,321,000",0,0,"1,321,000",0,0,0,0,"1,321,000",
401,105,105,,,06,,3404010600-0,公報業務,,,0,"618,000",0,0,"618,000",0,0,0,0,"618,000",
401,105,105,,,08,,3404019000-1,一般建築及設備,,,0,0,0,0,0,0,"73,069,003",0,"73,069,003","73,069,003",
401,105,105,,,,01,3404019002-7,營建工程,,,0,0,0,0,0,0,"8,646,453",0,"8,646,453","8,646,453",
401,105,105,,,,03,3404019019-0,其他設備,,,0,0,0,0,0,0,"64,422,550",0,"64,422,550","64,422,550",
401,105,105,,,,,00040000000-5,"立法
院主
管",,,0,"44,213,936",0,0,"44,213,936",0,"74,569,003",0,"74,569,003","118,782,939",
401,105,105,,,,,00040000000-5,"立
法
院
主
管",,,"2,425,619,547","708,928,512","17,090,000",0,"3,151,638,059",0,"267,870,762",0,"267,870,762","3,419,508,821",
501,105,105,04,,,,0005000000-9,司法院主管,,,"783,080,624","174,513,248","1,039,224,603",0,"1,996,818,475",0,"408,630,317","87,468,000","496,098,317","2,492,916,792",
501,105,105,,01,,,0005010000-5,司法院,,,"783,080,624","174,513,248","1,039,224,603",0,"1,996,818,475",0,"408,630,317","87,468,000","496,098,317","2,492,916,792",
501,105,105,,,01,,3505010100-6,一般行政,,,"548,091,352","148,798,878","1,029,000",0,"697,919,230",0,"198,446,657",0,"198,446,657","896,365,887",
501,105,105,,,02,,3505011000-7,大法官議事業務,,,0,"3,736,543",0,0,"3,736,543",0,0,0,0,"3,736,543",
501,105,105,,,03,,3505011300-0,民事審判行政,,,0,"1,313,808","258,705",0,"1,572,513",0,0,0,0,"1,572,513",
501,105,105,,,04,,3505011400-5,刑事審判行政,,,"135,000","11,483,218",0,0,"11,618,218",0,0,0,0,"11,618,218",
501,105,105,,,05,,3505011500-0,"行政訴訟及懲戒行
政",,,0,"3,324,768","115,000",0,"3,439,768",0,0,0,0,"3,439,768",
501,105,105,,,06,,3505011600-4,"少年及家事審判行
政",,,0,"1,056,316","13,576,717",0,"14,633,033",0,0,0,0,"14,633,033",
501,105,105,,,07,,3505011700-9,司法業務規劃研考,,,"360,000","4,799,717","1,959,007",0,"7,118,724",0,0,0,0,"7,118,724",
501,105,105,,,08,,3505011800-3,"司法機關擴遷建計
畫",,,0,0,0,0,0,0,"198,522,200",0,"198,522,200","198,522,200",
501,105,105,,,09,,3505019000-0,一般建築及設備,,,0,0,0,0,0,0,"11,661,460",0,"11,661,460","11,661,460",
501,105,105,,,,01,3505019011-7,交通及運輸設備,,,0,0,0,0,0,0,"162,570",0,"162,570","162,570",
501,105,105,,,,02,3505019019-9,其他設備,,,0,0,0,0,0,0,"11,498,890",0,"11,498,890","11,498,890",
501,105,105,,,11,,6805011900-3,"對財團法人法律扶
助基金會捐助",,,0,0,"1,022,286,174",0,"1,022,286,174",0,0,"87,468,000","87,468,000","1,109,754,174",
501,105,105,,,12,,7505011900-3,"司法官退休退養給
付",,,"234,494,272",0,0,0,"234,494,272",0,0,0,0,"234,494,272",
501,105,105,,,,,00050000000-9,"司法
院主
管",,,"783,080,624","174,513,248","1,039,224,603",0,"1,996,818,475",0,"408,630,317","87,468,000","496,098,317","2,492,916,792",
501,105,105,04,,,,0005000000-9,司法院主管,,,0,"18,294,740","57,345,826",0,"75,640,566",0,"85,378,010",0,"85,378,010","161,018,576",
501,105,105,,01,,,0005010000-5,司法院,,,0,"18,294,740","57,345,826",0,"75,640,566",0,"85,378,010",0,"85,378,010","161,018,576",
501,105,105,,,01,,3505010100-6,一般行政,,,0,"16,558,540",0,0,"16,558,540",0,"49,995,760",0,"49,995,760","66,554,300",
501,105,105,,,03,,3505011300-0,民事審判行政,,,0,"325,200",0,0,"325,200",0,0,0,0,"325,200",
501,105,105,,,07,,3505011700-9,司法業務規劃研考,,,0,"1,411,000",0,0,"1,411,000",0,0,0,0,"1,411,000",
501,105,105,,,08,,3505011800-3,"司法機關擴遷建計
畫",,,0,0,0,0,0,0,"30,193,000",0,"30,193,000","30,193,000",
501,105,105,,,09,,3505019000-0,一般建築及設備,,,0,0,0,0,0,0,"5,189,250",0,"5,189,250","5,189,250",
501,105,105,,,,01,3505019011-7,交通及運輸設備,,,0,0,0,0,0,0,"1,992,650",0,"1,992,650","1,992,650",
501,105,105,,,,02,3505019019-9,其他設備,,,0,0,0,0,0,0,"3,196,600",0,"3,196,600","3,196,600",
501,105,105,,,11,,6805011900-3,"對財團法人法律扶
助基金會捐助",,,0,0,"57,345,826",0,"57,345,826",0,0,0,0,"57,345,826",
501,105,105,,,,,00050000000-9,"司法
院主
管",,,0,"18,294,740","57,345,826",0,"75,640,566",0,"85,378,010",0,"85,378,010","161,018,576",
501,105,105,,,,,00050000000-9,"司
法
院
主
管",,,"783,080,624","192,807,988","1,096,570,429",0,"2,072,459,041",0,"494,008,327","87,468,000","581,476,327","2,653,935,368",
501,106,106,04,,,,0005000000-9,司法院主管,,,"755,710,334","185,612,520","1,174,488,699",0,"2,115,811,553",0,"496,842,951","55,351,000","552,193,951","2,668,005,504",
501,106,106,,01,,,0005010000-5,司法院,,,"755,710,334","185,612,520","1,174,488,699",0,"2,115,811,553",0,"496,842,951","55,351,000","552,193,951","2,668,005,504",
501,106,106,,,01,,3505010100-6,一般行政,,,"514,465,153","158,031,217","268,000",0,"672,764,370",0,"296,957,597",0,"296,957,597","969,721,967",
501,106,106,,,02,,3505011000-7,大法官釋憲業務,,,0,"4,009,585",0,0,"4,009,585",0,0,0,0,"4,009,585",
501,106,106,,,03,,3505011300-0,民事審判行政,,,0,"3,193,984","235,210",0,"3,429,194",0,0,0,0,"3,429,194",
501,106,106,,,04,,3505011400-5,刑事審判行政,,,0,"8,828,830",0,0,"8,828,830",0,0,0,0,"8,828,830",
501,106,106,,,05,,3505011500-0,"行政訴訟及懲戒行
政",,,0,"4,287,563","109,000",0,"4,396,563",0,0,0,0,"4,396,563",
501,106,106,,,06,,3505011600-4,"少年及家事審判行
政",,,0,"1,011,903","18,050,011",0,"19,061,914",0,0,0,0,"19,061,914",
501,106,106,,,07,,3505011700-9,司法業務規劃研考,,,"320,000","6,249,438","1,895,478",0,"8,464,916",0,0,0,0,"8,464,916",
501,106,106,,,08,,3505011800-3,"司法機關擴遷建計
畫",,,0,0,0,0,0,0,"193,240,200",0,"193,240,200","193,240,200",
501,106,106,,,09,,3505019000-0,一般建築及設備,,,0,0,0,0,0,0,"6,645,154",0,"6,645,154","6,645,154",
501,106,106,,,,01,3505019011-7,交通及運輸設備,,,0,0,0,0,0,0,"985,338",0,"985,338","985,338",
501,106,106,,,,02,3505019019-9,其他設備,,,0,0,0,0,0,0,"5,659,816",0,"5,659,816","5,659,816",
501,106,106,,,11,,6805011900-3,"對財團法人法律扶
助基金會捐助",,,0,0,"1,153,931,000",0,"1,153,931,000",0,0,"55,351,000","55,351,000","1,209,282,000",
501,106,106,,,12,,7505011900-3,"司法官退休退養給
付",,,"240,925,181",0,0,0,"240,925,181",0,0,0,0,"240,925,181",
501,106,106,,,,,00050000000-9,"司法
院主
管",,,"755,710,334","185,612,520","1,174,488,699",0,"2,115,811,553",0,"496,842,951","55,351,000","552,193,951","2,668,005,504",
501,106,106,04,,,,0005000000-9,司法院主管,,,0,"27,502,475",0,0,"27,502,475",0,"70,416,234",0,"70,416,234","97,918,709",
501,106,106,,01,,,0005010000-5,司法院,,,0,"27,502,475",0,0,"27,502,475",0,"70,416,234",0,"70,416,234","97,918,709",
501,106,106,,,01,,3505010100-6,一般行政,,,0,"5,216,257",0,0,"5,216,257",0,"24,914,416",0,"24,914,416","30,130,673",
501,106,106,,,04,,3505011400-5,刑事審判行政,,,0,"20,033,918",0,0,"20,033,918",0,0,0,0,"20,033,918",
501,106,106,,,05,,3505011500-0,"行政訴訟及懲戒行
政",,,0,"139,300",0,0,"139,300",0,0,0,0,"139,300",
501,106,106,,,07,,3505011700-9,司法業務規劃研考,,,0,"2,113,000",0,0,"2,113,000",0,0,0,0,"2,113,000",
501,106,106,,,08,,3505011800-3,"司法機關擴遷建計
畫",,,0,0,0,0,0,0,"44,397,600",0,"44,397,600","44,397,600",
501,106,106,,,09,,3505019000-0,一般建築及設備,,,0,0,0,0,0,0,"1,104,218",0,"1,104,218","1,104,218",
501,106,106,,,,02,3505019019-9,其他設備,,,0,0,0,0,0,0,"1,104,218",0,"1,104,218","1,104,218",
501,106,106,,,,,00050000000-9,"司法
院主
管",,,0,"27,502,475",0,0,"27,502,475",0,"70,416,234",0,"70,416,234","97,918,709",
501,106,106,,,,,00050000000-9,"司
法
院
主
管",,,"755,710,334","213,114,995","1,174,488,699",0,"2,143,314,028",0,"567,259,185","55,351,000","622,610,185","2,765,924,213",
501,107,107,04,,,,0005000000-9,司法院主管,,,"787,892,065","222,557,574","1,347,649,644",0,"2,358,099,283",0,"267,634,230","48,699,000","316,333,230","2,674,432,513",
501,107,107,,01,,,0005010000-5,司法院,,,"787,892,065","222,557,574","1,347,649,644",0,"2,358,099,283",0,"267,634,230","48,699,000","316,333,230","2,674,432,513",
501,107,107,,,01,,3505010100-6,一般行政,,,"511,589,358","170,531,463","280,000",0,"682,400,821",0,"267,437,870",0,"267,437,870","949,838,691",
501,107,107,,,02,,3505011000-7,大法官釋憲業務,,,0,"6,352,155",0,0,"6,352,155",0,0,0,0,"6,352,155",
501,107,107,,,03,,3505011300-0,民事審判行政,,,0,"4,360,529","235,153",0,"4,595,682",0,0,0,0,"4,595,682",
501,107,107,,,04,,3505011400-5,刑事審判行政,,,0,"11,828,547",0,0,"11,828,547",0,0,0,0,"11,828,547",
501,107,107,,,05,,3505011500-0,"行政訴訟及懲戒行
政",,,0,"4,010,016","106,000",0,"4,116,016",0,0,0,0,"4,116,016",
501,107,107,,,06,,3505011600-4,"少年及家事審判行
政",,,0,"1,386,609","19,616,091",0,"21,002,700",0,0,0,0,"21,002,700",
501,107,107,,,07,,3505011700-9,司法業務規劃研考,,,"240,000","24,088,255","1,671,400",0,"25,999,655",0,0,0,0,"25,999,655",
501,107,107,,,09,,3505019000-0,一般建築及設備,,,0,0,0,0,0,0,"196,360",0,"196,360","196,360",
501,107,107,,,,01,3505019011-7,交通及運輸設備,,,0,0,0,0,0,0,"196,360",0,"196,360","196,360",
501,107,107,,,11,,6805011900-3,"對財團法人法律扶
助基金會捐助",,,0,0,"1,325,741,000",0,"1,325,741,000",0,0,"48,699,000","48,699,000","1,374,440,000",
501,107,107,,,12,,7505011900-3,"司法官退休退養給
付",,,"276,062,707",0,0,0,"276,062,707",0,0,0,0,"276,062,707",
501,107,107,,,,,00050000000-9,"司法
院主
管",,,"787,892,065","222,557,574","1,347,649,644",0,"2,358,099,283",0,"267,634,230","48,699,000","316,333,230","2,674,432,513",
501,107,107,04,,,,0005000000-9,司法院主管,,,0,"17,684,892",0,0,"17,684,892",0,"156,970,867",0,"156,970,867","174,655,759",
501,107,107,,01,,,0005010000-5,司法院,,,0,"17,684,892",0,0,"17,684,892",0,"156,970,867",0,"156,970,867","174,655,759",
501,107,107,,,01,,3505010100-6,一般行政,,,0,"100,000",0,0,"100,000",0,"156,220,867",0,"156,220,867","156,320,867",
501,107,107,,,04,,3505011400-5,刑事審判行政,,,0,"16,056,892",0,0,"16,056,892",0,0,0,0,"16,056,892",
501,107,107,,,06,,3505011600-4,"少年及家事審判行
政",,,0,"248,000",0,0,"248,000",0,0,0,0,"248,000",
501,107,107,,,07,,3505011700-9,司法業務規劃研考,,,0,"1,280,000",0,0,"1,280,000",0,0,0,0,"1,280,000",
501,107,107,,,09,,3505019000-0,一般建築及設備,,,0,0,0,0,0,0,"750,000",0,"750,000","750,000",
501,107,107,,,,01,3505019011-7,交通及運輸設備,,,0,0,0,0,0,0,"750,000",0,"750,000","750,000",
501,107,107,,,,,00050000000-9,"司法
院主
管",,,0,"17,684,892",0,0,"17,684,892",0,"156,970,867",0,"156,970,867","174,655,759",
501,107,107,,,,,00050000000-9,"司
法
院
主
管",,,"787,892,065","240,242,466","1,347,649,644",0,"2,375,784,175",0,"424,605,097","48,699,000","473,304,097","2,849,088,272",
501,108,108,04,,,,0005000000-9,司法院主管,,,"855,180,873","249,488,648","1,318,948,008",0,"2,423,617,529",0,"391,029,121","59,569,000","450,598,121","2,874,215,650",
501,108,108,,01,,,0005010000-5,司法院,,,"855,180,873","249,488,648","1,318,948,008",0,"2,423,617,529",0,"391,029,121","59,569,000","450,598,121","2,874,215,650",
501,108,108,,,01,,3505010100-6,一般行政,,,"540,389,083","222,845,479","278,000",0,"763,512,562",0,"390,918,888",0,"390,918,888","1,154,431,450",
501,108,108,,,02,,3505011000-7,大法官釋憲業務,,,0,"3,900,460",0,0,"3,900,460",0,0,0,0,"3,900,460",
501,108,108,,,03,,3505011300-0,民事審判行政,,,0,"4,482,872","259,580",0,"4,742,452",0,0,0,0,"4,742,452",
501,108,108,,,04,,3505011400-5,刑事審判行政,,,0,"6,544,440",0,0,"6,544,440",0,0,0,0,"6,544,440",
501,108,108,,,05,,3505011500-0,"行政訴訟及懲戒行
政",,,0,"4,688,694",0,0,"4,688,694",0,0,0,0,"4,688,694",
501,108,108,,,06,,3505011600-4,"少年及家事審判行
政",,,0,"1,313,935","21,155,428",0,"22,469,363",0,0,0,0,"22,469,363",
501,108,108,,,07,,3505011700-9,司法業務規劃研考,,,"280,000","5,712,768","1,609,000",0,"7,601,768",0,0,0,0,"7,601,768",
501,108,108,,,08,,3505019000-0,一般建築及設備,,,0,0,0,0,0,0,"110,233",0,"110,233","110,233",
501,108,108,,,,01,3505019011-7,交通及運輸設備,,,0,0,0,0,0,0,"110,233",0,"110,233","110,233",
501,108,108,,,10,,6805011900-3,"對財團法人法律扶
助基金會捐助",,,0,0,"1,295,646,000",0,"1,295,646,000",0,0,"59,569,000","59,569,000","1,355,215,000",
501,108,108,,,11,,7505011900-3,"司法官退休退養給
付",,,"314,511,790",0,0,0,"314,511,790",0,0,0,0,"314,511,790",
501,108,108,,,,,00050000000-9,"司法
院主
管",,,"855,180,873","249,488,648","1,318,948,008",0,"2,423,617,529",0,"391,029,121","59,569,000","450,598,121","2,874,215,650",
501,108,108,04,,,,0005000000-9,司法院主管,,,0,"6,427,516",0,0,"6,427,516",0,"118,182,847",0,"118,182,847","124,610,363",
501,108,108,,01,,,0005010000-5,司法院,,,0,"6,427,516",0,0,"6,427,516",0,"118,182,847",0,"118,182,847","124,610,363",
501,108,108,,,01,,3505010100-6,一般行政,,,0,"5,208,516",0,0,"5,208,516",0,"118,182,847",0,"118,182,847","123,391,363",
501,108,108,,,07,,3505011700-9,司法業務規劃研考,,,0,"1,219,000",0,0,"1,219,000",0,0,0,0,"1,219,000",
501,108,108,,,,,00050000000-9,"司法
院主
管",,,0,"6,427,516",0,0,"6,427,516",0,"118,182,847",0,"118,182,847","124,610,363",
501,108,108,,,,,00050000000-9,"司
法
院
主
管",,,"855,180,873","255,916,164","1,318,948,008",0,"2,430,045,045",0,"509,211,968","59,569,000","568,780,968","2,998,826,013",
501,109,109,4,,,,0005000000-9,司法院主管,,,0,0,0,0,0,0,0,0,0,0,
501,109,109,,1,,,0005010000-5,司法院,,,884413517,381474548,1334694041,0,2600582106,0,395895477,44807000,440702477,3041284583,
501,109,109,,,1,,3405010100-0,一般行政,,,541250043,341416671,306000,0,882972714,0,378279451,0,378279451,1261252165,
501,109,109,,,2,,3405011000-1,大法官釋憲業務,,,0,4940991,0,0,4940991,0,0,0,0,4940991,
501,109,109,,,3,,3405011300-5,審判行政,,,0,30703878,21376941,0,52080819,0,11969940,0,11969940,64050759,
501,109,109,,,4,,3405011700-3,司法業務規劃研考,,,0,4413008,1541100,0,5954108,0,0,0,0,5954108,
501,109,109,,,5,,3405019000-5,一般建築及設備,,,0,0,0,0,0,0,5646086,0,5646086,5646086,
501,109,109,,,,1,3405019011-1,交通及運輸設備,,,0,0,0,0,0,0,5646086,0,5646086,5646086,
501,109,109,,,7,,6305011900-6,"對財團法人法律扶
助基金會捐助",,,0,0,1311470000,0,1311470000,0,0,44807000,44807000,1356277000,
501,109,109,,,8,,7605011900-9,"司法官退休退養給
付",,,343163474,0,0,0,343163474,0,0,0,0,343163474,
501,109,109,,,,,,小計,,,884413517,381474548,1334694041,0,2600582106,0,395895477,44807000,440702477,3041284583,
501,109,109,4,,,,0005000000-9,司法院主管,,,0,0,0,0,0,0,0,0,0,0,
501,109,109,,1,,,0005010000-5,司法院,,,0,42769669,0,0,42769669,0,70189079,0,70189079,112958748,
501,109,109,,,1,,3405010100-0,一般行政,,,0,14933563,0,0,14933563,0,70189079,0,70189079,85122642,
501,109,109,,,3,,3405011300-5,審判行政,,,0,27436306,0,0,27436306,0,0,0,0,27436306,
501,109,109,,,4,,3405011700-3,司法業務規劃研考,,,0,399800,0,0,399800,0,0,0,0,399800,
501,109,109,,,,,,保留數,,,0,42769669,0,0,42769669,0,70189079,0,70189079,112958748,
501,109,109,,,,,,合計,,,884413517,424244217,1334694041,0,2643351775,0,466084556,44807000,510891556,3154243331,
501,110,110,4,,,,0005000000-9,司法院主管,,,0,0,0,0,0,0,0,0,0,0,
501,110,110,,1,,,0005010000-5,司法院,,,996352044,478455407,1481947505,0,2956754956,0,371385069,23423000,394808069,3351563025,
501,110,110,,,1,,3405010100-0,一般行政,,,584521575,331120043,308000,0,915949618,0,279413593,0,279413593,1195363211,
501,110,110,,,2,,3405011000-1,大法官釋憲業務,,,0,5391747,0,0,5391747,0,0,0,0,5391747,
501,110,110,,,3,,3405011300-5,審判行政,,,0,117861016,21658550,0,139519566,0,86521556,0,86521556,226041122,
501,110,110,,,4,,3405011700-3,司法業務規劃研考,,,0,24082601,1425955,0,25508556,0,0,0,0,25508556,
501,110,110,,,5,,3405019000-5,一般建築及設備,,,0,0,0,0,0,0,5449920,0,5449920,5449920,
501,110,110,,,,1,3405019011-1,交通及運輸設備,,,0,0,0,0,0,0,5449920,0,5449920,5449920,
501,110,110,,,7,,6305011900-6,"對財團法人法律扶
助基金會捐助",,,0,0,1458555000,0,1458555000,0,0,23423000,23423000,1481978000,
501,110,110,,,8,,7605011900-9,"司法官退休退養給
付",,,411830469,0,0,0,411830469,0,0,0,0,411830469,
501,110,110,,,,,,小計,,,996352044,478455407,1481947505,0,2956754956,0,371385069,23423000,394808069,3351563025,
501,110,110,4,,,,0005000000-9,司法院主管,,,0,0,0,0,0,0,0,0,0,0,
501,110,110,,1,,,0005010000-5,司法院,,,0,99837955,0,0,99837955,0,215172096,0,215172096,315010051,
501,110,110,,,1,,3405010100-0,一般行政,,,0,25054833,0,0,25054833,0,102703611,0,102703611,127758444,
501,110,110,,,3,,3405011300-5,審判行政,,,0,73299986,0,0,73299986,0,112468485,0,112468485,185768471,
501,110,110,,,4,,3405011700-3,司法業務規劃研考,,,0,1483136,0,0,1483136,0,0,0,0,1483136,
501,110,110,,,,,,保留數,,,0,99837955,0,0,99837955,0,215172096,0,215172096,315010051,
501,110,110,,,,,,合計,,,996352044,578293362,1481947505,0,3056592911,0,586557165,23423000,609980165,3666573076,
501,112,112,4,,,,0005000000-9,司法院主管,,,0,0,0,0,0,0,0,0,0,0,
501,112,112,,1,,,0005010000-5,司法院,,,1107726615,458610973,1382279166,0,2948616754,0,303674728,37459000,341133728,3289750482,
501,112,112,,,1,,3405010100-0,一般行政,,,622638949,416141876,330000,0,1039110825,0,299984728,0,299984728,1339095553,
501,112,112,,,2,,3405011000-1,憲法訴訟業務,,,0,7105698,0,0,7105698,0,0,0,0,7105698,
501,112,112,,,3,,3405011300-5,審判行政,,,0,30803231,24978870,0,55782101,0,0,0,0,55782101,
501,112,112,,,4,,3405011700-3,司法業務規劃研考,,,0,4560168,23011296,0,27571464,0,0,210000,210000,27781464,
501,112,112,,,5,,3405019000-5,一般建築及設備,,,0,0,0,0,0,0,3690000,0,3690000,3690000,
501,112,112,,,,1,3405019011-1,交通及運輸設備,,,0,0,0,0,0,0,3690000,0,3690000,3690000,
501,112,112,,,7,,6305011900-6,"對財團法人法律扶
助基金會捐助",,,0,0,1333959000,0,1333959000,0,0,37249000,37249000,1371208000,
501,112,112,,,8,,7605011900-9,"司法官退休退養給
付",,,485087666,0,0,0,485087666,0,0,0,0,485087666,
501,112,112,,,,,,小計,,,1107726615,458610973,1382279166,0,2948616754,0,303674728,37459000,341133728,3289750482,
501,112,112,4,,,,0005000000-9,司法院主管,,,0,0,0,0,0,0,0,0,0,0,
501,112,112,,1,,,0005010000-5,司法院,,,0,33511141,0,0,33511141,0,176625275,0,176625275,210136416,
501,112,112,,,1,,3405010100-0,一般行政,,,0,19298751,0,0,19298751,0,176625275,0,176625275,195924026,
501,112,112,,,3,,3405011300-5,審判行政,,,0,14212390,0,0,14212390,0,0,0,0,14212390,
501,112,112,,,,,,保留數,,,0,33511141,0,0,33511141,0,176625275,0,176625275,210136416,
501,112,112,,,,,,合計,,,1107726615,492122114,1382279166,0,2982127895,0,480300003,37459000,517759003,3499886898,
2001,109,109,11,,,,0020000000-0,教育部主管,,,0,0,0,0,0,0,0,0,0,0,
2001,109,109,,1,,,0020010000-6,教育部,,,13013971932,2823701310,97810916088,0,113648589330,109896019,7644036269,4871145555,12625077843,126273667173,
2001,109,109,,,1,,5120010100-8,一般行政,,,613070807,189327782,198359701,0,1000758290,1080187,5815409,1618500,8514096,1009272386,
2001,109,109,,,2,,5120010200-2,高等教育,,,0,738998848,84452782896,0,85191781744,38009542,3340814874,4300953971,7679778387,92871560131,
2001,109,109,,,,1,5120010201-5,"高等教育行政及
督導",,,0,353040005,12161643184,0,12514683189,16007066,2510965552,608795047,3135767665,15650450854,
2001,109,109,,,,2,5120010202-8,"技術職業教育行
政及督導",,,0,331180906,6267564450,0,6598745356,21044453,829849322,564013554,1414907329,8013652685,
2001,109,109,,,,3,5120010203-0,"國立大學校院教
學與研究輔助",,,0,0,45839733000,0,45839733000,0,0,0,0,45839733000,
2001,109,109,,,,4,5120010204-3,"私立學校教學獎
助",,,0,54777937,20183842262,0,20238620199,958023,0,3128145370,3129103393,23367723592,
2001,109,109,,,3,,5120010300-7,中等教育,,,0,585876245,740103744,0,1325979989,30358378,19536151,68535883,118430412,1444410401,
2001,109,109,,,,1,5120010301-0,"師資培育與藝術
教育行政及督導",,,0,585876245,740103744,0,1325979989,30358378,19536151,68535883,118430412,1444410401,
2001,109,109,,,4,,5120010500-6,終身教育,,,29721151,360762085,1216641885,0,1607125121,5931040,166814626,299741184,472486850,2079611971,
2001,109,109,,,,1,5120010501-9,"終身教育行政及
督導",,,0,306645552,1213751885,0,1520397437,5931040,166174434,299741184,471846658,1992244095,
2001,109,109,,,,2,5120010507-5,"國立臺灣藝術教
育館行政及推展",,,29721151,54116533,2890000,0,86727684,0,640192,0,640192,87367876,
2001,109,109,,,5,,5120010700-5,學務與輔導,,,0,293799926,1465901203,0,1759701129,20104395,57248000,34814753,112167148,1871868277,
2001,109,109,,,,1,5120010701-8,"學生事務與特殊
教育行政及督導",,,0,293799926,1465901203,0,1759701129,20104395,57248000,34814753,112167148,1871868277,
2001,109,109,,,6,,5120010900-4,各項教育推展,,,0,654936424,3164790459,0,3819726883,14412477,135103377,139290840,288806694,4108533577,
2001,109,109,,,,1,5120010904-5,"資訊與科技教育
行政及督導",,,0,540437325,1324530860,0,1864968185,4839632,134743469,137359466,276942567,2141910752,
2001,109,109,,,,2,5120010908-6,"國際及兩岸教育
交流",,,0,114499099,1840259599,0,1954758698,9572845,359908,1931374,11864127,1966622825,
2001,109,109,,,7,,5120018100-1,非營業特種基金,,,0,0,0,0,0,0,3800604000,0,3800604000,3800604000,
2001,109,109,,,,1,5120018110-5,"國立大學校院校
務及附設醫院基
金",,,0,0,0,0,0,0,3800604000,0,3800604000,3800604000,
2001,109,109,,,10,,5320011100-4,"加強文化與育樂活
動",,,0,0,1206519200,0,1206519200,0,118099832,26190424,144290256,1350809456,
2001,109,109,,,,1,5320011101-7,"國立社教機構創
新與發展",,,0,0,30562200,0,30562200,0,118099832,26190424,144290256,174852456,
2001,109,109,,,,2,5320011103-2,"教育部所屬機構
維持及發展輔助",,,0,0,1175957000,0,1175957000,0,0,0,0,1175957000,
2001,109,109,,,11,,7620012100-9,"學校教職員暨社教
機構聘任人員退休
撫卹給付",,,12371179974,0,5365817000,0,17736996974,0,0,0,0,17736996974,
2001,109,109,,,,,,小計,,,13013971932,2823701310,97810916088,0,113648589330,109896019,7644036269,4871145555,12625077843,126273667173,
2001,109,109,11,,,,0020000000-0,教育部主管,,,0,0,0,0,0,0,0,0,0,0,
2001,109,109,,1,,,0020010000-6,教育部,,,0,59066040,159835334,0,218901374,7234830,117936137,641050474,766221441,985122815,
2001,109,109,,,1,,5120010100-8,一般行政,,,0,5692916,0,0,5692916,0,7035729,0,7035729,12728645,
2001,109,109,,,2,,5120010200-2,高等教育,,,0,10148000,114427673,0,124575673,2540000,29710000,213500000,245750000,370325673,
2001,109,109,,,,1,5120010201-5,"高等教育行政及
督導",,,0,565000,16500000,0,17065000,0,29710000,0,29710000,46775000,
2001,109,109,,,,2,5120010202-8,"技術職業教育行
政及督導",,,0,8519000,24888577,0,33407577,2540000,0,107500000,110040000,143447577,
2001,109,109,,,,4,5120010204-3,"私立學校教學獎
助",,,0,1064000,73039096,0,74103096,0,0,106000000,106000000,180103096,
2001,109,109,,,3,,5120010300-7,中等教育,,,0,10162500,0,0,10162500,4230000,0,4296680,8526680,18689180,
2001,109,109,,,,1,5120010301-0,"師資培育與藝術
教育行政及督導",,,0,10162500,0,0,10162500,4230000,0,4296680,8526680,18689180,
2001,109,109,,,4,,5120010500-6,終身教育,,,0,13455042,2103000,0,15558042,0,1037500,410137102,411174602,426732644,
2001,109,109,,,,1,5120010501-9,"終身教育行政及
督導",,,0,13455042,2103000,0,15558042,0,1037500,410137102,411174602,426732644,
2001,109,109,,,5,,5120010700-5,學務與輔導,,,0,9403337,42794861,0,52198198,97954,1800000,2940000,4837954,57036152,
2001,109,109,,,,1,5120010701-8,"學生事務與特殊
教育行政及督導",,,0,9403337,42794861,0,52198198,97954,1800000,2940000,4837954,57036152,
2001,109,109,,,6,,5120010900-4,各項教育推展,,,0,10204245,509800,0,10714045,366876,1694908,5024100,7085884,17799929,
2001,109,109,,,,1,5120010904-5,"資訊與科技教育
行政及督導",,,0,9551121,509800,0,10060921,0,1694908,5024100,6719008,16779929,
2001,109,109,,,,2,5120010908-6,"國際及兩岸教育
交流",,,0,653124,0,0,653124,366876,0,0,366876,1020000,
2001,109,109,,,7,,5120018100-1,非營業特種基金,,,0,0,0,0,0,0,76658000,0,76658000,76658000,
2001,109,109,,,,1,5120018110-5,"國立大學校院校
務及附設醫院基
金",,,0,0,0,0,0,0,76658000,0,76658000,76658000,
2001,109,109,,,10,,5320011100-4,"加強文化與育樂活
動",,,0,0,0,0,0,0,0,5152592,5152592,5152592,
2001,109,109,,,,1,5320011101-7,"國立社教機構創
新與發展",,,0,0,0,0,0,0,0,5152592,5152592,5152592,
2001,109,109,,,,,,保留數,,,0,59066040,159835334,0,218901374,7234830,117936137,641050474,766221441,985122815,
2001,109,109,,,,,,合計,,,13013971932,2882767350,97970751422,0,113867490704,117130849,7761972406,5512196029,13391299284,127258789988,
2001,110,110,11,,,,0020000000-0,教育部主管,,,0,0,0,0,0,0,0,0,0,0,
2001,110,110,,1,,,0020010000-6,教育部,,,14473816840,2632199841,96989276626,0,114095293307,81619609,7685800515,4964955111,12732375235,126827668542,
2001,110,110,,,1,,5120010100-8,一般行政,,,641365333,188224388,194640610,0,1024230331,1074965,12547746,1298374,14921085,1039151416,
2001,110,110,,,2,,5120010200-2,高等教育,,,0,738964159,84325855800,0,85064819959,27140298,3330205246,4452322812,7809668356,92874488315,
2001,110,110,,,,1,5120010201-5,"高等教育行政及
督導",,,0,342049565,12188578477,0,12530628042,9913946,2437160052,862524795,3309598793,15840226835,
2001,110,110,,,,2,5120010202-8,"技術職業教育行
政及督導",,,0,347391557,6237965558,0,6585357115,17116352,893045194,583297152,1493458698,8078815813,
2001,110,110,,,,3,5120010203-0,"國立大學校院教
學與研究輔助",,,0,0,45953051000,0,45953051000,0,0,0,0,45953051000,
2001,110,110,,,,4,5120010204-3,"私立學校教學獎
助",,,0,49523037,19946260765,0,19995783802,110000,0,3006500865,3006610865,23002394667,
2001,110,110,,,3,,5120010300-7,中等教育,,,0,522606334,696461024,0,1219067358,25106356,20732374,80896137,126734867,1345802225,
2001,110,110,,,,1,5120010301-0,"師資培育與藝術
教育行政及督導",,,0,522606334,696461024,0,1219067358,25106356,20732374,80896137,126734867,1345802225,
2001,110,110,,,4,,5120010500-6,終身教育,,,30777711,343580771,1205484923,0,1579843405,1930000,291422029,210694467,504046496,2083889901,
2001,110,110,,,,1,5120010501-9,"終身教育行政及
督導",,,0,291410763,1202488923,0,1493899686,1930000,284959219,210694467,497583686,1991483372,
2001,110,110,,,,2,5120010507-5,"國立臺灣藝術教
育館行政及推展",,,30777711,52170008,2996000,0,85943719,0,6462810,0,6462810,92406529,
2001,110,110,,,5,,5120010700-5,學務與輔導,,,0,239005448,1415805336,0,1654810784,15279590,51421756,60710400,127411746,1782222530,
2001,110,110,,,,1,5120010701-8,"學生事務與特殊
教育行政及督導",,,0,239005448,1415805336,0,1654810784,15279590,51421756,60710400,127411746,1782222530,
2001,110,110,,,6,,5120010900-4,各項教育推展,,,0,599818741,2784733933,0,3384552674,11088400,134838696,143445895,289372991,3673925665,
2001,110,110,,,,1,5120010904-5,"資訊與科技教育
行政及督導",,,0,466873397,1226650959,0,1693524356,360000,134232517,142748895,277341412,1970865768,
2001,110,110,,,,2,5120010908-6,"國際及兩岸教育
交流",,,0,132945344,1558082974,0,1691028318,10728400,606179,697000,12031579,1703059897,
2001,110,110,,,7,,5120018100-1,非營業特種基金,,,0,0,0,0,0,0,3606133000,0,3606133000,3606133000,
2001,110,110,,,,1,5120018110-5,"國立大學校院校
務及附設醫院基
金",,,0,0,0,0,0,0,3606133000,0,3606133000,3606133000,
2001,110,110,,,9,,5320011100-4,"加強文化與育樂活
動",,,0,0,1089043000,0,1089043000,0,238499668,15587026,254086694,1343129694,
2001,110,110,,,,1,5320011101-7,"國立社教機構創
新與發展",,,0,0,30682000,0,30682000,0,238499668,15587026,254086694,284768694,
2001,110,110,,,,2,5320011103-2,"教育部所屬機構
維持及發展輔助",,,0,0,1058361000,0,1058361000,0,0,0,0,1058361000,
2001,110,110,,,10,,7620012100-9,"學校教職員暨社教
機構聘任人員退休
撫卹給付",,,13801673796,0,5277252000,0,19078925796,0,0,0,0,19078925796,
2001,110,110,,,,,,小計,,,14473816840,2632199841,96989276626,0,114095293307,81619609,7685800515,4964955111,12732375235,126827668542,
2001,110,110,11,,,,0020000000-0,教育部主管,,,0,0,0,0,0,0,0,0,0,0,
2001,110,110,,1,,,0020010000-6,教育部,,,0,101418749,68378664,0,169797413,2155836,761620949,505519851,1269296636,1439094049,
2001,110,110,,,1,,5120010100-8,一般行政,,,0,2507628,0,0,2507628,0,3093449,0,3093449,5601077,
2001,110,110,,,2,,5120010200-2,高等教育,,,0,3317950,29686604,0,33004554,0,20700000,0,20700000,53704554,
2001,110,110,,,,1,5120010201-5,"高等教育行政及
督導",,,0,1100000,29023000,0,30123000,0,20700000,0,20700000,50823000,
2001,110,110,,,,2,5120010202-8,"技術職業教育行
政及督導",,,0,2027950,663604,0,2691554,0,0,0,0,2691554,
2001,110,110,,,,4,5120010204-3,"私立學校教學獎
助",,,0,190000,0,0,190000,0,0,0,0,190000,
2001,110,110,,,3,,5120010300-7,中等教育,,,0,19544000,0,0,19544000,1830500,0,0,1830500,21374500,
2001,110,110,,,,1,5120010301-0,"師資培育與藝術
教育行政及督導",,,0,19544000,0,0,19544000,1830500,0,0,1830500,21374500,
2001,110,110,,,4,,5120010500-6,終身教育,,,0,34822560,2872200,0,37694760,0,0,459858070,459858070,497552830,
2001,110,110,,,,1,5120010501-9,"終身教育行政及
督導",,,0,34193500,2872200,0,37065700,0,0,459858070,459858070,496923770,
2001,110,110,,,,2,5120010507-5,"國立臺灣藝術教
育館行政及推展",,,0,629060,0,0,629060,0,0,0,0,629060,
2001,110,110,,,5,,5120010700-5,學務與輔導,,,0,11725307,0,0,11725307,325336,0,890900,1216236,12941543,
2001,110,110,,,,1,5120010701-8,"學生事務與特殊
教育行政及督導",,,0,11725307,0,0,11725307,325336,0,890900,1216236,12941543,
2001,110,110,,,6,,5120010900-4,各項教育推展,,,0,29501304,35819860,0,65321164,0,471597500,8728173,480325673,545646837,
2001,110,110,,,,1,5120010904-5,"資訊與科技教育
行政及督導",,,0,28657202,11286000,0,39943202,0,471597500,8728173,480325673,520268875,
2001,110,110,,,,2,5120010908-6,"國際及兩岸教育
交流",,,0,844102,24533860,0,25377962,0,0,0,0,25377962,
2001,110,110,,,7,,5120018100-1,非營業特種基金,,,0,0,0,0,0,0,251783000,0,251783000,251783000,
2001,110,110,,,,1,5120018110-5,"國立大學校院校
務及附設醫院基
金",,,0,0,0,0,0,0,251783000,0,251783000,251783000,
2001,110,110,,,9,,5320011100-4,"加強文化與育樂活
動",,,0,0,0,0,0,0,14447000,36042708,50489708,50489708,
2001,110,110,,,,1,5320011101-7,"國立社教機構創
新與發展",,,0,0,0,0,0,0,14447000,36042708,50489708,50489708,
2001,110,110,,,,,,保留數,,,0,101418749,68378664,0,169797413,2155836,761620949,505519851,1269296636,1439094049,
2001,110,110,,,,,,合計,,,14473816840,2733618590,97057655290,0,114265090720,83775445,8447421464,5470474962,14001671871,128266762591,
2001,111,111,11,,,,0020000000-0,教育部主管,,,0,0,0,0,0,0,0,0,0,0,
2001,111,111,,1,,,0020010000-6,教育部,,,13830629821,3234762143,99721563484,0,116786955448,138468274,8464119206,6075664291,14678251771,131465207219,
2001,111,111,,,1,,5120010100-8,一般行政,,,655425272,197120874,195758241,0,1048304387,998603,13565629,1192300,15756532,1064060919,
2001,111,111,,,2,,5120010200-2,高等教育,,,0,926315656,85379209931,0,86305525587,39022433,4282663978,4177881825,8499568236,94805093823,
2001,111,111,,,,1,5120010201-5,"高等教育行政及
督導",,,0,459434769,12066439572,0,12525874341,29436148,3114162941,597550425,3741149514,16267023855,
2001,111,111,,,,2,5120010202-8,"技術職業教育行
政及督導",,,0,414946059,6177363933,0,6592309992,8526285,1168501037,484007151,1661034473,8253344465,
2001,111,111,,,,3,5120010203-0,"國立大學校院教
學與研究輔助",,,0,0,47465832114,0,47465832114,0,0,0,0,47465832114,
2001,111,111,,,,4,5120010204-3,"私立學校教學獎
助",,,0,51934828,19669574312,0,19721509140,1060000,0,3096324249,3097384249,22818893389,
2001,111,111,,,3,,5120010300-7,中等教育,,,0,534397950,875837685,0,1410235635,22716432,21742409,68295098,112753939,1522989574,
2001,111,111,,,,1,5120010301-0,"師資培育與藝術
教育行政及督導",,,0,534397950,875837685,0,1410235635,22716432,21742409,68295098,112753939,1522989574,
2001,111,111,,,4,,5120010500-6,終身教育,,,28488134,382679738,1304618768,0,1715786640,2455171,383297468,271429646,657182285,2372968925,
2001,111,111,,,,1,5120010501-9,"終身教育行政及
督導",,,0,327656459,1301600768,0,1629257227,2455171,382146788,271429646,656031605,2285288832,
2001,111,111,,,,2,5120010507-5,"國立臺灣藝術教
育館行政及推展",,,28488134,55023279,3018000,0,86529413,0,1150680,0,1150680,87680093,
2001,111,111,,,5,,5120010700-5,學務與輔導,,,0,288501417,1575686205,0,1864187622,17653711,55764700,38624132,112042543,1976230165,
2001,111,111,,,,1,5120010701-8,"學生事務與特殊
教育行政及督導",,,0,288501417,1575686205,0,1864187622,17653711,55764700,38624132,112042543,1976230165,
2001,111,111,,,6,,5120010900-4,各項教育推展,,,0,905746508,3664269234,0,4570015742,55621924,260004622,1515523936,1831150482,6401166224,
2001,111,111,,,,1,5120010904-5,"資訊與科技教育
行政及督導",,,0,784961043,1645739976,0,2430701019,49186241,259385122,1510990046,1819561409,4250262428,
2001,111,111,,,,2,5120010908-6,"國際及兩岸教育
交流",,,0,120785465,2018529258,0,2139314723,6435683,619500,4533890,11589073,2150903796,
2001,111,111,,,7,,5120018100-1,非營業特種基金,,,0,0,0,0,0,0,3205972000,0,3205972000,3205972000,
2001,111,111,,,,1,5120018110-5,"國立大學校院校
務及附設醫院基
金",,,0,0,0,0,0,0,3205972000,0,3205972000,3205972000,
2001,111,111,,,9,,5320011100-4,"加強文化與育樂活
動",,,0,0,1127667420,0,1127667420,0,241108400,2717354,243825754,1371493174,
2001,111,111,,,,1,5320011101-7,"國立社教機構創
新與發展",,,0,0,41716420,0,41716420,0,241108400,2717354,243825754,285542174,
2001,111,111,,,,2,5320011103-2,"教育部所屬機構
維持及發展輔助",,,0,0,1085951000,0,1085951000,0,0,0,0,1085951000,
2001,111,111,,,10,,7620012100-9,"學校教職員暨社教
機構聘任人員退休
撫卹給付",,,13146716415,0,5598516000,0,18745232415,0,0,0,0,18745232415,
2001,111,111,,,,,,小計,,,13830629821,3234762143,99721563484,0,116786955448,138468274,8464119206,6075664291,14678251771,131465207219,
2001,111,111,11,,,,0020000000-0,教育部主管,,,0,0,0,0,0,0,0,0,0,0,
2001,111,111,,1,,,0020010000-6,教育部,,,0,105681705,39586935,0,145268640,11447585,81137944,470537691,563123220,708391860,
2001,111,111,,,1,,5120010100-8,一般行政,,,0,1688506,0,0,1688506,0,11111899,0,11111899,12800405,
2001,111,111,,,2,,5120010200-2,高等教育,,,0,17733156,25209156,0,42942312,308492,32213011,0,32521503,75463815,
2001,111,111,,,,1,5120010201-5,"高等教育行政及
督導",,,0,15928879,25209156,0,41138035,308492,32213011,0,32521503,73659538,
2001,111,111,,,,2,5120010202-8,"技術職業教育行
政及督導",,,0,1531277,0,0,1531277,0,0,0,0,1531277,
2001,111,111,,,,4,5120010204-3,"私立學校教學獎
助",,,0,273000,0,0,273000,0,0,0,0,273000,
2001,111,111,,,3,,5120010300-7,中等教育,,,0,8764105,280000,0,9044105,11019403,0,0,11019403,20063508,
2001,111,111,,,,1,5120010301-0,"師資培育與藝術
教育行政及督導",,,0,8764105,280000,0,9044105,11019403,0,0,11019403,20063508,
2001,111,111,,,4,,5120010500-6,終身教育,,,0,21434552,1370000,0,22804552,0,22734200,224214108,246948308,269752860,
2001,111,111,,,,1,5120010501-9,"終身教育行政及
督導",,,0,21434552,1370000,0,22804552,0,22734200,224214108,246948308,269752860,
2001,111,111,,,5,,5120010700-5,學務與輔導,,,0,3701910,0,0,3701910,119690,0,890000,1009690,4711600,
2001,111,111,,,,1,5120010701-8,"學生事務與特殊
教育行政及督導",,,0,3701910,0,0,3701910,119690,0,890000,1009690,4711600,
2001,111,111,,,6,,5120010900-4,各項教育推展,,,0,52359476,12727779,0,65087255,0,15078834,245433583,260512417,325599672,
2001,111,111,,,,1,5120010904-5,"資訊與科技教育
行政及督導",,,0,51684476,12727779,0,64412255,0,15078834,245433583,260512417,324924672,
2001,111,111,,,,2,5120010908-6,"國際及兩岸教育
交流",,,0,675000,0,0,675000,0,0,0,0,675000,
2001,111,111,,,,,,保留數,,,0,105681705,39586935,0,145268640,11447585,81137944,470537691,563123220,708391860,
2001,111,111,,,,,,合計,,,13830629821,3340443848,99761150419,0,116932224088,149915859,8545257150,6546201982,15241374991,132173599079,
2001,112,112,11,,,,0020000000-0,教育部主管,,,0,0,0,0,0,0,0,0,0,0,
2001,112,112,,1,,,0020010000-6,教育部,,,13350963401,3769441691,103436073681,0,120556478773,86695112,9227185852,5251049775,14564930739,135121409512,
2001,112,112,,,1,,5120010100-8,一般行政,,,697275998,202170878,241381939,0,1140828815,1207000,19378135,841500,21426635,1162255450,
2001,112,112,,,2,,5120010200-2,高等教育,,,0,923748371,86980280530,0,87904028901,22604418,4499756968,4367165945,8889527331,96793556232,
2001,112,112,,,,1,5120010201-5,"高等教育行政及
督導",,,0,450316915,12043978417,0,12494295332,14477368,2676655755,641912979,3333046102,15827341434,
2001,112,112,,,,2,5120010202-8,"技術職業教育行
政及督導",,,0,417469213,6322882770,0,6740351983,7977050,1823101213,554537815,2385616078,9125968061,
2001,112,112,,,,3,5120010203-0,"國立大學校院教
學與研究輔助",,,0,0,47589805000,0,47589805000,0,0,0,0,47589805000,
2001,112,112,,,,4,5120010204-3,"私立學校教學獎
助",,,0,55962243,21023614343,0,21079576586,150000,0,3170715151,3170865151,24250441737,
2001,112,112,,,3,,5120010300-7,中等教育,,,0,563456198,762213580,0,1325669778,13971206,21055358,58675050,93701614,1419371392,
2001,112,112,,,,1,5120010301-0,"師資培育與藝術
教育行政及督導",,,0,563456198,762213580,0,1325669778,13971206,21055358,58675050,93701614,1419371392,
2001,112,112,,,4,,5120010500-6,終身教育,,,28988416,461300255,1366824301,0,1857112972,2969050,339970080,312290062,655229192,2512342164,
2001,112,112,,,,1,5120010501-9,"終身教育行政及
督導",,,0,395308743,1362429341,0,1757738084,2969050,338604239,312290062,653863351,2411601435,
2001,112,112,,,,2,5120010507-5,"國立臺灣藝術教
育館行政及推展",,,28988416,65991512,4394960,0,99374888,0,1365841,0,1365841,100740729,
2001,112,112,,,5,,5120010700-5,學務與輔導,,,0,339499710,1775034517,0,2114534227,17451573,78098100,54571131,150120804,2264655031,
2001,112,112,,,,1,5120010701-8,"學生事務與特殊
教育行政及督導",,,0,339499710,1775034517,0,2114534227,17451573,78098100,54571131,150120804,2264655031,
2001,112,112,,,6,,5120010900-4,各項教育推展,,,0,1279266279,4742269468,0,6021535747,28491865,326535956,457506087,812533908,6834069655,
2001,112,112,,,,1,5120010904-5,"資訊與科技教育
行政及督導",,,0,1117529155,2478548062,0,3596077217,19956593,325645706,454171724,799774023,4395851240,
2001,112,112,,,,2,5120010908-6,"國際及兩岸教育
交流",,,0,161737124,2263721406,0,2425458530,8535272,890250,3334363,12759885,2438218415,
2001,112,112,,,7,,5120018100-1,非營業特種基金,,,0,0,0,0,0,0,3673888000,0,3673888000,3673888000,
2001,112,112,,,,1,5120018110-5,"國立大學校院校
務及附設醫院基
金",,,0,0,0,0,0,0,3673888000,0,3673888000,3673888000,
2001,112,112,,,8,,5120019000-2,一般建築及設備,,,0,0,0,0,0,0,1208255,0,1208255,1208255,
2001,112,112,,,,1,5120019011-9,交通及運輸設備,,,0,0,0,0,0,0,1208255,0,1208255,1208255,
2001,112,112,,,10,,5320011100-4,"加強文化與育樂活
動",,,0,0,1127445346,0,1127445346,0,267295000,0,267295000,1394740346,
2001,112,112,,,,1,5320011101-7,"國立社教機構創
新與發展",,,0,0,41494346,0,41494346,0,267295000,0,267295000,308789346,
2001,112,112,,,,2,5320011103-2,"教育部所屬機構
維持及發展輔助",,,0,0,1085951000,0,1085951000,0,0,0,0,1085951000,
2001,112,112,,,11,,7620012100-9,"學校教職員暨社教
機構聘任人員退休
撫卹給付",,,12624698987,0,6440624000,0,19065322987,0,0,0,0,19065322987,
2001,112,112,,,,,,小計,,,13350963401,3769441691,103436073681,0,120556478773,86695112,9227185852,5251049775,14564930739,135121409512,
2001,112,112,11,,,,0020000000-0,教育部主管,,,0,0,0,0,0,0,0,0,0,0,
2001,112,112,,1,,,0020010000-6,教育部,,,0,158751648,205425288,0,364176936,600768,710019800,126788081,837408649,1201585585,
2001,112,112,,,1,,5120010100-8,一般行政,,,0,2627682,996528,0,3624210,0,2400000,0,2400000,6024210,
2001,112,112,,,2,,5120010200-2,高等教育,,,0,29405000,8417901,0,37822901,0,0,0,0,37822901,
2001,112,112,,,,1,5120010201-5,"高等教育行政及
督導",,,0,20815000,7045901,0,27860901,0,0,0,0,27860901,
2001,112,112,,,,2,5120010202-8,"技術職業教育行
政及督導",,,0,8590000,0,0,8590000,0,0,0,0,8590000,
2001,112,112,,,,4,5120010204-3,"私立學校教學獎
助",,,0,0,1372000,0,1372000,0,0,0,0,1372000,
2001,112,112,,,3,,5120010300-7,中等教育,,,0,7024115,97225359,0,104249474,0,0,10920305,10920305,115169779,
2001,112,112,,,,1,5120010301-0,"師資培育與藝術
教育行政及督導",,,0,7024115,97225359,0,104249474,0,0,10920305,10920305,115169779,
2001,112,112,,,4,,5120010500-6,終身教育,,,0,30842115,1069000,0,31911115,0,7006000,74244710,81250710,113161825,
2001,112,112,,,,1,5120010501-9,"終身教育行政及
督導",,,0,30842115,1069000,0,31911115,0,7006000,74244710,81250710,113161825,
2001,112,112,,,5,,5120010700-5,學務與輔導,,,0,6410718,0,0,6410718,600768,11898800,4080000,16579568,22990286,
2001,112,112,,,,1,5120010701-8,"學生事務與特殊
教育行政及督導",,,0,6410718,0,0,6410718,600768,11898800,4080000,16579568,22990286,
2001,112,112,,,6,,5120010900-4,各項教育推展,,,0,82442018,97716500,0,180158518,0,37776000,37543066,75319066,255477584,
2001,112,112,,,,1,5120010904-5,"資訊與科技教育
行政及督導",,,0,81770851,97716500,0,179487351,0,37776000,37543066,75319066,254806417,
2001,112,112,,,,2,5120010908-6,"國際及兩岸教育
交流",,,0,671167,0,0,671167,0,0,0,0,671167,
2001,112,112,,,7,,5120018100-1,非營業特種基金,,,0,0,0,0,0,0,650939000,0,650939000,650939000,
2001,112,112,,,,1,5120018110-5,"國立大學校院校
務及附設醫院基
金",,,0,0,0,0,0,0,650939000,0,650939000,650939000,
2001,112,112,,,,,,保留數,,,0,158751648,205425288,0,364176936,600768,710019800,126788081,837408649,1201585585,
2001,112,112,,,,,,合計,,,13350963401,3928193339,103641498969,0,120920655709,87295880,9937205652,5377837856,15402339388,136322995097,
