id,time,會計年度,款,項,目,節,預算科目編號,預算科目名稱,分計畫編號,分計畫名稱,用途別編號,用途別名稱,原預算數,預算追加減數,動支第一預備金數,動支第二預備金數,經費流用數,預算調整數,預算增減數小計,預算數合計1,實現數,應付數,保留數,決算數合計2,預決算比較增減數,決算數占預算數之比率
201,105,105,01,,,,3200000000-0,國務支出,,,,,"1,114,839,000",0,0,0,0,0,0,"1,114,839,000","999,184,800",0,"47,172,237","1,046,357,037","-68,481,963",93.86
201,105,105,,,01,,3202010100-9,一般行政,,,,,"976,090,000",0,0,0,0,0,0,"976,090,000","874,528,596",0,"42,522,954","917,051,550","-59,038,450",93.95
201,105,105,,,02,,3202010200-3,國務機要,,,,,"30,000,000",0,0,0,0,0,0,"30,000,000","29,785,831",0,0,"29,785,831","-214,169",99.29
201,105,105,,,03,,3202010300-8,國家慶典,,,,,"51,612,000",0,0,0,0,0,0,"51,612,000","46,075,322",0,0,"46,075,322","-5,536,678",89.27
201,105,105,,,04,,3202010400-2,研究發展,,,,,"8,569,000",0,0,0,0,0,0,"8,569,000","7,406,478",0,0,"7,406,478","-1,162,522",86.43
201,105,105,,,,01,3202010401-5,國家發展研究及諮詢,,,,,"8,569,000",0,0,0,0,0,0,"8,569,000","7,406,478",0,0,"7,406,478","-1,162,522",86.43
201,105,105,,,05,,3202010500-7,新聞發布,,,,,"11,417,000",0,0,0,0,0,0,"11,417,000","9,732,529",0,0,"9,732,529","-1,684,471",85.25
201,105,105,,,06,,3202010600-1,卸任禮遇,,,,,"27,321,000",0,"2,000,000",0,0,0,"2,000,000","29,321,000","24,545,739",0,"4,649,283","29,195,022","-125,978",99.57
201,105,105,,,07,,3202010800-0,公報編印及印信勳章鑄造,,,,,"7,757,000",0,0,0,0,0,0,"7,757,000","7,110,305",0,0,"7,110,305","-646,695",91.66
201,105,105,,,08,,3202019800-0,第一預備金,,,,,"2,073,000",0,"-2,000,000",0,0,0,"-2,000,000","73,000",0,0,0,0,"-73,000",0.00
201,105,105,22,,,,6800000000-2,福利服務支出,,,,,"279,000",0,0,0,0,0,0,"279,000","279,000",0,0,"279,000",0,100.00
201,105,105,,,01,,6806205800-3,"早期退休公教人員生活困
難照護金",,,,,"279,000",0,0,0,0,0,0,"279,000","279,000",0,0,"279,000",0,100.00
201,105,105,26,,,,7500000000-2,退休撫卹給付支出,,,,,"83,919,153",0,0,"1,592,998",0,0,"1,592,998","85,512,151","85,512,151",0,0,"85,512,151",0,100.00
201,105,105,,,01,,7506205300-0,公務人員退休撫卹給付,,,,,"83,919,153",0,0,"1,592,998",0,0,"1,592,998","85,512,151","85,512,151",0,0,"85,512,151",0,100.00
201,105,105,32,,,,8900000000-0,其他支出,,,,,"9,044,600",0,0,0,0,0,0,"9,044,600","9,044,600",0,0,"9,044,600",0,100.00
201,105,105,,,01,,8903304500-4,"公教人員婚喪生育及子女
教育補助",,,,,"9,044,600",0,0,0,0,0,0,"9,044,600","9,044,600",0,0,"9,044,600",0,100.00
201,105,105,,,,,合計,,,,,,"1,208,081,753",0,0,"1,592,998",0,0,"1,592,998","1,209,674,751","1,094,020,551",0,"47,172,237","1,141,192,788","-68,481,963",94.34
201,106,106,01,,,,3200000000-0,國務支出,,,,,"953,475,000",0,0,0,0,0,0,"953,475,000","878,073,939",0,"7,698,406","885,772,345","-67,702,655",92.90
201,106,106,,,01,,3202010100-9,一般行政,,,,,"846,860,000",0,0,0,0,0,0,"846,860,000","784,390,977",0,"1,616,955","786,007,932","-60,852,068",92.81
201,106,106,,,02,,3202010200-3,國務機要,,,,,"30,000,000",0,0,0,0,0,0,"30,000,000","29,592,031",0,0,"29,592,031","-407,969",98.64
201,106,106,,,03,,3202010300-8,國家慶典,,,,,"16,575,000",0,0,0,0,0,0,"16,575,000","14,906,409",0,0,"14,906,409","-1,668,591",89.93
201,106,106,,,04,,3202010400-2,研究發展,,,,,"12,126,000",0,0,0,0,0,0,"12,126,000","10,269,264",0,0,"10,269,264","-1,856,736",84.69
201,106,106,,,05,,3202010500-7,新聞發布,,,,,"11,366,000",0,0,0,0,0,0,"11,366,000","9,793,191",0,"787,000","10,580,191","-785,809",93.09
201,106,106,,,06,,3202010600-1,卸任禮遇,,,,,"25,255,000",0,"1,800,000",0,0,0,"1,800,000","27,055,000","22,313,294",0,"4,624,256","26,937,550","-117,450",99.57
201,106,106,,,07,,3202010800-0,公報編印及印信勳章鑄造,,,,,"9,220,000",0,0,0,0,0,0,"9,220,000","6,808,773",0,"670,195","7,478,968","-1,741,032",81.12
201,106,106,,,08,,3202019800-0,第一預備金,,,,,"2,073,000",0,"-1,800,000",0,0,0,"-1,800,000","273,000",0,0,0,0,"-273,000",0.00
201,106,106,22,,,,6800000000-2,福利服務支出,,,,,"279,000",0,0,0,0,0,0,"279,000","279,000",0,0,"279,000",0,100.00
201,106,106,,,01,,6806205800-3,"早期退休公教人員生活困
難照護金",,,,,"279,000",0,0,0,0,0,0,"279,000","279,000",0,0,"279,000",0,100.00
201,106,106,26,,,,7500000000-2,退休撫卹給付支出,,,,,"88,429,317",0,0,"1,568,525",0,0,"1,568,525","89,997,842","89,997,842",0,0,"89,997,842",0,100.00
201,106,106,,,01,,7506205300-0,公務人員退休撫卹給付,,,,,"88,429,317",0,0,"1,568,525",0,0,"1,568,525","89,997,842","89,997,842",0,0,"89,997,842",0,100.00
201,106,106,32,,,,8900000000-0,其他支出,,,,,"7,749,958",0,0,0,0,0,0,"7,749,958","7,749,958",0,0,"7,749,958",0,100.00
201,106,106,,,01,,8903304500-4,"公教人員婚喪生育及子女
教育補助",,,,,"7,749,958",0,0,0,0,0,0,"7,749,958","7,749,958",0,0,"7,749,958",0,100.00
201,106,106,,,,,合計,,,,,,"1,049,933,275",0,0,"1,568,525",0,0,"1,568,525","1,051,501,800","976,100,739",0,"7,698,406","983,799,145","-67,702,655",93.56
201,107,107,01,,,,3200000000-0,國務支出,,,,,"933,889,380",0,0,0,0,0,0,"933,889,380","895,121,901",0,"13,632,196","908,754,097","-25,135,283",97.31
201,107,107,,,01,,3202010100-9,一般行政,,,,,"826,383,000",0,0,0,0,0,0,"826,383,000","795,498,744",0,"8,509,251","804,007,995","-22,375,005",97.29
201,107,107,,,02,,3202010200-3,國務機要,,,,,"30,000,000",0,0,0,0,0,0,"30,000,000","29,998,454",0,0,"29,998,454","-1,546",99.99
201,107,107,,,03,,3202010300-8,國家慶典,,,,,"15,614,000",0,0,0,0,0,0,"15,614,000","15,587,925",0,0,"15,587,925","-26,075",99.83
201,107,107,,,04,,3202010400-2,研究發展,,,,,"6,861,000",0,0,0,0,0,0,"6,861,000","5,541,206",0,0,"5,541,206","-1,319,794",80.76
201,107,107,,,05,,3202010500-7,新聞發布,,,,,"10,194,000",0,0,0,0,0,0,"10,194,000","6,642,769",0,"2,760,000","9,402,769","-791,231",92.24
201,107,107,,,06,,3202010600-1,卸任禮遇,,,,,"23,755,000",0,"2,373,000",0,0,0,"2,373,000","26,128,000","23,763,973",0,"2,362,945","26,126,918","-1,082",100.00
201,107,107,,,07,,3202010800-0,公報編印及印信勳章鑄造,,,,,"5,402,000",0,0,0,0,0,0,"5,402,000","4,781,450",0,0,"4,781,450","-620,550",88.51
201,107,107,,,08,,3202019800-0,第一預備金,,,,,"2,373,000",0,"-2,373,000",0,0,0,"-2,373,000",0,0,0,0,0,0,
201,107,107,,,09,,3277013200-0,調整軍公教人員待遇準備,,,,,"13,307,380",0,0,0,0,0,0,"13,307,380","13,307,380",0,0,"13,307,380",0,100.00
201,107,107,22,,,,6800000000-2,福利服務支出,,,,,"279,000",0,0,0,0,0,0,"279,000","279,000",0,0,"279,000",0,100.00
201,107,107,,,01,,6806205800-3,"早期退休公教人員生活困
難照護金",,,,,"279,000",0,0,0,0,0,0,"279,000","279,000",0,0,"279,000",0,100.00
201,107,107,26,,,,7500000000-2,退休撫卹給付支出,,,,,"88,243,715",0,0,0,0,0,0,"88,243,715","88,243,715",0,0,"88,243,715",0,100.00
201,107,107,,,01,,7506205300-0,公務人員退休撫卹給付,,,,,"85,228,389",0,0,0,0,0,0,"85,228,389","85,228,389",0,0,"85,228,389",0,100.00
201,107,107,,,02,,7577017500-7,調整軍公教人員待遇準備,,,,,"3,015,326",0,0,0,0,0,0,"3,015,326","3,015,326",0,0,"3,015,326",0,100.00
201,107,107,32,,,,8900000000-0,其他支出,,,,,"5,687,750",0,0,0,0,0,0,"5,687,750","5,687,750",0,0,"5,687,750",0,100.00
201,107,107,,,01,,8903304500-4,"公教人員婚喪生育及子女
教育補助",,,,,"5,687,750",0,0,0,0,0,0,"5,687,750","5,687,750",0,0,"5,687,750",0,100.00
201,107,107,,,,,合計,,,,,,"1,028,099,845",0,0,0,0,0,0,"1,028,099,845","989,332,366",0,"13,632,196","1,002,964,562","-25,135,283",97.56
201,108,108,01,,,,3200000000-0,國務支出,,,,,"973,467,000",0,0,"5,510,000",0,0,"5,510,000","978,977,000","942,942,345",0,"13,014,142","955,956,487","-23,020,513",97.65
201,108,108,,,01,,3202010100-9,一般行政,,,,,"881,463,000",0,"2,491,000",0,0,0,"2,491,000","883,954,000","855,031,614",0,"10,037,386","865,069,000","-18,885,000",97.86
201,108,108,,,02,,3202010200-3,國務機要,,,,,"30,000,000",0,0,0,0,0,0,"30,000,000","29,820,082",0,0,"29,820,082","-179,918",99.40
201,108,108,,,03,,3202010300-8,國家慶典,,,,,"15,805,000",0,0,0,0,0,0,"15,805,000","15,681,779",0,0,"15,681,779","-123,221",99.22
201,108,108,,,04,,3202010400-2,研究發展,,,,,"6,724,000",0,0,0,0,0,0,"6,724,000","5,694,078",0,0,"5,694,078","-1,029,922",84.68
201,108,108,,,05,,3202010500-7,新聞發布,,,,,"7,353,000",0,0,0,0,0,0,"7,353,000","6,788,752",0,0,"6,788,752","-564,248",92.33
201,108,108,,,06,,3202010600-1,卸任禮遇,,,,,"22,508,000",0,0,"5,510,000",0,0,"5,510,000","28,018,000","24,936,970",0,"2,976,756","27,913,726","-104,274",99.63
201,108,108,,,07,,3202010800-0,公報編印及印信勳章鑄造,,,,,"6,741,000",0,0,0,0,0,0,"6,741,000","4,989,070",0,0,"4,989,070","-1,751,930",74.01
201,108,108,,,08,,3202019800-0,第一預備金,,,,,"2,873,000",0,"-2,491,000",0,0,0,"-2,491,000","382,000",0,0,0,0,"-382,000",0.00
201,108,108,22,,,,6800000000-2,福利服務支出,,,,,"297,000",0,0,0,0,0,0,"297,000","297,000",0,0,"297,000",0,100.00
201,108,108,,,01,,6806205800-3,"早期退休公教人員生活困
難照護金",,,,,"297,000",0,0,0,0,0,0,"297,000","297,000",0,0,"297,000",0,100.00
201,108,108,26,,,,7500000000-2,退休撫卹給付支出,,,,,"85,351,604",0,0,0,0,0,0,"85,351,604","85,351,604",0,0,"85,351,604",0,100.00
201,108,108,,,01,,7506205300-0,公務人員退休撫卹給付,,,,,"85,351,604",0,0,0,0,0,0,"85,351,604","85,351,604",0,0,"85,351,604",0,100.00
201,108,108,32,,,,8900000000-0,其他支出,,,,,"6,050,031",0,0,0,0,0,0,"6,050,031","6,050,031",0,0,"6,050,031",0,100.00
201,108,108,,,01,,8903304500-4,"婚喪生育、子女教育及低
薪配套補助",,,,,"6,050,031",0,0,0,0,0,0,"6,050,031","6,050,031",0,0,"6,050,031",0,100.00
201,108,108,,,,,合計,,,,,,"1,065,165,635",0,0,"5,510,000",0,0,"5,510,000","1,070,675,635","1,034,640,980",0,"13,014,142","1,047,655,122","-23,020,513",97.85
201,109,109,1,,,,3100000000-5,國務支出,,,,,1004331000.00,0.00,0.00,23868000.00,0.00,0.00,23868000.00,1028199000.00,987004408.00,0.00,10301138.00,997305546.00,-30893454.00,97.00
201,109,109,,,1,,3102010100-3,一般行政,,,,,876618000.00,0.00,2840000.00,23423000.00,0.00,0.00,26263000.00,902881000.00,875630756.00,0.00,6482000.00,882112756.00,-20768244.00,97.70
201,109,109,,,2,,3102010200-8,國務機要,,,,,30000000.00,0.00,0.00,0.00,0.00,0.00,0.00,30000000.00,29125106.00,0.00,867900.00,29993006.00,-6994.00,99.98
201,109,109,,,3,,3102010300-2,國家慶典,,,,,51141000.00,0.00,0.00,0.00,0.00,0.00,0.00,51141000.00,45578949.00,0.00,0.00,45578949.00,-5562051.00,89.12
201,109,109,,,4,,3102010400-7,研究發展,,,,,8195000.00,0.00,0.00,0.00,0.00,0.00,0.00,8195000.00,6720184.00,0.00,0.00,6720184.00,-1474816.00,82.00
201,109,109,,,5,,3102010500-1,新聞發布,,,,,7335000.00,0.00,0.00,0.00,0.00,0.00,0.00,7335000.00,7197941.00,0.00,0.00,7197941.00,-137059.00,98.13
201,109,109,,,6,,3102010600-6,卸任禮遇,,,,,21967000.00,0.00,0.00,445000.00,0.00,0.00,445000.00,22412000.00,17763132.00,0.00,2019953.00,19783085.00,-2628915.00,88.27
201,109,109,,,7,,3102010800-5,公報編印及印信勳章鑄造,,,,,6003000.00,0.00,0.00,0.00,0.00,0.00,0.00,6003000.00,4988340.00,0.00,931285.00,5919625.00,-83375.00,98.61
201,109,109,,,8,,3102019800-4,第一預備金,,,,,3072000.00,0.00,-2840000.00,0.00,0.00,0.00,-2840000.00,232000.00,0.00,0.00,0.00,0.00,-232000.00,0.00
201,109,109,22,,,,6300000000-5,福利服務支出,,,,,333000.00,0.00,0.00,0.00,0.00,0.00,0.00,333000.00,333000.00,0.00,0.00,333000.00,0.00,100.00
201,109,109,,,1,,6306205800-6,"早期退休公教人員生活困
難照護金",,,,,333000.00,0.00,0.00,0.00,0.00,0.00,0.00,333000.00,333000.00,0.00,0.00,333000.00,0.00,100.00
201,109,109,26,,,,7600000000-8,退休撫卹給付支出,,,,,80513630.00,0.00,0.00,0.00,0.00,0.00,0.00,80513630.00,80513630.00,0.00,0.00,80513630.00,0.00,100.00
201,109,109,,,1,,7606205300-6,公務人員退休撫卹給付,,,,,80513630.00,0.00,0.00,0.00,0.00,0.00,0.00,80513630.00,80513630.00,0.00,0.00,80513630.00,0.00,100.00
201,109,109,32,,,,8900000000-0,其他支出,,,,,6316016.00,0.00,0.00,0.00,0.00,0.00,0.00,6316016.00,6316016.00,0.00,0.00,6316016.00,0.00,100.00
201,109,109,,,1,,8903304500-4,"公教人員婚喪生育及子女
教育補助",,,,,6316016.00,0.00,0.00,0.00,0.00,0.00,0.00,6316016.00,6316016.00,0.00,0.00,6316016.00,0.00,100.00
201,109,109,,,,,合計,,,,,,1091493646.00,0.00,0.00,23868000.00,0.00,0.00,23868000.00,1115361646.00,1074167054.00,0.00,10301138.00,1084468192.00,-30893454.00,97.23
201,110,110,1,,,,3100000000-5,國務支出,,,,,978916000.00,0.00,0.00,0.00,0.00,0.00,0.00,978916000.00,910765985.00,0.00,12503144.00,923269129.00,-55646871.00,94.32
201,110,110,,,1,,3102010100-3,一般行政,,,,,896334000.00,0.00,0.00,0.00,0.00,0.00,0.00,896334000.00,837786480.00,0.00,10233000.00,848019480.00,-48314520.00,94.61
201,110,110,,,2,,3102010200-8,國務機要,,,,,30000000.00,0.00,0.00,0.00,0.00,0.00,0.00,30000000.00,29999482.00,0.00,0.00,29999482.00,-518.00,100.00
201,110,110,,,3,,3102010300-2,國家慶典,,,,,15760000.00,0.00,0.00,0.00,0.00,0.00,0.00,15760000.00,15220658.00,0.00,0.00,15220658.00,-539342.00,96.58
201,110,110,,,4,,3102010400-7,研究發展,,,,,5332000.00,0.00,0.00,0.00,0.00,0.00,0.00,5332000.00,4438108.00,0.00,0.00,4438108.00,-893892.00,83.24
201,110,110,,,5,,3102010500-1,新聞發布,,,,,6799000.00,0.00,0.00,0.00,0.00,0.00,0.00,6799000.00,5025341.00,0.00,0.00,5025341.00,-1773659.00,73.91
201,110,110,,,6,,3102010600-6,卸任禮遇,,,,,8683000.00,0.00,0.00,0.00,0.00,0.00,0.00,8683000.00,6118231.00,0.00,2270144.00,8388375.00,-294625.00,96.61
201,110,110,,,7,,3102010800-5,公報編印及印信勳章鑄造,,,,,4361000.00,0.00,0.00,0.00,0.00,0.00,0.00,4361000.00,4179366.00,0.00,0.00,4179366.00,-181634.00,95.84
201,110,110,,,8,,3102019000-8,一般建築及設備,,,,,8275000.00,0.00,0.00,0.00,0.00,0.00,0.00,8275000.00,7998319.00,0.00,0.00,7998319.00,-276681.00,96.66
201,110,110,,,9,,3102019800-4,第一預備金,,,,,3372000.00,0.00,0.00,0.00,0.00,0.00,0.00,3372000.00,0.00,0.00,0.00,0.00,-3372000.00,0.00
201,110,110,22,,,,6300000000-5,福利服務支出,,,,,302200.00,0.00,0.00,0.00,0.00,0.00,0.00,302200.00,302200.00,0.00,0.00,302200.00,0.00,100.00
201,110,110,,,1,,6306205800-6,"早期退休公教人員生活困
難照護金",,,,,302200.00,0.00,0.00,0.00,0.00,0.00,0.00,302200.00,302200.00,0.00,0.00,302200.00,0.00,100.00
201,110,110,26,,,,7600000000-8,退休撫卹給付支出,,,,,77954273.00,0.00,0.00,0.00,0.00,0.00,0.00,77954273.00,77954273.00,0.00,0.00,77954273.00,0.00,100.00
201,110,110,,,1,,7606205300-6,公務人員退休撫卹給付,,,,,77954273.00,0.00,0.00,0.00,0.00,0.00,0.00,77954273.00,77954273.00,0.00,0.00,77954273.00,0.00,100.00
201,110,110,32,,,,8900000000-0,其他支出,,,,,5578735.00,0.00,0.00,0.00,0.00,0.00,0.00,5578735.00,5578735.00,0.00,0.00,5578735.00,0.00,100.00
201,110,110,,,1,,8903304500-4,"公教人員婚喪生育及子女
教育補助",,,,,5578735.00,0.00,0.00,0.00,0.00,0.00,0.00,5578735.00,5578735.00,0.00,0.00,5578735.00,0.00,100.00
201,110,110,,,,,合計,,,,,,1062751208.00,0.00,0.00,0.00,0.00,0.00,0.00,1062751208.00,994601193.00,0.00,12503144.00,1007104337.00,-55646871.00,94.76
201,111,111,1,,,,3100000000-5,國務支出,,,,,1009936367.00,0.00,0.00,0.00,0.00,0.00,0.00,1009936367.00,920121455.00,0.00,51178144.00,971299599.00,-38636768.00,96.17
201,111,111,,,1,,3102010100-3,一般行政,,,,,909087000.00,0.00,0.00,0.00,0.00,0.00,0.00,909087000.00,827491244.00,0.00,48640658.00,876131902.00,-32955098.00,96.37
201,111,111,,,2,,3102010200-8,國務機要,,,,,30000000.00,0.00,0.00,0.00,0.00,0.00,0.00,30000000.00,29972723.00,0.00,0.00,29972723.00,-27277.00,99.91
201,111,111,,,3,,3102010300-2,國家慶典,,,,,15662000.00,0.00,0.00,0.00,0.00,0.00,0.00,15662000.00,15596668.00,0.00,0.00,15596668.00,-65332.00,99.58
201,111,111,,,4,,3102010400-7,研究發展,,,,,5142000.00,0.00,0.00,0.00,0.00,0.00,0.00,5142000.00,4551940.00,0.00,0.00,4551940.00,-590060.00,88.52
201,111,111,,,,1,3102010401-0,國家發展研究及諮詢,,,,,5142000.00,0.00,0.00,0.00,0.00,0.00,0.00,5142000.00,4551940.00,0.00,0.00,4551940.00,-590060.00,88.52
201,111,111,,,5,,3102010500-1,新聞發布,,,,,6699000.00,0.00,0.00,0.00,0.00,0.00,0.00,6699000.00,6525261.00,0.00,0.00,6525261.00,-173739.00,97.41
201,111,111,,,6,,3102010600-6,卸任禮遇,,,,,8683000.00,0.00,0.00,0.00,0.00,0.00,0.00,8683000.00,5868330.00,0.00,2537486.00,8405816.00,-277184.00,96.81
201,111,111,,,7,,3102010800-5,公報編印及印信勳章鑄造,,,,,4305000.00,0.00,0.00,0.00,0.00,0.00,0.00,4305000.00,3399441.00,0.00,0.00,3399441.00,-905559.00,78.96
201,111,111,,,8,,3102019000-8,一般建築及設備,,,,,10020000.00,0.00,0.00,0.00,0.00,0.00,0.00,10020000.00,9749481.00,0.00,0.00,9749481.00,-270519.00,97.30
201,111,111,,,,1,3102019011-4,交通及運輸設備,,,,,10020000.00,0.00,0.00,0.00,0.00,0.00,0.00,10020000.00,9749481.00,0.00,0.00,9749481.00,-270519.00,97.30
201,111,111,,,9,,3102019800-4,第一預備金,,,,,3372000.00,0.00,0.00,0.00,0.00,0.00,0.00,3372000.00,0.00,0.00,0.00,0.00,-3372000.00,0.00
201,111,111,,,1,,3177013100-0,調整軍公教人員待遇準備,,,,,16966367.00,0.00,0.00,0.00,0.00,0.00,0.00,16966367.00,16966367.00,0.00,0.00,16966367.00,0.00,100.00
201,111,111,22,,,,6300000000-5,福利服務支出,,,,,286800.00,0.00,0.00,0.00,0.00,0.00,0.00,286800.00,286800.00,0.00,0.00,286800.00,0.00,100.00
201,111,111,,,1,,6306205800-6,"早期退休公教人員生活困
難照護金",,,,,286800.00,0.00,0.00,0.00,0.00,0.00,0.00,286800.00,286800.00,0.00,0.00,286800.00,0.00,100.00
201,111,111,26,,,,7600000000-8,退休撫卹給付支出,,,,,77021877.00,0.00,0.00,0.00,0.00,0.00,0.00,77021877.00,77021877.00,0.00,0.00,77021877.00,0.00,100.00
201,111,111,,,1,,7606205300-6,公務人員退休撫卹給付,,,,,76275534.00,0.00,0.00,0.00,0.00,0.00,0.00,76275534.00,76275534.00,0.00,0.00,76275534.00,0.00,100.00
201,111,111,,,1,,7677017600-7,調整軍公教人員待遇準備,,,,,746343.00,0.00,0.00,0.00,0.00,0.00,0.00,746343.00,746343.00,0.00,0.00,746343.00,0.00,100.00
201,111,111,32,,,,8900000000-0,其他支出,,,,,5137830.00,0.00,0.00,0.00,0.00,0.00,0.00,5137830.00,5137830.00,0.00,0.00,5137830.00,0.00,100.00
201,111,111,,,1,,8903304500-4,"公教人員婚喪生育及子女
教育補助",,,,,5137830.00,0.00,0.00,0.00,0.00,0.00,0.00,5137830.00,5137830.00,0.00,0.00,5137830.00,0.00,100.00
201,111,111,,,,,合計,,,,,,1092382874.00,0.00,0.00,0.00,0.00,0.00,0.00,1092382874.00,1002567962.00,0.00,51178144.00,1053746106.00,-38636768.00,96.46
201,112,112,1,,,,3100000000-5,國務支出,,,,,1038589000.00,0.00,0.00,0.00,0.00,0.00,0.00,1038589000.00,983934121.00,0.00,40035122.00,1023969243.00,-14619757.00,98.59
201,112,112,,,1,,3102010100-3,一般行政,,,,,955461000.00,0.00,0.00,0.00,0.00,0.00,0.00,955461000.00,907985739.00,0.00,35567800.00,943553539.00,-11907461.00,98.75
201,112,112,,,2,,3102010200-8,國務機要,,,,,30000000.00,0.00,0.00,0.00,0.00,0.00,0.00,30000000.00,29998830.00,0.00,0.00,29998830.00,-1170.00,100.00
201,112,112,,,3,,3102010300-2,國家慶典,,,,,15568000.00,0.00,0.00,0.00,0.00,0.00,0.00,15568000.00,15543900.00,0.00,0.00,15543900.00,-24100.00,99.85
201,112,112,,,4,,3102010400-7,研究發展,,,,,5001000.00,0.00,0.00,0.00,0.00,0.00,0.00,5001000.00,4482312.00,0.00,0.00,4482312.00,-518688.00,89.63
201,112,112,,,,1,3102010401-0,國家發展研究及諮詢,,,,,5001000.00,0.00,0.00,0.00,0.00,0.00,0.00,5001000.00,4482312.00,0.00,0.00,4482312.00,-518688.00,89.63
201,112,112,,,5,,3102010500-1,新聞發布,,,,,6684000.00,0.00,0.00,0.00,0.00,0.00,0.00,6684000.00,6680625.00,0.00,0.00,6680625.00,-3375.00,99.95
201,112,112,,,6,,3102010600-6,卸任禮遇,,,,,8811000.00,0.00,0.00,0.00,0.00,0.00,0.00,8811000.00,5916174.00,0.00,2407022.00,8323196.00,-487804.00,94.46
201,112,112,,,7,,3102010800-5,公報編印及印信勳章鑄造,,,,,3897000.00,0.00,3372000.00,0.00,0.00,0.00,3372000.00,7269000.00,5186770.00,0.00,2060300.00,7247070.00,-21930.00,99.70
201,112,112,,,8,,3102019000-8,一般建築及設備,,,,,9795000.00,0.00,0.00,0.00,0.00,0.00,0.00,9795000.00,8139771.00,0.00,0.00,8139771.00,-1655229.00,83.10
201,112,112,,,,1,3102019011-4,交通及運輸設備,,,,,9795000.00,0.00,0.00,0.00,0.00,0.00,0.00,9795000.00,8139771.00,0.00,0.00,8139771.00,-1655229.00,83.10
201,112,112,,,9,,3102019800-4,第一預備金,,,,,3372000.00,0.00,-3372000.00,0.00,0.00,0.00,-3372000.00,0.00,0.00,0.00,0.00,0.00,0.00,0.00
201,112,112,22,,,,6300000000-5,福利服務支出,,,,,175800.00,0.00,0.00,0.00,0.00,0.00,0.00,175800.00,175800.00,0.00,0.00,175800.00,0.00,100.00
201,112,112,,,1,,6306205800-6,"早期退休公教人員生活困
難照護金",,,,,175800.00,0.00,0.00,0.00,0.00,0.00,0.00,175800.00,175800.00,0.00,0.00,175800.00,0.00,100.00
201,112,112,26,,,,7600000000-8,退休撫卹給付支出,,,,,75043844.00,0.00,0.00,0.00,0.00,0.00,0.00,75043844.00,75043844.00,0.00,0.00,75043844.00,0.00,100.00
201,112,112,,,1,,7606205300-6,公務人員退休撫卹給付,,,,,75043844.00,0.00,0.00,0.00,0.00,0.00,0.00,75043844.00,75043844.00,0.00,0.00,75043844.00,0.00,100.00
201,112,112,32,,,,8900000000-0,其他支出,,,,,6050750.00,0.00,0.00,0.00,0.00,0.00,0.00,6050750.00,6050750.00,0.00,0.00,6050750.00,0.00,100.00
201,112,112,,,1,,8903304500-4,"公教人員婚喪生育及子女
教育補助",,,,,6050750.00,0.00,0.00,0.00,0.00,0.00,0.00,6050750.00,6050750.00,0.00,0.00,6050750.00,0.00,100.00
201,112,112,,,,,合計,,,,,,1119859394.00,0.00,0.00,0.00,0.00,0.00,0.00,1119859394.00,1065204515.00,0.00,40035122.00,1105239637.00,-14619757.00,98.69
240,105,105,14,,,,5200000000-3,科學支出,,,,,"15,390,067,000",0,0,0,0,0,0,"15,390,067,000","14,630,273,255",0,"466,905,712","15,097,178,967","-292,888,033",98.10
240,105,105,,,01,,5202400100-6,一般行政,,,,,"374,752,000",0,0,0,0,0,0,"374,752,000","358,566,267",0,"3,049,700","361,615,967","-13,136,033",96.49
240,105,105,,,02,,5202401000-7,一般學術研究及評議,,,,,"6,055,464,000",0,0,0,0,0,0,"6,055,464,000","5,710,062,980",0,"114,586,459","5,824,649,439","-230,814,561",96.19
240,105,105,,,,01,5202401020-4,學術審議及研究獎助,,,,,"3,085,782,000",0,0,0,0,0,0,"3,085,782,000","2,854,344,636",0,"69,328,529","2,923,673,165","-162,108,835",94.75
240,105,105,,,,03,5202401023-2,主題研究與人才培育,,,,,"2,969,682,000",0,0,0,0,0,0,"2,969,682,000","2,855,718,344",0,"45,257,930","2,900,976,274","-68,705,726",97.69
240,105,105,,,03,,5202402000-2,自然及人文社會科學研究,,,,,"4,604,158,000",0,0,0,0,0,0,"4,604,158,000","4,447,670,128",0,"115,744,433","4,563,414,561","-40,743,439",99.12
240,105,105,,,,01,5202402010-6,數理科學研究,,,,,"1,749,612,000",0,0,0,0,0,0,"1,749,612,000","1,697,731,628",0,"43,455,216","1,741,186,844","-8,425,156",99.52
240,105,105,,,,02,5202402020-0,生命科學研究,,,,,"1,905,874,000",0,0,0,0,0,0,"1,905,874,000","1,842,112,570",0,"50,230,622","1,892,343,192","-13,530,808",99.29
240,105,105,,,,03,5202402030-3,人文及社會科學研究,,,,,"948,672,000",0,0,0,0,0,0,"948,672,000","907,825,930",0,"22,058,595","929,884,525","-18,787,475",98.02
240,105,105,,,04,,5202403000-8,國家生技研究園區,,,,,"3,995,114,000",0,0,0,0,0,0,"3,995,114,000","3,995,114,000",0,0,"3,995,114,000",0,100.00
240,105,105,,,05,,5202409000-0,一般建築及設備,,,,,"352,385,000",0,0,0,0,0,0,"352,385,000","118,859,880",0,"233,525,120","352,385,000",0,100.00
240,105,105,,,,01,5202409001-3,土地購置,,,,,"88,000,000",0,0,0,0,0,0,"88,000,000","88,000,000",0,0,"88,000,000",0,100.00
240,105,105,,,,02,5202409002-6,營建工程,,,,,"263,960,000",0,0,0,0,0,0,"263,960,000","30,434,880",0,"233,525,120","263,960,000",0,100.00
240,105,105,,,,03,5202409011-7,交通及運輸設備,,,,,"425,000",0,0,0,0,0,0,"425,000","425,000",0,0,"425,000",0,100.00
240,105,105,,,06,,5202409800-7,第一預備金,,,,,"8,194,000",0,0,0,0,0,0,"8,194,000",0,0,0,0,"-8,194,000",0.00
240,105,105,26,,,,7500000000-2,退休撫卹給付支出,,,,,"48,459,379",0,0,"948,030",0,0,"948,030","49,407,409","49,407,409",0,0,"49,407,409",0,100.00
240,105,105,,,01,,7506205300-0,公務人員退休撫卹給付,,,,,"48,459,379",0,0,"948,030",0,0,"948,030","49,407,409","49,407,409",0,0,"49,407,409",0,100.00
240,105,105,32,,,,8900000000-0,其他支出,,,,,"19,964,429",0,0,0,0,0,0,"19,964,429","19,964,429",0,0,"19,964,429",0,100.00
240,105,105,,,01,,8903304500-4,"公教人員婚喪生育及子女
教育補助",,,,,"19,964,429",0,0,0,0,0,0,"19,964,429","19,964,429",0,0,"19,964,429",0,100.00
240,105,105,,,,,合計,,,,,,"15,458,490,808",0,0,"948,030",0,0,"948,030","15,459,438,838","14,699,645,093",0,"466,905,712","15,166,550,805","-292,888,033",98.11
240,106,106,14,,,,5200000000-3,科學支出,,,,,13914561000.00,0.00,0.00,0.00,0.00,0.00,0.00,13914561000.00,13389388207.00,0.00,385128013.00,13774516220.00,-140044780.00,98.99
240,106,106,,,1,,5202400100-6,一般行政,,,,,363774000.00,0.00,0.00,0.00,0.00,0.00,0.00,363774000.00,349853646.00,0.00,49400.00,349903046.00,-13870954.00,96.19
240,106,106,,,2,,5202401000-7,一般學術研究及評議,,,,,6272831000.00,0.00,0.00,0.00,0.00,0.00,0.00,6272831000.00,6090034203.00,0.00,72828478.00,6162862681.00,-109968319.00,98.25
240,106,106,,,3,,5202402000-2,自然及人文社會科學研究,,,,,4465320000.00,0.00,0.00,0.00,0.00,0.00,0.00,4465320000.00,4294666418.00,0.00,162036614.00,4456703032.00,-8616968.00,99.81
240,106,106,,,4,,5202403000-8,國家生技研究園區,,,,,1171455000.00,0.00,0.00,0.00,0.00,0.00,0.00,1171455000.00,1171455000.00,0.00,0.00,1171455000.00,0.00,100.00
240,106,106,,,5,,5202409000-0,一般建築及設備,,,,,1633806000.00,0.00,0.00,0.00,0.00,0.00,0.00,1633806000.00,1483378940.00,0.00,150213521.00,1633592461.00,-213539.00,99.99
240,106,106,,,6,,5202409800-7,第一預備金,,,,,7375000.00,0.00,0.00,0.00,0.00,0.00,0.00,7375000.00,0.00,0.00,0.00,0.00,-7375000.00,0.00
240,106,106,26,,,,7500000000-2,退休撫卹給付支出,,,,,50882106.00,0.00,0.00,1162313.00,0.00,0.00,1162313.00,52044419.00,52044419.00,0.00,0.00,52044419.00,0.00,100.00
240,106,106,,,1,,7506205300-0,公務人員退休撫卹給付,,,,,50882106.00,0.00,0.00,1162313.00,0.00,0.00,1162313.00,52044419.00,52044419.00,0.00,0.00,52044419.00,0.00,100.00
240,106,106,32,,,,8900000000-0,其他支出,,,,,21893476.00,0.00,0.00,0.00,0.00,0.00,0.00,21893476.00,21893476.00,0.00,0.00,21893476.00,0.00,100.00
240,106,106,,,1,,8903304500-4,"公教人員婚喪生育及子女
教育補助",,,,,21893476.00,0.00,0.00,0.00,0.00,0.00,0.00,21893476.00,21893476.00,0.00,0.00,21893476.00,0.00,100.00
240,106,106,,,,,合計,,,,,,13987336582.00,0.00,0.00,1162313.00,0.00,0.00,1162313.00,13988498895.00,13463326102.00,0.00,385128013.00,13848454115.00,-140044780.00,99.00
240,107,107,14,,,,5200000000-3,科學支出,,,,,12220475911.00,0.00,0.00,0.00,0.00,0.00,0.00,12220475911.00,11550783567.00,0.00,389665565.00,11940449132.00,-280026779.00,97.71
240,107,107,,,1,,5202400100-6,一般行政,,,,,262636000.00,0.00,0.00,0.00,0.00,0.00,0.00,262636000.00,240093736.00,0.00,1546000.00,241639736.00,-20996264.00,92.01
240,107,107,,,2,,5202401000-7,一般學術研究及評議,,,,,6600934000.00,0.00,0.00,0.00,0.00,0.00,0.00,6600934000.00,6327375030.00,0.00,84605912.00,6411980942.00,-188953058.00,97.14
240,107,107,,,3,,5202402000-2,自然及人文社會科學研究,,,,,4351764000.00,0.00,0.00,0.00,0.00,0.00,0.00,4351764000.00,4186965597.00,0.00,102268739.00,4289234336.00,-62529664.00,98.56
240,107,107,,,4,,5202403000-8,國家生技研究園區,,,,,659327000.00,0.00,0.00,0.00,0.00,0.00,0.00,659327000.00,659327000.00,0.00,0.00,659327000.00,0.00,100.00
240,107,107,,,5,,5202404000-3,南部院區,,,,,246014000.00,0.00,0.00,0.00,0.00,0.00,0.00,246014000.00,44769086.00,0.00,201244914.00,246014000.00,0.00,100.00
240,107,107,,,6,,5202409000-0,一般建築及設備,,,,,3840000.00,0.00,0.00,0.00,0.00,0.00,0.00,3840000.00,3667207.00,0.00,0.00,3667207.00,-172793.00,95.50
240,107,107,,,7,,5202409800-7,第一預備金,,,,,7375000.00,0.00,0.00,0.00,0.00,0.00,0.00,7375000.00,0.00,0.00,0.00,0.00,-7375000.00,0.00
240,107,107,,,1,,5277015200-3,調整軍公教人員待遇準備,,,,,88585911.00,0.00,0.00,0.00,0.00,0.00,0.00,88585911.00,88585911.00,0.00,0.00,88585911.00,0.00,100.00
240,107,107,26,,,,7500000000-2,退休撫卹給付支出,,,,,57665062.00,0.00,0.00,0.00,0.00,0.00,0.00,57665062.00,57665062.00,0.00,0.00,57665062.00,0.00,100.00
240,107,107,,,1,,7506205300-0,公務人員退休撫卹給付,,,,,56266603.00,0.00,0.00,0.00,0.00,0.00,0.00,56266603.00,56266603.00,0.00,0.00,56266603.00,0.00,100.00
240,107,107,,,1,,7577017500-7,調整軍公教人員待遇準備,,,,,1398459.00,0.00,0.00,0.00,0.00,0.00,0.00,1398459.00,1398459.00,0.00,0.00,1398459.00,0.00,100.00
240,107,107,32,,,,8900000000-0,其他支出,,,,,23609039.00,0.00,0.00,0.00,0.00,0.00,0.00,23609039.00,23609039.00,0.00,0.00,23609039.00,0.00,100.00
240,107,107,,,1,,8903304500-4,"公教人員婚喪生育及子女
教育補助",,,,,23609039.00,0.00,0.00,0.00,0.00,0.00,0.00,23609039.00,23609039.00,0.00,0.00,23609039.00,0.00,100.00
240,107,107,,,,,合計,,,,,,12301750012.00,0.00,0.00,0.00,0.00,0.00,0.00,12301750012.00,11632057668.00,0.00,389665565.00,12021723233.00,-280026779.00,97.72
240,108,108,14,,,,5200000000-3,科學支出,,,,,12446879000.00,0.00,0.00,0.00,0.00,0.00,0.00,12446879000.00,11176366652.00,0.00,1022915436.00,12199282088.00,-247596912.00,98.01
240,108,108,,,1,,5202400100-6,一般行政,,,,,270580000.00,0.00,0.00,0.00,0.00,0.00,0.00,270580000.00,259654568.00,0.00,89316.00,259743884.00,-10836116.00,96.00
240,108,108,,,2,,5202401000-7,一般學術研究及評議,,,,,5598668000.00,0.00,0.00,0.00,0.00,0.00,0.00,5598668000.00,5269515118.00,0.00,132673037.00,5402188155.00,-196479845.00,96.49
240,108,108,,,3,,5202402000-2,自然及人文社會科學研究,,,,,4446403000.00,0.00,0.00,0.00,0.00,0.00,0.00,4446403000.00,4255860529.00,0.00,157636520.00,4413497049.00,-32905951.00,99.26
240,108,108,,,4,,5202404000-3,南部院區,,,,,1090450000.00,0.00,0.00,0.00,0.00,0.00,0.00,1090450000.00,357933437.00,0.00,732516563.00,1090450000.00,0.00,100.00
240,108,108,,,5,,5202405000-9,非營業特種基金,,,,,1033403000.00,0.00,0.00,0.00,0.00,0.00,0.00,1033403000.00,1033403000.00,0.00,0.00,1033403000.00,0.00,100.00
240,108,108,,,7,,5202409800-7,第一預備金,,,,,7375000.00,0.00,0.00,0.00,0.00,0.00,0.00,7375000.00,0.00,0.00,0.00,0.00,-7375000.00,0.00
240,108,108,26,,,,7500000000-2,退休撫卹給付支出,,,,,56201103.00,0.00,0.00,0.00,0.00,0.00,0.00,56201103.00,56201103.00,0.00,0.00,56201103.00,0.00,100.00
240,108,108,,,1,,7506205300-0,公務人員退休撫卹給付,,,,,56201103.00,0.00,0.00,0.00,0.00,0.00,0.00,56201103.00,56201103.00,0.00,0.00,56201103.00,0.00,100.00
240,108,108,32,,,,8900000000-0,其他支出,,,,,18539022.00,0.00,0.00,0.00,0.00,0.00,0.00,18539022.00,18539022.00,0.00,0.00,18539022.00,0.00,100.00
240,108,108,,,1,,8903304500-4,"婚喪生育、子女教育及低
薪配套補助",,,,,18539022.00,0.00,0.00,0.00,0.00,0.00,0.00,18539022.00,18539022.00,0.00,0.00,18539022.00,0.00,100.00
240,108,108,,,,,合計,,,,,,12521619125.00,0.00,0.00,0.00,0.00,0.00,0.00,12521619125.00,11251106777.00,0.00,1022915436.00,12274022213.00,-247596912.00,98.02
240,109,109,14,,,,5200000000-3,科學支出,,,,,12545999000.00,0.00,0.00,0.00,0.00,0.00,0.00,12545999000.00,10902693352.00,0.00,1112337239.00,12015030591.00,-530968409.00,95.77
240,109,109,,,1,,5202400100-6,一般行政,,,,,264466000.00,0.00,0.00,0.00,0.00,0.00,0.00,264466000.00,241272016.00,0.00,5689050.00,246961066.00,-17504934.00,93.38
240,109,109,,,2,,5202401000-7,一般學術研究及評議,,,,,5882162000.00,0.00,0.00,0.00,0.00,0.00,0.00,5882162000.00,5136557618.00,0.00,360480115.00,5497037733.00,-385124267.00,93.45
240,109,109,,,3,,5202402000-2,自然及人文社會科學研究,,,,,4320095000.00,0.00,0.00,0.00,0.00,0.00,0.00,4320095000.00,4064570211.00,0.00,140425992.00,4204996203.00,-115098797.00,97.34
240,109,109,,,4,,5202404000-3,南部院區,,,,,1046836000.00,0.00,0.00,0.00,0.00,0.00,0.00,1046836000.00,435293507.00,0.00,605742082.00,1041035589.00,-5800411.00,99.45
240,109,109,,,5,,5202405000-9,非營業特種基金,,,,,1022157000.00,0.00,0.00,0.00,0.00,0.00,0.00,1022157000.00,1022157000.00,0.00,0.00,1022157000.00,0.00,100.00
240,109,109,,,6,,5202409000-0,一般建築及設備,,,,,2908000.00,0.00,0.00,0.00,0.00,0.00,0.00,2908000.00,2843000.00,0.00,0.00,2843000.00,-65000.00,97.76
240,109,109,,,7,,5202409800-7,第一預備金,,,,,7375000.00,0.00,0.00,0.00,0.00,0.00,0.00,7375000.00,0.00,0.00,0.00,0.00,-7375000.00,0.00
240,109,109,26,,,,7600000000-8,退休撫卹給付支出,,,,,51900208.00,0.00,0.00,0.00,0.00,0.00,0.00,51900208.00,51900208.00,0.00,0.00,51900208.00,0.00,100.00
240,109,109,,,1,,7606205300-6,公務人員退休撫卹給付,,,,,51900208.00,0.00,0.00,0.00,0.00,0.00,0.00,51900208.00,51900208.00,0.00,0.00,51900208.00,0.00,100.00
240,109,109,32,,,,8900000000-0,其他支出,,,,,17989943.00,0.00,0.00,0.00,0.00,0.00,0.00,17989943.00,17989943.00,0.00,0.00,17989943.00,0.00,100.00
240,109,109,,,1,,8903304500-4,"公教人員婚喪生育及子女
教育補助",,,,,17989943.00,0.00,0.00,0.00,0.00,0.00,0.00,17989943.00,17989943.00,0.00,0.00,17989943.00,0.00,100.00
240,109,109,,,,,合計,,,,,,12615889151.00,0.00,0.00,0.00,0.00,0.00,0.00,12615889151.00,10972583503.00,0.00,1112337239.00,12084920742.00,-530968409.00,95.79
240,110,110,14,,,,5200000000-3,科學支出,,,,,12609710000.00,0.00,0.00,0.00,0.00,0.00,0.00,12609710000.00,11177441817.00,0.00,880765093.00,12058206910.00,-551503090.00,95.63
240,110,110,,,1,,5202400100-6,一般行政,,,,,262998000.00,0.00,0.00,0.00,0.00,0.00,0.00,262998000.00,252765475.00,0.00,0.00,252765475.00,-10232525.00,96.11
240,110,110,,,2,,5202401000-7,一般學術研究及評議,,,,,6100657000.00,0.00,0.00,0.00,0.00,0.00,0.00,6100657000.00,5443779021.00,0.00,261902810.00,5705681831.00,-394975169.00,93.53
240,110,110,,,3,,5202402000-2,自然及人文社會科學研究,,,,,4357754000.00,0.00,0.00,0.00,0.00,0.00,0.00,4357754000.00,4040466323.00,0.00,193399712.00,4233866035.00,-123887965.00,97.16
240,110,110,,,4,,5202404000-3,南部院區,,,,,827760000.00,0.00,0.00,0.00,0.00,0.00,0.00,827760000.00,387299010.00,0.00,425462571.00,812761581.00,-14998419.00,98.19
240,110,110,,,5,,5202405000-9,非營業特種基金,,,,,1051286000.00,0.00,0.00,0.00,0.00,0.00,0.00,1051286000.00,1051286000.00,0.00,0.00,1051286000.00,0.00,100.00
240,110,110,,,6,,5202409000-0,一般建築及設備,,,,,1880000.00,0.00,0.00,0.00,0.00,0.00,0.00,1880000.00,1845988.00,0.00,0.00,1845988.00,-34012.00,98.19
240,110,110,,,7,,5202409800-7,第一預備金,,,,,7375000.00,0.00,0.00,0.00,0.00,0.00,0.00,7375000.00,0.00,0.00,0.00,0.00,-7375000.00,0.00
240,110,110,26,,,,7600000000-8,退休撫卹給付支出,,,,,52167596.00,0.00,0.00,0.00,0.00,0.00,0.00,52167596.00,52167596.00,0.00,0.00,52167596.00,0.00,100.00
240,110,110,,,1,,7606205300-6,公務人員退休撫卹給付,,,,,52167596.00,0.00,0.00,0.00,0.00,0.00,0.00,52167596.00,52167596.00,0.00,0.00,52167596.00,0.00,100.00
240,110,110,32,,,,8900000000-0,其他支出,,,,,17991615.00,0.00,0.00,0.00,0.00,0.00,0.00,17991615.00,17991615.00,0.00,0.00,17991615.00,0.00,100.00
240,110,110,,,1,,8903304500-4,"公教人員婚喪生育及子女
教育補助",,,,,17991615.00,0.00,0.00,0.00,0.00,0.00,0.00,17991615.00,17991615.00,0.00,0.00,17991615.00,0.00,100.00
240,110,110,,,,,合計,,,,,,12679869211.00,0.00,0.00,0.00,0.00,0.00,0.00,12679869211.00,11247601028.00,0.00,880765093.00,12128366121.00,-551503090.00,95.65
240,111,111,14,,,,5200000000-3,科學支出,,,,,12996722585.00,0.00,0.00,0.00,0.00,0.00,0.00,12996722585.00,11501952934.00,0.00,1079249320.00,12581202254.00,-415520331.00,96.80
240,111,111,,,1,,5202400100-6,一般行政,,,,,261946000.00,0.00,0.00,0.00,0.00,0.00,0.00,261946000.00,257381922.00,0.00,528809.00,257910731.00,-4035269.00,98.46
240,111,111,,,2,,5202401000-7,一般學術研究及評議,,,,,6335019000.00,0.00,0.00,0.00,0.00,0.00,0.00,6335019000.00,5680071825.00,0.00,364156183.00,6044228008.00,-290790992.00,95.41
240,111,111,,,3,,5202402000-2,自然及人文社會科學研究,,,,,4144721000.00,0.00,0.00,0.00,0.00,0.00,0.00,4144721000.00,3963980066.00,0.00,89157245.00,4053137311.00,-91583689.00,97.79
240,111,111,,,4,,5202404000-3,南部院區,,,,,882047000.00,0.00,0.00,0.00,0.00,0.00,0.00,882047000.00,235389811.00,0.00,625407083.00,860796894.00,-21250106.00,97.59
240,111,111,,,5,,5202405000-9,非營業特種基金,,,,,1288395000.00,0.00,0.00,0.00,0.00,0.00,0.00,1288395000.00,1288395000.00,0.00,0.00,1288395000.00,0.00,100.00
240,111,111,,,6,,5202409000-0,一般建築及設備,,,,,5260000.00,0.00,0.00,0.00,0.00,0.00,0.00,5260000.00,4774725.00,0.00,0.00,4774725.00,-485275.00,90.77
240,111,111,,,7,,5202409800-7,第一預備金,,,,,7375000.00,0.00,0.00,0.00,0.00,0.00,0.00,7375000.00,0.00,0.00,0.00,0.00,-7375000.00,0.00
240,111,111,,,1,,5277015200-3,調整軍公教人員待遇準備,,,,,71959585.00,0.00,0.00,0.00,0.00,0.00,0.00,71959585.00,71959585.00,0.00,0.00,71959585.00,0.00,100.00
240,111,111,26,,,,7600000000-8,退休撫卹給付支出,,,,,51783097.00,0.00,0.00,0.00,0.00,0.00,0.00,51783097.00,51783097.00,0.00,0.00,51783097.00,0.00,100.00
240,111,111,,,1,,7606205300-6,公務人員退休撫卹給付,,,,,51275472.00,0.00,0.00,0.00,0.00,0.00,0.00,51275472.00,51275472.00,0.00,0.00,51275472.00,0.00,100.00
240,111,111,,,1,,7677017600-7,調整軍公教人員待遇準備,,,,,507625.00,0.00,0.00,0.00,0.00,0.00,0.00,507625.00,507625.00,0.00,0.00,507625.00,0.00,100.00
240,111,111,32,,,,8900000000-0,其他支出,,,,,20026682.00,0.00,0.00,0.00,0.00,0.00,0.00,20026682.00,20026682.00,0.00,0.00,20026682.00,0.00,100.00
240,111,111,,,1,,8903304500-4,"公教人員婚喪生育及子女
教育補助",,,,,20026682.00,0.00,0.00,0.00,0.00,0.00,0.00,20026682.00,20026682.00,0.00,0.00,20026682.00,0.00,100.00
240,111,111,,,,,合計,,,,,,13068532364.00,0.00,0.00,0.00,0.00,0.00,0.00,13068532364.00,11573762713.00,0.00,1079249320.00,12653012033.00,-415520331.00,96.82
240,112,112,14,,,,5200000000-3,科學支出,,,,,13238032000.00,0.00,0.00,0.00,0.00,0.00,0.00,13238032000.00,11835214622.00,0.00,1069055400.00,12904270022.00,-333761978.00,97.48
240,112,112,,,1,,5202400100-6,一般行政,,,,,272689000.00,0.00,0.00,0.00,0.00,0.00,0.00,272689000.00,261743035.00,0.00,460000.00,262203035.00,-10485965.00,96.15
240,112,112,,,2,,5202401000-7,一般學術研究及評議,,,,,6275618000.00,0.00,4160000.00,0.00,0.00,0.00,4160000.00,6279778000.00,5740884125.00,0.00,301628255.00,6042512380.00,-237265620.00,96.22
240,112,112,,,3,,5202402000-2,自然及人文社會科學研究,,,,,4364747000.00,0.00,0.00,0.00,0.00,0.00,0.00,4364747000.00,4125569220.00,0.00,183641293.00,4309210513.00,-55536487.00,98.73
240,112,112,,,4,,5202404000-3,南部院區,,,,,858406000.00,0.00,0.00,0.00,0.00,0.00,0.00,858406000.00,247957918.00,0.00,583325852.00,831283770.00,-27122230.00,96.84
240,112,112,,,5,,5202405000-9,非營業特種基金,,,,,1455657000.00,0.00,0.00,0.00,0.00,0.00,0.00,1455657000.00,1455657000.00,0.00,0.00,1455657000.00,0.00,100.00
240,112,112,,,6,,5202409000-0,一般建築及設備,,,,,3540000.00,0.00,0.00,0.00,0.00,0.00,0.00,3540000.00,3403324.00,0.00,0.00,3403324.00,-136676.00,96.14
240,112,112,,,7,,5202409800-7,第一預備金,,,,,7375000.00,0.00,-4160000.00,0.00,0.00,0.00,-4160000.00,3215000.00,0.00,0.00,0.00,0.00,-3215000.00,0.00
240,112,112,26,,,,7600000000-8,退休撫卹給付支出,,,,,51162776.00,0.00,0.00,0.00,0.00,0.00,0.00,51162776.00,51162776.00,0.00,0.00,51162776.00,0.00,100.00
240,112,112,,,1,,7606205300-6,公務人員退休撫卹給付,,,,,51162776.00,0.00,0.00,0.00,0.00,0.00,0.00,51162776.00,51162776.00,0.00,0.00,51162776.00,0.00,100.00
240,112,112,32,,,,8900000000-0,其他支出,,,,,18774036.00,0.00,0.00,0.00,0.00,0.00,0.00,18774036.00,18774036.00,0.00,0.00,18774036.00,0.00,100.00
240,112,112,,,1,,8903304500-4,"公教人員婚喪生育及子女
教育補助",,,,,18774036.00,0.00,0.00,0.00,0.00,0.00,0.00,18774036.00,18774036.00,0.00,0.00,18774036.00,0.00,100.00
240,112,112,,,,,合計,,,,,,13307968812.00,0.00,0.00,0.00,0.00,0.00,0.00,13307968812.00,11905151434.00,0.00,1069055400.00,12974206834.00,-333761978.00,97.49
401,105,105,03,,,,3400000000-1,立法支出,,,,,"3,680,127,000",0,0,0,0,0,0,"3,680,127,000","3,300,725,882",0,"118,782,939","3,419,508,821","-260,618,179",92.92
401,105,105,,,01,,3404010100-7,一般行政,,,,,"1,865,861,000",0,0,0,0,0,0,"1,865,861,000","1,734,762,194",0,"22,919,838","1,757,682,032","-108,178,968",94.20
401,105,105,,,02,,3404010200-1,委員問政業務,,,,,"1,396,851,000",0,0,0,0,0,0,"1,396,851,000","1,332,559,307",0,"20,855,098","1,353,414,405","-43,436,595",96.89
401,105,105,,,03,,3404010300-6,議事業務,,,,,"10,715,000",0,0,0,0,0,0,"10,715,000","10,639,121",0,0,"10,639,121","-75,879",99.29
401,105,105,,,04,,3404010400-0,立法諮詢業務,,,,,"5,480,000",0,0,0,0,0,0,"5,480,000","4,412,712",0,0,"4,412,712","-1,067,288",80.52
401,105,105,,,05,,3404010500-5,國會圖書業務,,,,,"41,103,000",0,0,0,0,0,0,"41,103,000","36,831,761",0,"1,321,000","38,152,761","-2,950,239",92.82
401,105,105,,,06,,3404010600-0,公報業務,,,,,"27,147,000",0,0,0,0,0,0,"27,147,000","22,049,471",0,"618,000","22,667,471","-4,479,529",83.50
401,105,105,,,07,,3404010700-4,黨團補助,,,,,"13,560,000",0,0,0,0,0,0,"13,560,000","13,550,000",0,0,"13,550,000","-10,000",99.93
401,105,105,,,08,,3404019000-1,一般建築及設備,,,,,"316,410,000",0,0,0,0,0,0,"316,410,000","145,921,316",0,"73,069,003","218,990,319","-97,419,681",69.21
401,105,105,,,09,,3404019800-8,第一預備金,,,,,"3,000,000",0,0,0,0,0,0,"3,000,000",0,0,0,0,"-3,000,000",0.00
401,105,105,26,,,,7500000000-2,退休撫卹給付支出,,,,,"101,339,938",0,0,"2,218,712",0,0,"2,218,712","103,558,650","103,558,650",0,0,"103,558,650",0,100.00
401,105,105,,,01,,7506205300-0,公務人員退休撫卹給付,,,,,"101,339,938",0,0,"2,218,712",0,0,"2,218,712","103,558,650","103,558,650",0,0,"103,558,650",0,100.00
401,105,105,32,,,,8900000000-0,其他支出,,,,,"16,257,850",0,0,0,0,0,0,"16,257,850","16,257,850",0,0,"16,257,850",0,100.00
401,105,105,,,01,,8903304500-4,"公教人員婚喪生育及子女
教育補助",,,,,"16,257,850",0,0,0,0,0,0,"16,257,850","16,257,850",0,0,"16,257,850",0,100.00
401,105,105,,,,,合計,,,,,,"3,797,724,788",0,0,"2,218,712",0,0,"2,218,712","3,799,943,500","3,420,542,382",0,"118,782,939","3,539,325,321","-260,618,179",93.14
401,106,106,03,,,,3400000000-1,立法支出,,,,,"3,462,643,000",0,0,0,0,0,0,"3,462,643,000","3,276,229,186",0,"35,378,287","3,311,607,473","-151,035,527",95.64
401,106,106,,,01,,3404010100-7,一般行政,,,,,"1,710,469,000",0,0,0,0,0,0,"1,710,469,000","1,632,759,472",0,"1,048,552","1,633,808,024","-76,660,976",95.52
401,106,106,,,02,,3404010200-1,委員問政業務,,,,,"1,349,918,000",0,0,0,0,0,0,"1,349,918,000","1,279,001,627",0,"13,178,500","1,292,180,127","-57,737,873",95.72
401,106,106,,,03,,3404010300-6,議事業務,,,,,"10,124,000",0,0,0,0,0,0,"10,124,000","9,857,896",0,0,"9,857,896","-266,104",97.37
401,106,106,,,04,,3404010400-0,立法諮詢業務,,,,,"4,936,000",0,0,0,0,0,0,"4,936,000","4,053,421",0,0,"4,053,421","-882,579",82.12
401,106,106,,,05,,3404010500-5,國會圖書業務,,,,,"41,211,000",0,0,0,0,0,0,"41,211,000","38,222,278",0,"1,395,000","39,617,278","-1,593,722",96.13
401,106,106,,,06,,3404010600-0,公報業務,,,,,"53,947,000",0,0,0,0,0,0,"53,947,000","49,322,751",0,"3,685,000","53,007,751","-939,249",98.26
401,106,106,,,07,,3404010700-4,黨團補助,,,,,"13,560,000",0,0,0,0,0,0,"13,560,000","13,500,000",0,0,"13,500,000","-60,000",99.56
401,106,106,,,08,,3404019000-1,一般建築及設備,,,,,"275,478,000",0,0,0,0,0,0,"275,478,000","249,511,741",0,"16,071,235","265,582,976","-9,895,024",96.41
401,106,106,,,09,,3404019800-8,第一預備金,,,,,"3,000,000",0,0,0,0,0,0,"3,000,000",0,0,0,0,"-3,000,000",0.00
401,106,106,26,,,,7500000000-2,退休撫卹給付支出,,,,,"105,842,857",0,0,0,0,0,0,"105,842,857","105,842,857",0,0,"105,842,857",0,100.00
401,106,106,,,01,,7506205300-0,公務人員退休撫卹給付,,,,,"105,842,857",0,0,0,0,0,0,"105,842,857","105,842,857",0,0,"105,842,857",0,100.00
401,106,106,32,,,,8900000000-0,其他支出,,,,,"14,519,079",0,0,0,0,0,0,"14,519,079","14,519,079",0,0,"14,519,079",0,100.00
401,106,106,,,01,,8903304500-4,"公教人員婚喪生育及子女
教育補助",,,,,"14,519,079",0,0,0,0,0,0,"14,519,079","14,519,079",0,0,"14,519,079",0,100.00
401,106,106,,,,,合計,,,,,,"3,583,004,936",0,0,0,0,0,0,"3,583,004,936","3,396,591,122",0,"35,378,287","3,431,969,409","-151,035,527",95.78
401,107,107,03,,,,3400000000-1,立法支出,,,,,"3,551,836,741",0,0,0,0,0,0,"3,551,836,741","3,310,332,306",0,"79,461,445","3,389,793,751","-162,042,990",95.44
401,107,107,,,01,,3404010100-7,一般行政,,,,,"1,709,705,000",0,0,0,0,0,0,"1,709,705,000","1,609,559,382",0,"8,478,472","1,618,037,854","-91,667,146",94.64
401,107,107,,,02,,3404010200-1,委員問政業務,,,,,"1,347,331,000",0,0,0,0,0,0,"1,347,331,000","1,283,398,271",0,"10,779,450","1,294,177,721","-53,153,279",96.05
401,107,107,,,03,,3404010300-6,議事業務,,,,,"11,264,000",0,0,0,0,0,0,"11,264,000","9,938,559",0,0,"9,938,559","-1,325,441",88.23
401,107,107,,,04,,3404010400-0,立法諮詢業務,,,,,"3,786,000",0,0,0,0,0,0,"3,786,000","3,133,956",0,0,"3,133,956","-652,044",82.78
401,107,107,,,05,,3404010500-5,國會圖書業務,,,,,"47,374,000",0,0,0,0,0,0,"47,374,000","41,700,625",0,"2,070,700","43,771,325","-3,602,675",92.40
401,107,107,,,06,,3404010600-0,公報業務,,,,,"119,893,000",0,0,0,0,0,0,"119,893,000","96,651,185",0,"19,064,400","115,715,585","-4,177,415",96.52
401,107,107,,,07,,3404010700-4,黨團補助,,,,,"13,560,000",0,0,0,0,0,0,"13,560,000","13,420,000",0,0,"13,420,000","-140,000",98.97
401,107,107,,,08,,3404019000-1,一般建築及設備,,,,,"248,468,000",0,0,0,0,0,0,"248,468,000","205,074,587",0,"39,068,423","244,143,010","-4,324,990",98.26
401,107,107,,,09,,3404019800-8,第一預備金,,,,,"3,000,000",0,0,0,0,0,0,"3,000,000",0,0,0,0,"-3,000,000",0.00
401,107,107,,,01,,3477013400-0,調整軍公教人員待遇準備,,,,,"47,455,741",0,0,0,0,0,0,"47,455,741","47,455,741",0,0,"47,455,741",0,100.00
401,107,107,26,,,,7500000000-2,退休撫卹給付支出,,,,,"114,999,881",0,0,0,0,0,0,"114,999,881","114,999,881",0,0,"114,999,881",0,100.00
401,107,107,,,01,,7506205300-0,公務人員退休撫卹給付,,,,,"110,793,883",0,0,0,0,0,0,"110,793,883","110,793,883",0,0,"110,793,883",0,100.00
401,107,107,,,01,,7577017500-7,調整軍公教人員待遇準備,,,,,"4,205,998",0,0,0,0,0,0,"4,205,998","4,205,998",0,0,"4,205,998",0,100.00
401,107,107,32,,,,8900000000-0,其他支出,,,,,"13,848,730",0,0,0,0,0,0,"13,848,730","13,848,730",0,0,"13,848,730",0,100.00
401,107,107,,,01,,8903304500-4,"公教人員婚喪生育及子女
教育補助",,,,,"13,848,730",0,0,0,0,0,0,"13,848,730","13,848,730",0,0,"13,848,730",0,100.00
401,107,107,,,,,合計,,,,,,"3,680,685,352",0,0,0,0,0,0,"3,680,685,352","3,439,180,917",0,"79,461,445","3,518,642,362","-162,042,990",95.60
401,108,108,03,,,,3400000000-1,立法支出,,,,,"3,445,741,000",0,0,0,0,0,0,"3,445,741,000","3,221,459,024",0,"89,948,357","3,311,407,381","-134,333,619",96.10
401,108,108,,,01,,3404010100-7,一般行政,,,,,"1,718,397,000",0,0,0,0,0,0,"1,718,397,000","1,640,704,808",0,"17,334,239","1,658,039,047","-60,357,953",96.49
401,108,108,,,02,,3404010200-1,委員問政業務,,,,,"1,387,490,000",0,0,0,0,0,0,"1,387,490,000","1,313,931,547",0,"18,156,327","1,332,087,874","-55,402,126",96.01
401,108,108,,,03,,3404010300-6,議事業務,,,,,"11,126,000",0,0,0,0,0,0,"11,126,000","10,232,712",0,0,"10,232,712","-893,288",91.97
401,108,108,,,04,,3404010400-0,立法諮詢業務,,,,,"2,808,000",0,0,0,0,0,0,"2,808,000","2,539,887",0,0,"2,539,887","-268,113",90.45
401,108,108,,,05,,3404010500-5,國會圖書業務,,,,,"50,224,000",0,0,0,0,0,0,"50,224,000","45,496,424",0,"1,077,966","46,574,390","-3,649,610",92.73
401,108,108,,,06,,3404010600-0,公報業務,,,,,"118,313,000",0,0,0,0,0,0,"118,313,000","90,741,417",0,"18,513,400","109,254,817","-9,058,183",92.34
401,108,108,,,07,,3404010700-4,黨團補助,,,,,"13,560,000",0,0,0,0,0,0,"13,560,000","13,290,000",0,0,"13,290,000","-270,000",98.01
401,108,108,,,08,,3404019000-1,一般建築及設備,,,,,"140,823,000",0,0,0,0,0,0,"140,823,000","104,522,229",0,"34,866,425","139,388,654","-1,434,346",98.98
401,108,108,,,09,,3404019800-8,第一預備金,,,,,"3,000,000",0,0,0,0,0,0,"3,000,000",0,0,0,0,"-3,000,000",0.00
401,108,108,26,,,,7500000000-2,退休撫卹給付支出,,,,,"115,728,970",0,0,0,0,0,0,"115,728,970","115,728,970",0,0,"115,728,970",0,100.00
401,108,108,,,01,,7506205300-0,公務人員退休撫卹給付,,,,,"115,728,970",0,0,0,0,0,0,"115,728,970","115,728,970",0,0,"115,728,970",0,100.00
401,108,108,32,,,,8900000000-0,其他支出,,,,,"18,182,624",0,0,0,0,0,0,"18,182,624","18,182,624",0,0,"18,182,624",0,100.00
401,108,108,,,01,,8903304500-4,"婚喪生育、子女教育及低
薪配套補助",,,,,"18,182,624",0,0,0,0,0,0,"18,182,624","18,182,624",0,0,"18,182,624",0,100.00
401,108,108,,,,,合計,,,,,,"3,579,652,594",0,0,0,0,0,0,"3,579,652,594","3,355,370,618",0,"89,948,357","3,445,318,975","-134,333,619",96.25
401,109,109,3,,,,3300000000-6,立法支出,,,,,3513850000.00,0.00,0.00,0.00,0.00,0.00,0.00,3513850000.00,3203227910.00,0.00,161118424.00,3364346334.00,-149503666.00,95.75
401,109,109,,,1,,3304010100-1,一般行政,,,,,1728082000.00,0.00,0.00,0.00,0.00,0.00,0.00,1728082000.00,1644883721.00,0.00,6399321.00,1651283042.00,-76798958.00,95.56
401,109,109,,,2,,3304010200-6,委員問政業務,,,,,1419954000.00,0.00,0.00,0.00,0.00,0.00,0.00,1419954000.00,1325004381.00,0.00,33521930.00,1358526311.00,-61427689.00,95.67
401,109,109,,,3,,3304010300-0,議事業務,,,,,11126000.00,0.00,0.00,0.00,0.00,0.00,0.00,11126000.00,10472786.00,0.00,0.00,10472786.00,-653214.00,94.13
401,109,109,,,4,,3304010400-5,立法諮詢業務,,,,,2050000.00,0.00,0.00,0.00,0.00,0.00,0.00,2050000.00,1691565.00,0.00,0.00,1691565.00,-358435.00,82.52
401,109,109,,,5,,3304010500-0,國會圖書業務,,,,,50504000.00,0.00,0.00,0.00,0.00,0.00,0.00,50504000.00,44387474.00,0.00,3312400.00,47699874.00,-2804126.00,94.45
401,109,109,,,6,,3304010600-4,公報業務,,,,,119428000.00,0.00,0.00,0.00,0.00,0.00,0.00,119428000.00,85266375.00,0.00,31175266.00,116441641.00,-2986359.00,97.50
401,109,109,,,7,,3304010700-9,黨團補助,,,,,13560000.00,0.00,0.00,0.00,0.00,0.00,0.00,13560000.00,13100000.00,0.00,0.00,13100000.00,-460000.00,96.61
401,109,109,,,8,,3304019000-6,一般建築及設備,,,,,166146000.00,0.00,0.00,0.00,0.00,0.00,0.00,166146000.00,78421608.00,0.00,86709507.00,165131115.00,-1014885.00,99.39
401,109,109,,,9,,3304019800-2,第一預備金,,,,,3000000.00,0.00,0.00,0.00,0.00,0.00,0.00,3000000.00,0.00,0.00,0.00,0.00,-3000000.00,0.00
401,109,109,26,,,,7600000000-8,退休撫卹給付支出,,,,,117663876.00,0.00,0.00,0.00,0.00,0.00,0.00,117663876.00,117663876.00,0.00,0.00,117663876.00,0.00,100.00
401,109,109,,,1,,7606205300-6,公務人員退休撫卹給付,,,,,117663876.00,0.00,0.00,0.00,0.00,0.00,0.00,117663876.00,117663876.00,0.00,0.00,117663876.00,0.00,100.00
401,109,109,32,,,,8900000000-0,其他支出,,,,,11693456.00,0.00,0.00,0.00,0.00,0.00,0.00,11693456.00,11693456.00,0.00,0.00,11693456.00,0.00,100.00
401,109,109,,,1,,8903304500-4,"公教人員婚喪生育及子女
教育補助",,,,,11693456.00,0.00,0.00,0.00,0.00,0.00,0.00,11693456.00,11693456.00,0.00,0.00,11693456.00,0.00,100.00
401,109,109,,,,,合計,,,,,,3643207332.00,0.00,0.00,0.00,0.00,0.00,0.00,3643207332.00,3332585242.00,0.00,161118424.00,3493703666.00,-149503666.00,95.90
401,110,110,3,,,,3300000000-6,立法支出,,,,,3401941000.00,0.00,0.00,0.00,0.00,0.00,0.00,3401941000.00,3180526507.00,0.00,112328838.00,3292855345.00,-109085655.00,96.79
401,110,110,,,1,,3304010100-1,一般行政,,,,,1692765000.00,0.00,0.00,0.00,0.00,0.00,0.00,1692765000.00,1633782274.00,0.00,12170000.00,1645952274.00,-46812726.00,97.23
401,110,110,,,2,,3304010200-6,委員問政業務,,,,,1369063000.00,0.00,0.00,0.00,0.00,0.00,0.00,1369063000.00,1292648714.00,0.00,29529200.00,1322177914.00,-46885086.00,96.58
401,110,110,,,3,,3304010300-0,議事業務,,,,,10724000.00,0.00,0.00,0.00,0.00,0.00,0.00,10724000.00,9679149.00,0.00,0.00,9679149.00,-1044851.00,90.26
401,110,110,,,4,,3304010400-5,立法諮詢業務,,,,,1645000.00,0.00,0.00,0.00,0.00,0.00,0.00,1645000.00,1333279.00,0.00,0.00,1333279.00,-311721.00,81.05
401,110,110,,,5,,3304010500-0,國會圖書業務,,,,,45611000.00,0.00,0.00,0.00,0.00,0.00,0.00,45611000.00,40433046.00,0.00,2881117.00,43314163.00,-2296837.00,94.96
401,110,110,,,6,,3304010600-4,公報業務,,,,,126560000.00,0.00,0.00,0.00,0.00,0.00,0.00,126560000.00,83552002.00,0.00,40039946.00,123591948.00,-2968052.00,97.65
401,110,110,,,7,,3304010700-9,黨團補助,,,,,13560000.00,0.00,0.00,0.00,0.00,0.00,0.00,13560000.00,13230000.00,0.00,0.00,13230000.00,-330000.00,97.57
401,110,110,,,8,,3304019000-6,一般建築及設備,,,,,139013000.00,0.00,0.00,0.00,0.00,0.00,0.00,139013000.00,105868043.00,0.00,27708575.00,133576618.00,-5436382.00,96.09
401,110,110,,,9,,3304019800-2,第一預備金,,,,,3000000.00,0.00,0.00,0.00,0.00,0.00,0.00,3000000.00,0.00,0.00,0.00,0.00,-3000000.00,0.00
401,110,110,26,,,,7600000000-8,退休撫卹給付支出,,,,,113193817.00,0.00,0.00,0.00,0.00,0.00,0.00,113193817.00,113193817.00,0.00,0.00,113193817.00,0.00,100.00
401,110,110,,,1,,7606205300-6,公務人員退休撫卹給付,,,,,113193817.00,0.00,0.00,0.00,0.00,0.00,0.00,113193817.00,113193817.00,0.00,0.00,113193817.00,0.00,100.00
401,110,110,32,,,,8900000000-0,其他支出,,,,,12955475.00,0.00,0.00,0.00,0.00,0.00,0.00,12955475.00,12955475.00,0.00,0.00,12955475.00,0.00,100.00
401,110,110,,,1,,8903304500-4,"公教人員婚喪生育及子女
教育補助",,,,,12955475.00,0.00,0.00,0.00,0.00,0.00,0.00,12955475.00,12955475.00,0.00,0.00,12955475.00,0.00,100.00
401,110,110,,,,,合計,,,,,,3528090292.00,0.00,0.00,0.00,0.00,0.00,0.00,3528090292.00,3306675799.00,0.00,112328838.00,3419004637.00,-109085655.00,96.91
401,111,111,3,,,,3300000000-6,立法支出,,,,,3485788640.00,0.00,0.00,0.00,0.00,0.00,0.00,3485788640.00,3282015817.00,0.00,131884527.00,3413900344.00,-71888296.00,97.94
401,111,111,,,1,,3304010100-1,一般行政,,,,,1694173000.00,0.00,0.00,0.00,0.00,0.00,0.00,1694173000.00,1659123144.00,0.00,6523808.00,1665646952.00,-28526048.00,98.32
401,111,111,,,2,,3304010200-6,委員問政業務,,,,,1370122000.00,0.00,0.00,0.00,0.00,0.00,0.00,1370122000.00,1312961933.00,0.00,25690576.00,1338652509.00,-31469491.00,97.70
401,111,111,,,3,,3304010300-0,議事業務,,,,,10686000.00,0.00,0.00,0.00,0.00,0.00,0.00,10686000.00,9391100.00,0.00,0.00,9391100.00,-1294900.00,87.88
401,111,111,,,4,,3304010400-5,立法諮詢業務,,,,,1348000.00,0.00,0.00,0.00,0.00,0.00,0.00,1348000.00,1201147.00,0.00,0.00,1201147.00,-146853.00,89.11
401,111,111,,,5,,3304010500-0,國會圖書業務,,,,,45358000.00,0.00,0.00,0.00,0.00,0.00,0.00,45358000.00,41231886.00,0.00,1726600.00,42958486.00,-2399514.00,94.71
401,111,111,,,6,,3304010600-4,公報業務,,,,,123466000.00,0.00,0.00,0.00,0.00,0.00,0.00,123466000.00,83390332.00,0.00,37393699.00,120784031.00,-2681969.00,97.83
401,111,111,,,7,,3304010700-9,黨團補助,,,,,13560000.00,0.00,0.00,0.00,0.00,0.00,0.00,13560000.00,13300000.00,0.00,0.00,13300000.00,-260000.00,98.08
401,111,111,,,8,,3304019000-6,一般建築及設備,,,,,165590000.00,0.00,0.00,0.00,0.00,0.00,0.00,165590000.00,102930635.00,0.00,60549844.00,163480479.00,-2109521.00,98.73
401,111,111,,,9,,3304019800-2,第一預備金,,,,,3000000.00,0.00,0.00,0.00,0.00,0.00,0.00,3000000.00,0.00,0.00,0.00,0.00,-3000000.00,0.00
401,111,111,,,1,,3377013300-0,調整軍公教人員待遇準備,,,,,58485640.00,0.00,0.00,0.00,0.00,0.00,0.00,58485640.00,58485640.00,0.00,0.00,58485640.00,0.00,100.00
401,111,111,26,,,,7600000000-8,退休撫卹給付支出,,,,,117911258.00,0.00,0.00,0.00,0.00,0.00,0.00,117911258.00,117911258.00,0.00,0.00,117911258.00,0.00,100.00
401,111,111,,,1,,7606205300-6,公務人員退休撫卹給付,,,,,116813322.00,0.00,0.00,0.00,0.00,0.00,0.00,116813322.00,116813322.00,0.00,0.00,116813322.00,0.00,100.00
401,111,111,,,1,,7677017600-7,調整軍公教人員待遇準備,,,,,1097936.00,0.00,0.00,0.00,0.00,0.00,0.00,1097936.00,1097936.00,0.00,0.00,1097936.00,0.00,100.00
401,111,111,32,,,,8900000000-0,其他支出,,,,,13226435.00,0.00,0.00,0.00,0.00,0.00,0.00,13226435.00,13226435.00,0.00,0.00,13226435.00,0.00,100.00
401,111,111,,,1,,8903304500-4,"公教人員婚喪生育及子女
教育補助",,,,,13226435.00,0.00,0.00,0.00,0.00,0.00,0.00,13226435.00,13226435.00,0.00,0.00,13226435.00,0.00,100.00
401,111,111,,,,,合計,,,,,,3616926333.00,0.00,0.00,0.00,0.00,0.00,0.00,3616926333.00,3413153510.00,0.00,131884527.00,3545038037.00,-71888296.00,98.01
401,112,112,3,,,,3300000000-6,立法支出,,,,,3606283000.00,0.00,0.00,19705000.00,0.00,0.00,19705000.00,3625988000.00,3352967595.00,0.00,169544610.00,3522512205.00,-103475795.00,97.15
401,112,112,,,1,,3304010100-1,一般行政,,,,,1749903000.00,0.00,0.00,19705000.00,0.00,0.00,19705000.00,1769608000.00,1728046554.00,0.00,597872.00,1728644426.00,-40963574.00,97.69
401,112,112,,,2,,3304010200-6,委員問政業務,,,,,1414873000.00,0.00,0.00,0.00,0.00,0.00,0.00,1414873000.00,1351889376.00,0.00,18889000.00,1370778376.00,-44094624.00,96.88
401,112,112,,,3,,3304010300-0,議事業務,,,,,10528000.00,0.00,0.00,0.00,0.00,0.00,0.00,10528000.00,9513239.00,0.00,0.00,9513239.00,-1014761.00,90.36
401,112,112,,,4,,3304010400-5,立法諮詢業務,,,,,1098000.00,0.00,0.00,0.00,0.00,0.00,0.00,1098000.00,999623.00,0.00,0.00,999623.00,-98377.00,91.04
401,112,112,,,5,,3304010500-0,國會圖書業務,,,,,44352000.00,0.00,0.00,0.00,0.00,0.00,0.00,44352000.00,41465282.00,0.00,1072200.00,42537482.00,-1814518.00,95.91
401,112,112,,,6,,3304010600-4,公報業務,,,,,122967000.00,0.00,0.00,0.00,0.00,0.00,0.00,122967000.00,102759612.00,0.00,8808775.00,111568387.00,-11398613.00,90.73
401,112,112,,,7,,3304010700-9,黨團補助,,,,,13560000.00,0.00,0.00,0.00,0.00,0.00,0.00,13560000.00,13180000.00,0.00,0.00,13180000.00,-380000.00,97.20
401,112,112,,,8,,3304019000-6,一般建築及設備,,,,,246002000.00,0.00,890000.00,0.00,0.00,0.00,890000.00,246892000.00,105113909.00,0.00,140176763.00,245290672.00,-1601328.00,99.35
401,112,112,,,9,,3304019800-2,第一預備金,,,,,3000000.00,0.00,-890000.00,0.00,0.00,0.00,-890000.00,2110000.00,0.00,0.00,0.00,0.00,-2110000.00,0.00
401,112,112,26,,,,7600000000-8,退休撫卹給付支出,,,,,112338948.00,0.00,0.00,0.00,0.00,0.00,0.00,112338948.00,112338948.00,0.00,0.00,112338948.00,0.00,100.00
401,112,112,,,1,,7606205300-6,公務人員退休撫卹給付,,,,,112338948.00,0.00,0.00,0.00,0.00,0.00,0.00,112338948.00,112338948.00,0.00,0.00,112338948.00,0.00,100.00
401,112,112,32,,,,8900000000-0,其他支出,,,,,12918724.00,0.00,0.00,0.00,0.00,0.00,0.00,12918724.00,12918724.00,0.00,0.00,12918724.00,0.00,100.00
401,112,112,,,1,,8903304500-4,"公教人員婚喪生育及子女
教育補助",,,,,12918724.00,0.00,0.00,0.00,0.00,0.00,0.00,12918724.00,12918724.00,0.00,0.00,12918724.00,0.00,100.00
401,112,112,,,,,合計,,,,,,3731540672.00,0.00,0.00,19705000.00,0.00,0.00,19705000.00,3751245672.00,3478225267.00,0.00,169544610.00,3647769877.00,-103475795.00,97.24
501,105,105,04,,,,3500000000-7,司法支出,,,,,"1,328,027,000",0,"-1,017,000",0,0,0,"-1,017,000","1,327,010,000","1,148,668,346",0,"103,672,750","1,252,341,096","-74,668,904",94.37
501,105,105,,,01,,3505010100-6,一般行政,,,,,"996,638,000",0,0,0,0,0,0,"996,638,000","896,365,887",0,"66,554,300","962,920,187","-33,717,813",96.62
501,105,105,,,02,,3505011000-7,大法官議事業務,,,,,"5,171,000",0,0,0,0,0,0,"5,171,000","3,736,543",0,0,"3,736,543","-1,434,457",72.26
501,105,105,,,03,,3505011300-0,民事審判行政,,,,,"2,635,000",0,0,0,0,0,0,"2,635,000","1,572,513",0,"325,200","1,897,713","-737,287",72.02
501,105,105,,,04,,3505011400-5,刑事審判行政,,,,,"31,203,000",0,0,0,0,0,0,"31,203,000","11,618,218",0,0,"11,618,218","-19,584,782",37.23
501,105,105,,,05,,3505011500-0,行政訴訟及懲戒行政,,,,,"4,657,000",0,0,0,0,0,0,"4,657,000","3,439,768",0,0,"3,439,768","-1,217,232",73.86
501,105,105,,,06,,3505011600-4,少年及家事審判行政,,,,,"25,134,000",0,0,0,0,0,0,"25,134,000","14,633,033",0,0,"14,633,033","-10,500,967",58.22
501,105,105,,,07,,3505011700-9,司法業務規劃研考,,,,,"13,719,000",0,0,0,0,0,0,"13,719,000","7,118,724",0,"1,411,000","8,529,724","-5,189,276",62.17
501,105,105,,,08,,3505011800-3,司法機關擴遷建計畫,,,,,"230,540,000",0,0,0,0,0,0,"230,540,000","198,522,200",0,"30,193,000","228,715,200","-1,824,800",99.21
501,105,105,,,09,,3505019000-0,一般建築及設備,,,,,"17,313,000",0,0,0,0,0,0,"17,313,000","11,661,460",0,"5,189,250","16,850,710","-462,290",97.33
501,105,105,,,10,,3505019800-7,第一預備金,,,,,"1,017,000",0,"-1,017,000",0,0,0,"-1,017,000",0,0,0,0,0,0,
501,105,105,22,,,,6800000000-2,福利服務支出,,,,,"1,167,100,000",0,0,0,0,0,0,"1,167,100,000","1,109,754,174",0,"57,345,826","1,167,100,000",0,100.00
501,105,105,,,01,,6805011900-3,"對財團法人法律扶助基金
會捐助",,,,,"1,167,100,000",0,0,0,0,0,0,"1,167,100,000","1,109,754,174",0,"57,345,826","1,167,100,000",0,100.00
501,105,105,26,,,,7500000000-2,退休撫卹給付支出,,,,,"285,044,353",0,"1,017,000","18,731,883",0,0,"19,748,883","304,793,236","304,732,508",0,0,"304,732,508","-60,728",99.98
501,105,105,,,01,,7505011900-3,司法官退休退養給付,,,,,"215,728,000",0,"1,017,000","17,810,000",0,0,"18,827,000","234,555,000","234,494,272",0,0,"234,494,272","-60,728",99.97
501,105,105,,,02,,7506205300-0,公務人員退休撫卹給付,,,,,"69,316,353",0,0,"921,883",0,0,"921,883","70,238,236","70,238,236",0,0,"70,238,236",0,100.00
501,105,105,32,,,,8900000000-0,其他支出,,,,,"4,441,911",0,0,0,0,0,0,"4,441,911","4,441,911",0,0,"4,441,911",0,100.00
501,105,105,,,01,,8903304500-4,"公教人員婚喪生育及子女
教育補助",,,,,"4,441,911",0,0,0,0,0,0,"4,441,911","4,441,911",0,0,"4,441,911",0,100.00
501,105,105,,,,,合計,,,,,,"2,784,613,264",0,0,"18,731,883",0,0,"18,731,883","2,803,345,147","2,567,596,939",0,"161,018,576","2,728,615,515","-74,729,632",97.33
501,106,106,04,,,,3500000000-7,司法支出,,,,,"1,392,431,000",0,0,0,0,0,0,"1,392,431,000","1,217,798,323",0,"97,918,709","1,315,717,032","-76,713,968",94.49
501,106,106,,,01,,3505010100-6,一般行政,,,,,"1,060,247,000",0,0,0,0,0,0,"1,060,247,000","969,721,967",0,"30,130,673","999,852,640","-60,394,360",94.30
501,106,106,,,02,,3505011000-7,大法官釋憲業務,,,,,"5,171,000",0,0,0,0,0,0,"5,171,000","4,009,585",0,0,"4,009,585","-1,161,415",77.54
501,106,106,,,03,,3505011300-0,民事審判行政,,,,,"2,575,000",0,"1,017,000",0,0,0,"1,017,000","3,592,000","3,429,194",0,0,"3,429,194","-162,806",95.47
501,106,106,,,04,,3505011400-5,刑事審判行政,,,,,"31,135,000",0,0,0,0,0,0,"31,135,000","8,828,830",0,"20,033,918","28,862,748","-2,272,252",92.70
501,106,106,,,05,,3505011500-0,行政訴訟及懲戒行政,,,,,"4,625,000",0,0,0,0,0,0,"4,625,000","4,396,563",0,"139,300","4,535,863","-89,137",98.07
501,106,106,,,06,,3505011600-4,少年及家事審判行政,,,,,"25,071,000",0,0,0,0,0,0,"25,071,000","19,061,914",0,0,"19,061,914","-6,009,086",76.03
501,106,106,,,07,,3505011700-9,司法業務規劃研考,,,,,"14,778,000",0,0,0,0,0,0,"14,778,000","8,464,916",0,"2,113,000","10,577,916","-4,200,084",71.58
501,106,106,,,08,,3505011800-3,司法機關擴遷建計畫,,,,,"239,400,000",0,0,0,0,0,0,"239,400,000","193,240,200",0,"44,397,600","237,637,800","-1,762,200",99.26
501,106,106,,,09,,3505019000-0,一般建築及設備,,,,,"8,412,000",0,0,0,0,0,0,"8,412,000","6,645,154",0,"1,104,218","7,749,372","-662,628",92.12
501,106,106,,,10,,3505019800-7,第一預備金,,,,,"1,017,000",0,"-1,017,000",0,0,0,"-1,017,000",0,0,0,0,0,0,
501,106,106,22,,,,6800000000-2,福利服務支出,,,,,"1,209,282,000",0,0,0,0,0,0,"1,209,282,000","1,209,282,000",0,0,"1,209,282,000",0,100.00
501,106,106,,,01,,6805011900-3,"對財團法人法律扶助基金
會捐助",,,,,"1,209,282,000",0,0,0,0,0,0,"1,209,282,000","1,209,282,000",0,0,"1,209,282,000",0,100.00
501,106,106,26,,,,7500000000-2,退休撫卹給付支出,,,,,"355,933,670",0,0,"888,929",0,0,"888,929","356,822,599","311,470,780",0,0,"311,470,780","-45,351,819",87.29
501,106,106,,,01,,7505011900-3,司法官退休退養給付,,,,,"286,277,000",0,0,0,0,0,0,"286,277,000","240,925,181",0,0,"240,925,181","-45,351,819",84.16
501,106,106,,,02,,7506205300-0,公務人員退休撫卹給付,,,,,"69,656,670",0,0,"888,929",0,0,"888,929","70,545,599","70,545,599",0,0,"70,545,599",0,100.00
501,106,106,32,,,,8900000000-0,其他支出,,,,,"4,641,443",0,0,0,0,0,0,"4,641,443","4,641,443",0,0,"4,641,443",0,100.00
501,106,106,,,01,,8903304500-4,"公教人員婚喪生育及子女
教育補助",,,,,"4,641,443",0,0,0,0,0,0,"4,641,443","4,641,443",0,0,"4,641,443",0,100.00
501,106,106,,,,,合計,,,,,,"2,962,288,113",0,0,"888,929",0,0,"888,929","2,963,177,042","2,743,192,546",0,"97,918,709","2,841,111,255","-122,065,787",95.88
501,107,107,04,,,,3500000000-7,司法支出,,,,,"1,286,459,365",0,0,0,0,0,0,"1,286,459,365","1,035,893,171",0,"174,655,759","1,210,548,930","-75,910,435",94.10
501,107,107,,,01,,3505010100-6,一般行政,,,,,"1,163,729,000",0,0,0,0,0,0,"1,163,729,000","949,838,691",0,"156,320,867","1,106,159,558","-57,569,442",95.05
501,107,107,,,02,,3505011000-7,大法官釋憲業務,,,,,"7,880,000",0,0,0,0,0,0,"7,880,000","6,352,155",0,0,"6,352,155","-1,527,845",80.61
501,107,107,,,03,,3505011300-0,民事審判行政,,,,,"3,900,000",0,"1,150,000",0,0,0,"1,150,000","5,050,000","4,595,682",0,0,"4,595,682","-454,318",91.00
501,107,107,,,04,,3505011400-5,刑事審判行政,,,,,"31,135,000",0,0,0,0,0,0,"31,135,000","11,828,547",0,"16,056,892","27,885,439","-3,249,561",89.56
501,107,107,,,05,,3505011500-0,行政訴訟及懲戒行政,,,,,"4,529,000",0,0,0,0,0,0,"4,529,000","4,116,016",0,0,"4,116,016","-412,984",90.88
501,107,107,,,06,,3505011600-4,少年及家事審判行政,,,,,"25,037,000",0,0,0,0,0,0,"25,037,000","21,002,700",0,"248,000","21,250,700","-3,786,300",84.88
501,107,107,,,07,,3505011700-9,司法業務規劃研考,,,,,"34,330,000",0,0,0,0,0,0,"34,330,000","25,999,655",0,"1,280,000","27,279,655","-7,050,345",79.46
501,107,107,,,09,,3505019000-0,一般建築及設備,,,,,"956,000",0,0,0,0,0,0,"956,000","196,360",0,"750,000","946,360","-9,640",98.99
501,107,107,,,10,,3505019800-7,第一預備金,,,,,"3,000,000",0,"-1,150,000",0,0,0,"-1,150,000","1,850,000",0,0,0,0,"-1,850,000",0.00
501,107,107,,,11,,3577013500-0,調整軍公教人員待遇準備,,,,,"11,963,365",0,0,0,0,0,0,"11,963,365","11,963,365",0,0,"11,963,365",0,100.00
501,107,107,22,,,,6800000000-2,福利服務支出,,,,,"1,374,440,000",0,0,0,0,0,0,"1,374,440,000","1,374,440,000",0,0,"1,374,440,000",0,100.00
501,107,107,,,01,,6805011900-3,"對財團法人法律扶助基金
會捐助",,,,,"1,374,440,000",0,0,0,0,0,0,"1,374,440,000","1,374,440,000",0,0,"1,374,440,000",0,100.00
501,107,107,26,,,,7500000000-2,退休撫卹給付支出,,,,,"362,466,854",0,0,0,0,0,0,"362,466,854","346,095,561",0,0,"346,095,561","-16,371,293",95.48
501,107,107,,,01,,7505011900-3,司法官退休退養給付,,,,,"292,434,000",0,0,0,0,0,0,"292,434,000","276,062,707",0,0,"276,062,707","-16,371,293",94.40
501,107,107,,,02,,7506205300-0,公務人員退休撫卹給付,,,,,"67,778,107",0,0,0,0,0,0,"67,778,107","67,778,107",0,0,"67,778,107",0,100.00
501,107,107,,,03,,7577017500-7,調整軍公教人員待遇準備,,,,,"2,254,747",0,0,0,0,0,0,"2,254,747","2,254,747",0,0,"2,254,747",0,100.00
501,107,107,32,,,,8900000000-0,其他支出,,,,,"6,146,194",0,0,0,0,0,0,"6,146,194","6,146,194",0,0,"6,146,194",0,100.00
501,107,107,,,01,,8903304500-4,"公教人員婚喪生育及子女
教育補助",,,,,"6,146,194",0,0,0,0,0,0,"6,146,194","6,146,194",0,0,"6,146,194",0,100.00
501,107,107,,,,,合計,,,,,,"3,029,512,413",0,0,0,0,0,0,"3,029,512,413","2,762,574,926",0,"174,655,759","2,937,230,685","-92,281,728",96.95
501,108,108,04,,,,3500000000-7,司法支出,,,,,"1,411,537,000",0,0,0,0,0,0,"1,411,537,000","1,204,488,860",0,"124,610,363","1,329,099,223","-82,437,777",94.16
501,108,108,,,01,,3505010100-6,一般行政,,,,,"1,305,358,000",0,0,0,0,0,0,"1,305,358,000","1,154,431,450",0,"123,391,363","1,277,822,813","-27,535,187",97.89
501,108,108,,,02,,3505011000-7,大法官釋憲業務,,,,,"5,271,000",0,0,0,0,0,0,"5,271,000","3,900,460",0,0,"3,900,460","-1,370,540",74.00
501,108,108,,,03,,3505011300-0,民事審判行政,,,,,"3,890,000",0,"1,050,000",0,0,0,"1,050,000","4,940,000","4,742,452",0,0,"4,742,452","-197,548",96.00
501,108,108,,,04,,3505011400-5,刑事審判行政,,,,,"51,506,000",0,0,0,0,0,0,"51,506,000","6,544,440",0,0,"6,544,440","-44,961,560",12.71
501,108,108,,,05,,3505011500-0,行政訴訟及懲戒行政,,,,,"4,994,000",0,0,0,0,0,0,"4,994,000","4,688,694",0,0,"4,688,694","-305,306",93.89
501,108,108,,,06,,3505011600-4,少年及家事審判行政,,,,,"24,999,000",0,0,0,0,0,0,"24,999,000","22,469,363",0,0,"22,469,363","-2,529,637",89.88
501,108,108,,,07,,3505011700-9,司法業務規劃研考,,,,,"12,404,000",0,0,0,0,0,0,"12,404,000","7,601,768",0,"1,219,000","8,820,768","-3,583,232",71.11
501,108,108,,,09,,3505019000-0,一般建築及設備,,,,,"115,000",0,0,0,0,0,0,"115,000","110,233",0,0,"110,233","-4,767",95.85
501,108,108,,,10,,3505019800-7,第一預備金,,,,,"3,000,000",0,"-1,050,000",0,0,0,"-1,050,000","1,950,000",0,0,0,0,"-1,950,000",0.00
501,108,108,22,,,,6800000000-2,福利服務支出,,,,,"1,355,215,000",0,0,0,0,0,0,"1,355,215,000","1,355,215,000",0,0,"1,355,215,000",0,100.00
501,108,108,,,01,,6805011900-3,"對財團法人法律扶助基金
會捐助",,,,,"1,355,215,000",0,0,0,0,0,0,"1,355,215,000","1,355,215,000",0,0,"1,355,215,000",0,100.00
501,108,108,26,,,,7500000000-2,退休撫卹給付支出,,,,,"393,296,589",0,0,0,0,0,0,"393,296,589","383,987,379",0,0,"383,987,379","-9,309,210",97.63
501,108,108,,,01,,7505011900-3,司法官退休退養給付,,,,,"323,821,000",0,0,0,0,0,0,"323,821,000","314,511,790",0,0,"314,511,790","-9,309,210",97.13
501,108,108,,,02,,7506205300-0,公務人員退休撫卹給付,,,,,"69,475,589",0,0,0,0,0,0,"69,475,589","69,475,589",0,0,"69,475,589",0,100.00
501,108,108,32,,,,8900000000-0,其他支出,,,,,"4,631,800",0,0,0,0,0,0,"4,631,800","4,631,800",0,0,"4,631,800",0,100.00
501,108,108,,,01,,8903304500-4,"婚喪生育、子女教育及低
薪配套補助",,,,,"4,631,800",0,0,0,0,0,0,"4,631,800","4,631,800",0,0,"4,631,800",0,100.00
501,108,108,,,,,合計,,,,,,"3,164,680,389",0,0,0,0,0,0,"3,164,680,389","2,948,323,039",0,"124,610,363","3,072,933,402","-91,746,987",97.10
501,109,109,4,,,,3400000000-1,司法支出,,,,,1480928000.00,0.00,0.00,26579000.00,0.00,0.00,26579000.00,1507507000.00,1341844109.00,0.00,112958748.00,1454802857.00,-52704143.00,96.50
501,109,109,,,1,,3405010100-0,一般行政,,,,,1362874000.00,0.00,0.00,11750000.00,0.00,0.00,11750000.00,1374624000.00,1261252165.00,0.00,85122642.00,1346374807.00,-28249193.00,97.94
501,109,109,,,2,,3405011000-1,大法官釋憲業務,,,,,5171000.00,0.00,0.00,0.00,0.00,0.00,0.00,5171000.00,4940991.00,0.00,0.00,4940991.00,-230009.00,95.55
501,109,109,,,3,,3405011300-5,審判行政,,,,,88933000.00,0.00,0.00,14829000.00,0.00,0.00,14829000.00,103762000.00,64050759.00,0.00,27436306.00,91487065.00,-12274935.00,88.17
501,109,109,,,4,,3405011700-3,司法業務規劃研考,,,,,14912000.00,0.00,0.00,0.00,0.00,0.00,0.00,14912000.00,5954108.00,0.00,399800.00,6353908.00,-8558092.00,42.61
501,109,109,,,5,,3405019000-5,一般建築及設備,,,,,6038000.00,0.00,0.00,0.00,0.00,0.00,0.00,6038000.00,5646086.00,0.00,0.00,5646086.00,-391914.00,93.51
501,109,109,,,6,,3405019800-1,第一預備金,,,,,3000000.00,0.00,0.00,0.00,0.00,0.00,0.00,3000000.00,0.00,0.00,0.00,0.00,-3000000.00,0.00
501,109,109,22,,,,6300000000-5,福利服務支出,,,,,1356277000.00,0.00,0.00,0.00,0.00,0.00,0.00,1356277000.00,1356277000.00,0.00,0.00,1356277000.00,0.00,100.00
501,109,109,,,1,,6305011900-6,"對財團法人法律扶助基金
會捐助",,,,,1356277000.00,0.00,0.00,0.00,0.00,0.00,0.00,1356277000.00,1356277000.00,0.00,0.00,1356277000.00,0.00,100.00
501,109,109,26,,,,7600000000-8,退休撫卹給付支出,,,,,414305242.00,0.00,0.00,0.00,0.00,0.00,0.00,414305242.00,411798716.00,0.00,0.00,411798716.00,-2506526.00,99.40
501,109,109,,,1,,7605011900-9,司法官退休退養給付,,,,,345670000.00,0.00,0.00,0.00,0.00,0.00,0.00,345670000.00,343163474.00,0.00,0.00,343163474.00,-2506526.00,99.27
501,109,109,,,2,,7606205300-6,公務人員退休撫卹給付,,,,,68635242.00,0.00,0.00,0.00,0.00,0.00,0.00,68635242.00,68635242.00,0.00,0.00,68635242.00,0.00,100.00
501,109,109,32,,,,8900000000-0,其他支出,,,,,5283705.00,0.00,0.00,0.00,0.00,0.00,0.00,5283705.00,5283705.00,0.00,0.00,5283705.00,0.00,100.00
501,109,109,,,1,,8903304500-4,"公教人員婚喪生育及子女
教育補助",,,,,5283705.00,0.00,0.00,0.00,0.00,0.00,0.00,5283705.00,5283705.00,0.00,0.00,5283705.00,0.00,100.00
501,109,109,,,,,合計,,,,,,3256793947.00,0.00,0.00,26579000.00,0.00,0.00,26579000.00,3283372947.00,3115203530.00,0.00,112958748.00,3228162278.00,-55210669.00,98.32
501,110,110,4,,,,3400000000-1,司法支出,,,,,1887584000.00,0.00,0.00,0.00,0.00,0.00,0.00,1887584000.00,1457754556.00,0.00,315010051.00,1772764607.00,-114819393.00,93.92
501,110,110,,,1,,3405010100-0,一般行政,,,,,1381429000.00,0.00,0.00,0.00,0.00,0.00,0.00,1381429000.00,1195363211.00,0.00,127758444.00,1323121655.00,-58307345.00,95.78
501,110,110,,,2,,3405011000-1,大法官釋憲業務,,,,,6128000.00,0.00,0.00,0.00,0.00,0.00,0.00,6128000.00,5391747.00,0.00,0.00,5391747.00,-736253.00,87.99
501,110,110,,,3,,3405011300-5,審判行政,,,,,455015000.00,0.00,0.00,0.00,0.00,0.00,0.00,455015000.00,226041122.00,0.00,185768471.00,411809593.00,-43205407.00,90.50
501,110,110,,,4,,3405011700-3,司法業務規劃研考,,,,,36112000.00,0.00,0.00,0.00,0.00,0.00,0.00,36112000.00,25508556.00,0.00,1483136.00,26991692.00,-9120308.00,74.74
501,110,110,,,5,,3405019000-5,一般建築及設備,,,,,5900000.00,0.00,0.00,0.00,0.00,0.00,0.00,5900000.00,5449920.00,0.00,0.00,5449920.00,-450080.00,92.37
501,110,110,,,6,,3405019800-1,第一預備金,,,,,3000000.00,0.00,0.00,0.00,0.00,0.00,0.00,3000000.00,0.00,0.00,0.00,0.00,-3000000.00,0.00
501,110,110,22,,,,6300000000-5,福利服務支出,,,,,1481978000.00,0.00,0.00,0.00,0.00,0.00,0.00,1481978000.00,1481978000.00,0.00,0.00,1481978000.00,0.00,100.00
501,110,110,,,1,,6305011900-6,"對財團法人法律扶助基金
會捐助",,,,,1481978000.00,0.00,0.00,0.00,0.00,0.00,0.00,1481978000.00,1481978000.00,0.00,0.00,1481978000.00,0.00,100.00
501,110,110,26,,,,7600000000-8,退休撫卹給付支出,,,,,456008687.00,0.00,0.00,23949000.00,0.00,0.00,23949000.00,479957687.00,479786156.00,0.00,0.00,479786156.00,-171531.00,99.96
501,110,110,,,1,,7605011900-9,司法官退休退養給付,,,,,388053000.00,0.00,0.00,23949000.00,0.00,0.00,23949000.00,412002000.00,411830469.00,0.00,0.00,411830469.00,-171531.00,99.96
501,110,110,,,2,,7606205300-6,公務人員退休撫卹給付,,,,,67955687.00,0.00,0.00,0.00,0.00,0.00,0.00,67955687.00,67955687.00,0.00,0.00,67955687.00,0.00,100.00
501,110,110,32,,,,8900000000-0,其他支出,,,,,3377320.00,0.00,0.00,0.00,0.00,0.00,0.00,3377320.00,3377320.00,0.00,0.00,3377320.00,0.00,100.00
501,110,110,,,1,,8903304500-4,"公教人員婚喪生育及子女
教育補助",,,,,3377320.00,0.00,0.00,0.00,0.00,0.00,0.00,3377320.00,3377320.00,0.00,0.00,3377320.00,0.00,100.00
501,110,110,,,,,合計,,,,,,3828948007.00,0.00,0.00,23949000.00,0.00,0.00,23949000.00,3852897007.00,3422896032.00,0.00,315010051.00,3737906083.00,-114990924.00,97.02
501,112,112,4,,,,3400000000-1,司法支出,,,,,1774486000.00,0.00,0.00,0.00,0.00,0.00,0.00,1774486000.00,1433454816.00,0.00,210136416.00,1643591232.00,-130894768.00,92.62
501,112,112,,,1,,3405010100-0,一般行政,,,,,1603908000.00,0.00,0.00,0.00,0.00,0.00,0.00,1603908000.00,1339095553.00,0.00,195924026.00,1535019579.00,-68888421.00,95.70
501,112,112,,,2,,3405011000-1,憲法訴訟業務,,,,,12103000.00,0.00,0.00,0.00,0.00,0.00,0.00,12103000.00,7105698.00,0.00,0.00,7105698.00,-4997302.00,58.71
501,112,112,,,3,,3405011300-5,審判行政,,,,,120773000.00,0.00,0.00,0.00,0.00,0.00,0.00,120773000.00,55782101.00,0.00,14212390.00,69994491.00,-50778509.00,57.96
501,112,112,,,4,,3405011700-3,司法業務規劃研考,,,,,29362000.00,0.00,3000000.00,0.00,0.00,0.00,3000000.00,32362000.00,27781464.00,0.00,0.00,27781464.00,-4580536.00,85.85
501,112,112,,,5,,3405019000-5,一般建築及設備,,,,,5340000.00,0.00,0.00,0.00,0.00,0.00,0.00,5340000.00,3690000.00,0.00,0.00,3690000.00,-1650000.00,69.10
501,112,112,,,6,,3405019800-1,第一預備金,,,,,3000000.00,0.00,-3000000.00,0.00,0.00,0.00,-3000000.00,0.00,0.00,0.00,0.00,0.00,0.00,0.00
501,112,112,22,,,,6300000000-5,福利服務支出,,,,,1371208000.00,0.00,0.00,0.00,0.00,0.00,0.00,1371208000.00,1371208000.00,0.00,0.00,1371208000.00,0.00,100.00
501,112,112,,,1,,6305011900-6,"對財團法人法律扶助基金
會捐助",,,,,1371208000.00,0.00,0.00,0.00,0.00,0.00,0.00,1371208000.00,1371208000.00,0.00,0.00,1371208000.00,0.00,100.00
501,112,112,26,,,,7600000000-8,退休撫卹給付支出,,,,,621128913.00,0.00,0.00,0.00,0.00,0.00,0.00,621128913.00,547640579.00,0.00,0.00,547640579.00,-73488334.00,88.17
501,112,112,,,1,,7605011900-9,司法官退休退養給付,,,,,558576000.00,0.00,0.00,0.00,0.00,0.00,0.00,558576000.00,485087666.00,0.00,0.00,485087666.00,-73488334.00,86.84
501,112,112,,,1,,7606205300-6,公務人員退休撫卹給付,,,,,62552913.00,0.00,0.00,0.00,0.00,0.00,0.00,62552913.00,62552913.00,0.00,0.00,62552913.00,0.00,100.00
501,112,112,32,,,,8900000000-0,其他支出,,,,,4734928.00,0.00,0.00,0.00,0.00,0.00,0.00,4734928.00,4734928.00,0.00,0.00,4734928.00,0.00,100.00
501,112,112,,,1,,8903304500-4,"公教人員婚喪生育及子女
教育補助",,,,,4734928.00,0.00,0.00,0.00,0.00,0.00,0.00,4734928.00,4734928.00,0.00,0.00,4734928.00,0.00,100.00
501,112,112,,,,,合計,,,,,,3771557841.00,0.00,0.00,0.00,0.00,0.00,0.00,3771557841.00,3357038323.00,0.00,210136416.00,3567174739.00,-204383102.00,94.58
2001,105,105,13,,,,5100000000-8,教育支出,,,,,"101,288,797,000",0,0,0,0,0,0,"101,288,797,000","98,510,952,827","25,110,020","1,621,372,681","100,157,435,528","-1,131,361,472",98.88
2001,105,105,,,04,,5120010500-6,終身教育,,,,,"1,035,106,000",0,0,0,0,0,0,"1,035,106,000","993,763,110","2,200,000","30,956,226","1,026,919,336","-8,186,664",99.21
2001,105,105,26,,,,7500000000-2,退休撫卹給付支出,,,,,"24,045,316,359",0,0,"1,468,179",0,0,"1,468,179","24,046,784,538","24,045,996,509",0,0,"24,045,996,509","-788,029",100.00
2001,105,105,,,01,,7506205300-0,公務人員退休撫卹給付,,,,,"114,358,359",0,0,"1,468,179",0,0,"1,468,179","115,826,538","115,826,538",0,0,"115,826,538",0,100.00
2001,105,105,32,,,,8900000000-0,其他支出,,,,,"30,621,778",0,0,0,0,0,0,"30,621,778","30,621,778",0,0,"30,621,778",0,100.00
2001,105,105,,,01,,8903304500-4,"公教人員婚喪生育及子女
教育補助",,,,,"30,621,778",0,0,0,0,0,0,"30,621,778","30,621,778",0,0,"30,621,778",0,100.00
2001,105,105,,,,,合計,,,,,,"127,301,647,137",0,0,"1,468,179",0,0,"1,468,179","127,303,115,316","124,250,714,747","25,110,020","1,893,039,162","126,168,863,929","-1,134,251,387",99.11
2001,106,106,13,,,,5100000000-8,教育支出,,,,,"110,388,457,000",0,"-64,040,000",0,0,0,"-64,040,000","110,324,417,000","105,214,043,748","29,256,931","514,185,957","105,757,486,636","-4,566,930,364",95.86
2001,106,106,,,04,,5120010500-6,終身教育,,,,,"1,563,913,000",0,"37,790,000",0,0,0,"37,790,000","1,601,703,000","1,498,060,377",0,"95,835,690","1,593,896,067","-7,806,933",99.51
2001,106,106,,,,02,5120010507-5,"國立臺灣藝術教育館行
政及推展",,,,,"78,114,000",0,0,0,0,0,0,"78,114,000","76,982,071",0,0,"76,982,071","-1,131,929",98.55
2001,106,106,,,,,0100,人事費,,,0100,人事費,"28,676,000",0,0,0,0,0,0,"28,676,000","27,768,992",0,0,"27,768,992","-907,008",96.84
2001,106,106,,,,,0200,業務費,,,0200,業務費,"45,300,000",0,0,0,"-43,745",0,"-43,745","45,256,255","45,034,242",0,0,"45,034,242","-222,013",99.51
2001,106,106,,,,,0300,設備及投資,,,0300,設備及投資,"1,115,000",0,0,0,"170,745",0,"170,745","1,285,745","1,282,837",0,0,"1,282,837","-2,908",99.77
2001,106,106,,,,,0400,獎補助費,,,0400,獎補助費,"3,023,000",0,0,0,"-127,000",0,"-127,000","2,896,000","2,896,000",0,0,"2,896,000",0,100.00
2001,106,106,26,,,,7500000000-2,退休撫卹給付支出,,,,,"21,498,619,986",0,"64,040,000","1,262,627",0,0,"65,302,627","21,563,922,613","21,536,769,459",0,0,"21,536,769,459","-27,153,154",99.87
2001,106,106,,,01,,7506205300-0,公務人員退休撫卹給付,,,,,"115,475,986",0,0,"1,262,627",0,0,"1,262,627","116,738,613","116,738,613",0,0,"116,738,613",0,100.00
2001,106,106,,,,,0100,人事費,,,0100,人事費,"115,475,986",0,0,"1,262,627",0,0,"1,262,627","116,738,613","116,738,613",0,0,"116,738,613",0,100.00
2001,106,106,32,,,,8900000000-0,其他支出,,,,,"25,614,044",0,0,0,0,0,0,"25,614,044","25,614,044",0,0,"25,614,044",0,100.00
2001,106,106,,,01,,8903304500-4,"公教人員婚喪生育及子女
教育補助",,,,,"25,614,044",0,0,0,0,0,0,"25,614,044","25,614,044",0,0,"25,614,044",0,100.00
2001,106,106,,,,,0100,人事費,,,0100,人事費,"25,614,044",0,0,0,0,0,0,"25,614,044","25,614,044",0,0,"25,614,044",0,100.00
2001,106,106,,,,,合計,,,,,,"133,780,264,030",0,0,"1,262,627",0,0,"1,262,627","133,781,526,657","128,374,835,571","29,256,931","782,987,667","129,187,080,169","-4,594,446,488",96.57
2001,107,107,13,,,,5100000000-8,教育支出,,,,,"109,564,878,781",0,0,0,0,0,0,"109,564,878,781","103,362,368,898","98,237,834","476,671,448","103,937,278,180","-5,627,600,601",94.86
2001,107,107,,,04,,5120010500-6,終身教育,,,,,"1,856,802,000",0,"30,110,000",0,0,0,"30,110,000","1,886,912,000","1,755,125,436","4,650,000","106,001,095","1,865,776,531","-21,135,469",98.88
2001,107,107,,,,02,5120010507-5,"國立臺灣藝術教育館行
政及推展",,,,,"89,640,000",0,0,0,0,0,0,"89,640,000","79,876,559",0,"9,624,000","89,500,559","-139,441",99.84
2001,107,107,,,01,,5177015100-3,調整軍公教人員待遇準備,,,,,"16,512,781",0,0,0,0,0,0,"16,512,781","16,512,781",0,0,"16,512,781",0,100.00
2001,107,107,26,,,,7500000000-2,退休撫卹給付支出,,,,,"21,674,857,077",0,0,0,0,0,0,"21,674,857,077","20,213,133,956",0,0,"20,213,133,956","-1,461,723,121",93.26
2001,107,107,,,01,,7506205300-0,公務人員退休撫卹給付,,,,,"115,520,877",0,0,0,0,0,0,"115,520,877","115,520,877",0,0,"115,520,877",0,100.00
2001,107,107,,,01,,7577017500-7,調整軍公教人員待遇準備,,,,,"4,618,200",0,0,0,0,0,0,"4,618,200","4,618,200",0,0,"4,618,200",0,100.00
2001,107,107,32,,,,8900000000-0,其他支出,,,,,"24,558,410",0,0,0,0,0,0,"24,558,410","24,558,410",0,0,"24,558,410",0,100.00
2001,107,107,,,01,,8903304500-4,"公教人員婚喪生育及子女
教育補助",,,,,"24,558,410",0,0,0,0,0,0,"24,558,410","24,558,410",0,0,"24,558,410",0,100.00
2001,107,107,,,,,合計,,,,,,"132,590,398,268",0,0,0,0,0,0,"132,590,398,268","124,911,835,385","98,237,834","490,879,695","125,500,952,914","-7,089,445,354",94.65
2001,108,108,13,,,,5100000000-8,教育支出,,,,,"112,123,182,000",0,"-416,292,000",0,0,0,"-416,292,000","111,706,890,000","106,606,397,790","126,797,009","350,426,261","107,083,621,060","-4,623,268,940",95.86
2001,108,108,,,04,,5120010500-6,終身教育,,,,,"1,897,165,000",0,0,0,0,0,0,"1,897,165,000","1,838,324,705","1,700,000","44,159,002","1,884,183,707","-12,981,293",99.32
2001,108,108,,,,02,5120010507-5,"國立臺灣藝術教育館行
政及推展",,,,,"116,043,000",0,0,0,0,0,0,"116,043,000","115,053,965",0,0,"115,053,965","-989,035",99.15
2001,108,108,26,,,,7500000000-2,退休撫卹給付支出,,,,,"16,430,878,478",0,"386,292,000",0,0,0,"386,292,000","16,817,170,478","16,815,742,955",0,0,"16,815,742,955","-1,427,523",99.99
2001,108,108,,,01,,7506205300-0,公務人員退休撫卹給付,,,,,"115,994,478",0,0,0,0,0,0,"115,994,478","115,994,478",0,0,"115,994,478",0,100.00
2001,108,108,32,,,,8900000000-0,其他支出,,,,,"23,232,422",0,0,0,0,0,0,"23,232,422","23,232,422",0,0,"23,232,422",0,100.00
2001,108,108,,,01,,8903304500-4,"婚喪生育、子女教育及低
薪配套補助",,,,,"23,232,422",0,0,0,0,0,0,"23,232,422","23,232,422",0,0,"23,232,422",0,100.00
2001,108,108,,,,,合計,,,,,,"129,975,960,100",0,0,0,0,0,0,"129,975,960,100","124,872,163,919","126,797,009","352,132,486","125,351,093,414","-4,624,866,686",96.44
2001,109,109,13,,,,5100000000-8,教育支出,,,,,112000400000.00,0.00,0.00,0.00,0.00,0.00,0.00,112000400000.00,107026693184.00,159167559.00,979970223.00,108165830966.00,-3834569034.00,96.58
2001,109,109,,,1,,5120010100-8,一般行政,,,,,1065071000.00,0.00,16410000.00,0.00,0.00,2736000.00,19146000.00,1084217000.00,1005842386.00,3430000.00,12728645.00,1022001031.00,-62215969.00,94.26
2001,109,109,,,2,,5120010200-2,高等教育,,,,,96259121000.00,0.00,0.00,0.00,0.00,-16300000.00,-16300000.00,96242821000.00,92871560131.00,0.00,370325673.00,93241885804.00,-3000935196.00,96.88
2001,109,109,,,3,,5120010300-7,中等教育,,,,,1475645000.00,0.00,0.00,0.00,0.00,1980000.00,1980000.00,1477625000.00,1302522851.00,141887550.00,18689180.00,1463099581.00,-14525419.00,99.02
2001,109,109,,,4,,5120010500-6,終身教育,,,,,2479029000.00,0.00,30000000.00,0.00,0.00,4666000.00,34666000.00,2513695000.00,2079013512.00,598459.00,426732644.00,2506344615.00,-7350385.00,99.71
2001,109,109,,,5,,5120010700-5,學務與輔導,,,,,1900918000.00,0.00,88950000.00,0.00,0.00,0.00,88950000.00,1989868000.00,1871868277.00,0.00,57036152.00,1928904429.00,-60963571.00,96.94
2001,109,109,,,6,,5120010900-4,各項教育推展,,,,,4477062000.00,0.00,0.00,0.00,0.00,6918000.00,6918000.00,4483980000.00,4095282027.00,13251550.00,17799929.00,4126333506.00,-357646494.00,92.02
2001,109,109,,,7,,5120018100-1,非營業特種基金,,,,,3877262000.00,0.00,0.00,0.00,0.00,0.00,0.00,3877262000.00,3800604000.00,0.00,76658000.00,3877262000.00,0.00,100.00
2001,109,109,,,,1,5120018110-5,"國立大學校院校務及附
設醫院基金",,,,,3877262000.00,0.00,0.00,0.00,0.00,0.00,0.00,3877262000.00,3800604000.00,0.00,76658000.00,3877262000.00,0.00,100.00
2001,109,109,,,9,,5120019800-9,第一預備金,,,,,466292000.00,0.00,-135360000.00,0.00,0.00,0.00,-135360000.00,330932000.00,0.00,0.00,0.00,0.00,-330932000.00,0.00
2001,109,109,15,,,,5300000000-9,文化支出,,,,,1357877000.00,0.00,0.00,0.00,0.00,0.00,0.00,1357877000.00,1350809456.00,0.00,5152592.00,1355962048.00,-1914952.00,99.86
2001,109,109,,,1,,5320011100-4,加強文化與育樂活動,,,,,1357877000.00,0.00,0.00,0.00,0.00,0.00,0.00,1357877000.00,1350809456.00,0.00,5152592.00,1355962048.00,-1914952.00,99.86
2001,109,109,22,,,,6300000000-5,福利服務支出,,,,,240600.00,0.00,0.00,0.00,0.00,0.00,0.00,240600.00,240600.00,0.00,0.00,240600.00,0.00,100.00
2001,109,109,,,1,,6306205800-6,"早期退休公教人員生活困
難照護金",,,,,240600.00,0.00,0.00,0.00,0.00,0.00,0.00,240600.00,240600.00,0.00,0.00,240600.00,0.00,100.00
2001,109,109,26,,,,7600000000-8,退休撫卹給付支出,,,,,17856968680.00,0.00,0.00,0.00,0.00,0.00,0.00,17856968680.00,17853259654.00,0.00,0.00,17853259654.00,-3709026.00,99.98
2001,109,109,,,1,,7620012100-9,"學校教職員暨社教機構聘
任人員退休撫卹給付",,,,,17740706000.00,0.00,0.00,0.00,0.00,0.00,0.00,17740706000.00,17736996974.00,0.00,0.00,17736996974.00,-3709026.00,99.98
2001,109,109,,,1,,7606205300-6,公務人員退休撫卹給付,,,,,116262680.00,0.00,0.00,0.00,0.00,0.00,0.00,116262680.00,116262680.00,0.00,0.00,116262680.00,0.00,100.00
2001,109,109,32,,,,8900000000-0,其他支出,,,,,21617933.00,0.00,0.00,0.00,0.00,0.00,0.00,21617933.00,21617933.00,0.00,0.00,21617933.00,0.00,100.00
2001,109,109,,,1,,8903304500-4,"公教人員婚喪生育及子女
教育補助",,,,,21617933.00,0.00,0.00,0.00,0.00,0.00,0.00,21617933.00,21617933.00,0.00,0.00,21617933.00,0.00,100.00
2001,109,109,,,,,合計,,,,,,131237104213.00,0.00,0.00,0.00,0.00,0.00,0.00,131237104213.00,126252620827.00,159167559.00,985122815.00,127396911201.00,-3840193012.00,97.07
2001,110,110,13,,,,5100000000-8,教育支出,,,,,111677340000.00,0.00,0.00,0.00,0.00,0.00,0.00,111677340000.00,106314634701.00,90978351.00,1388604341.00,107794217393.00,-3883122607.00,96.52
2001,110,110,,,1,,5120010100-8,一般行政,,,,,1136685000.00,0.00,0.00,0.00,0.00,0.00,0.00,1136685000.00,1037265901.00,1885515.00,5601077.00,1044752493.00,-91932507.00,91.91
2001,110,110,,,2,,5120010200-2,高等教育,,,,,95879020000.00,0.00,0.00,0.00,0.00,0.00,0.00,95879020000.00,92874488315.00,0.00,53704554.00,92928192869.00,-2950827131.00,96.92
2001,110,110,,,,1,5120010201-5,高等教育行政及督導,,,,,15995640000.00,0.00,0.00,0.00,0.00,0.00,0.00,15995640000.00,15840226835.00,0.00,50823000.00,15891049835.00,-104590165.00,99.35
2001,110,110,,,,2,5120010202-8,"技術職業教育行政及督
導",,,,,8643396000.00,0.00,0.00,0.00,0.00,0.00,0.00,8643396000.00,8078815813.00,0.00,2691554.00,8081507367.00,-561888633.00,93.50
2001,110,110,,,,3,5120010203-0,"國立大學校院教學與研
究輔助",,,,,45953051000.00,0.00,0.00,0.00,0.00,0.00,0.00,45953051000.00,45953051000.00,0.00,0.00,45953051000.00,0.00,100.00
2001,110,110,,,,4,5120010204-3,私立學校教學獎助,,,,,25286933000.00,0.00,0.00,0.00,0.00,0.00,0.00,25286933000.00,23002394667.00,0.00,190000.00,23002584667.00,-2284348333.00,90.97
2001,110,110,,,3,,5120010300-7,中等教育,,,,,1416116000.00,0.00,0.00,0.00,0.00,0.00,0.00,1416116000.00,1265830339.00,79971886.00,21374500.00,1367176725.00,-48939275.00,96.54
2001,110,110,,,,1,5120010301-0,"師資培育與藝術教育行
政及督導",,,,,1416116000.00,0.00,0.00,0.00,0.00,0.00,0.00,1416116000.00,1265830339.00,79971886.00,21374500.00,1367176725.00,-48939275.00,96.54
2001,110,110,,,4,,5120010500-6,終身教育,,,,,2600060000.00,0.00,0.00,0.00,0.00,0.00,0.00,2600060000.00,2083889901.00,0.00,497552830.00,2581442731.00,-18617269.00,99.28
2001,110,110,,,,1,5120010501-9,終身教育行政及督導,,,,,2504899000.00,0.00,0.00,0.00,0.00,0.00,0.00,2504899000.00,1991483372.00,0.00,496923770.00,2488407142.00,-16491858.00,99.34
2001,110,110,,,,2,5120010507-5,"國立臺灣藝術教育館行
政及推展",,,,,95161000.00,0.00,0.00,0.00,0.00,0.00,0.00,95161000.00,92406529.00,0.00,629060.00,93035589.00,-2125411.00,97.77
2001,110,110,,,5,,5120010700-5,學務與輔導,,,,,1961357000.00,0.00,0.00,0.00,0.00,0.00,0.00,1961357000.00,1782072530.00,150000.00,12941543.00,1795164073.00,-166192927.00,91.53
2001,110,110,,,,1,5120010701-8,"學生事務與特殊教育行
政及督導",,,,,1961357000.00,0.00,0.00,0.00,0.00,0.00,0.00,1961357000.00,1782072530.00,150000.00,12941543.00,1795164073.00,-166192927.00,91.53
2001,110,110,,,6,,5120010900-4,各項教育推展,,,,,4359894000.00,0.00,466292000.00,0.00,0.00,0.00,466292000.00,4826186000.00,3664954715.00,8970950.00,545646837.00,4219572502.00,-606613498.00,87.43
2001,110,110,,,,1,5120010904-5,"資訊與科技教育行政及
督導",,,,,2031254000.00,0.00,466292000.00,0.00,0.00,0.00,466292000.00,2497546000.00,1961894818.00,8970950.00,520268875.00,2491134643.00,-6411357.00,99.74
2001,110,110,,,,2,5120010908-6,國際及兩岸教育交流,,,,,2328640000.00,0.00,0.00,0.00,0.00,0.00,0.00,2328640000.00,1703059897.00,0.00,25377962.00,1728437859.00,-600202141.00,74.23
2001,110,110,,,7,,5120018100-1,非營業特種基金,,,,,3857916000.00,0.00,0.00,0.00,0.00,0.00,0.00,3857916000.00,3606133000.00,0.00,251783000.00,3857916000.00,0.00,100.00
2001,110,110,,,,1,5120018110-5,"國立大學校院校務及附
設醫院基金",,,,,3857916000.00,0.00,0.00,0.00,0.00,0.00,0.00,3857916000.00,3606133000.00,0.00,251783000.00,3857916000.00,0.00,100.00
2001,110,110,,,9,,5120019800-9,第一預備金,,,,,466292000.00,0.00,-466292000.00,0.00,0.00,0.00,-466292000.00,0.00,0.00,0.00,0.00,0.00,0.00,0.00
2001,110,110,15,,,,5300000000-9,文化支出,,,,,1393975000.00,0.00,0.00,0.00,0.00,0.00,0.00,1393975000.00,1343129694.00,0.00,50489708.00,1393619402.00,-355598.00,99.97
2001,110,110,,,1,,5320011100-4,加強文化與育樂活動,,,,,1393975000.00,0.00,0.00,0.00,0.00,0.00,0.00,1393975000.00,1343129694.00,0.00,50489708.00,1393619402.00,-355598.00,99.97
2001,110,110,,,,1,5320011101-7,"國立社教機構創新與發
展",,,,,335614000.00,0.00,0.00,0.00,0.00,0.00,0.00,335614000.00,284768694.00,0.00,50489708.00,335258402.00,-355598.00,99.89
2001,110,110,,,,2,5320011103-2,"教育部所屬機構維持及
發展輔助",,,,,1058361000.00,0.00,0.00,0.00,0.00,0.00,0.00,1058361000.00,1058361000.00,0.00,0.00,1058361000.00,0.00,100.00
2001,110,110,22,,,,6300000000-5,福利服務支出,,,,,175800.00,0.00,0.00,0.00,0.00,0.00,0.00,175800.00,175800.00,0.00,0.00,175800.00,0.00,100.00
2001,110,110,,,1,,6306205800-6,"早期退休公教人員生活困
難照護金",,,,,175800.00,0.00,0.00,0.00,0.00,0.00,0.00,175800.00,175800.00,0.00,0.00,175800.00,0.00,100.00
2001,110,110,26,,,,7600000000-8,退休撫卹給付支出,,,,,19196764587.00,0.00,0.00,0.00,0.00,0.00,0.00,19196764587.00,19193915383.00,0.00,0.00,19193915383.00,-2849204.00,99.99
2001,110,110,,,1,,7620012100-9,"學校教職員暨社教機構聘
任人員退休撫卹給付",,,,,19081775000.00,0.00,0.00,0.00,0.00,0.00,0.00,19081775000.00,19078925796.00,0.00,0.00,19078925796.00,-2849204.00,99.99
2001,110,110,,,1,,7606205300-6,公務人員退休撫卹給付,,,,,114989587.00,0.00,0.00,0.00,0.00,0.00,0.00,114989587.00,114989587.00,0.00,0.00,114989587.00,0.00,100.00
2001,110,110,32,,,,8900000000-0,其他支出,,,,,20998019.00,0.00,0.00,0.00,0.00,0.00,0.00,20998019.00,20998019.00,0.00,0.00,20998019.00,0.00,100.00
2001,110,110,,,1,,8903304500-4,"公教人員婚喪生育及子女
教育補助",,,,,20998019.00,0.00,0.00,0.00,0.00,0.00,0.00,20998019.00,20998019.00,0.00,0.00,20998019.00,0.00,100.00
2001,110,110,,,,,合計,,,,,,132289253406.00,0.00,0.00,0.00,0.00,0.00,0.00,132289253406.00,126872853597.00,90978351.00,1439094049.00,128402925997.00,-3886327409.00,97.06
2001,111,111,13,,,,5100000000-8,教育支出,,,,,116312702392.00,0.00,0.00,651306000.00,0.00,0.00,651306000.00,116964008392.00,110780726085.00,586906937.00,708391860.00,112076024882.00,-4887983510.00,95.82
2001,111,111,,,1,,5120010100-8,一般行政,,,,,1170329000.00,0.00,0.00,0.00,0.00,0.00,0.00,1170329000.00,1062062291.00,1998628.00,12800405.00,1076861324.00,-93467676.00,92.01
2001,111,111,,,2,,5120010200-2,高等教育,,,,,98215142000.00,0.00,0.00,651306000.00,0.00,0.00,651306000.00,98866448000.00,94805093823.00,0.00,75463815.00,94880557638.00,-3985890362.00,95.97
2001,111,111,,,3,,5120010300-7,中等教育,,,,,1572612000.00,0.00,0.00,0.00,0.00,0.00,0.00,1572612000.00,1423639025.00,99350549.00,20063508.00,1543053082.00,-29558918.00,98.12
2001,111,111,,,4,,5120010500-6,終身教育,,,,,2666585000.00,0.00,0.00,0.00,0.00,0.00,0.00,2666585000.00,2372968925.00,0.00,269752860.00,2642721785.00,-23863215.00,99.11
2001,111,111,,,5,,5120010700-5,學務與輔導,,,,,2068547000.00,0.00,45000000.00,0.00,0.00,0.00,45000000.00,2113547000.00,1976230165.00,0.00,4711600.00,1980941765.00,-132605235.00,93.73
2001,111,111,,,6,,5120010900-4,各項教育推展,,,,,6928072000.00,0.00,179367000.00,0.00,0.00,0.00,179367000.00,7107439000.00,5915608464.00,485557760.00,325599672.00,6726765896.00,-380673104.00,94.64
2001,111,111,,,7,,5120018100-1,非營業特種基金,,,,,3205972000.00,0.00,0.00,0.00,0.00,0.00,0.00,3205972000.00,3205972000.00,0.00,0.00,3205972000.00,0.00,100.00
2001,111,111,,,,1,5120018110-5,"國立大學校院校務及附
設醫院基金",,,,,3205972000.00,0.00,0.00,0.00,0.00,0.00,0.00,3205972000.00,3205972000.00,0.00,0.00,3205972000.00,0.00,100.00
2001,111,111,,,8,,5120019800-9,第一預備金,,,,,466292000.00,0.00,-224367000.00,0.00,0.00,0.00,-224367000.00,241925000.00,0.00,0.00,0.00,0.00,-241925000.00,0.00
2001,111,111,,,1,,5177015100-3,調整軍公教人員待遇準備,,,,,19151392.00,0.00,0.00,0.00,0.00,0.00,0.00,19151392.00,19151392.00,0.00,0.00,19151392.00,0.00,100.00
2001,111,111,15,,,,5300000000-9,文化支出,,,,,1372733000.00,0.00,0.00,0.00,0.00,0.00,0.00,1372733000.00,1371493174.00,0.00,0.00,1371493174.00,-1239826.00,99.91
2001,111,111,,,1,,5320011100-4,加強文化與育樂活動,,,,,1372733000.00,0.00,0.00,0.00,0.00,0.00,0.00,1372733000.00,1371493174.00,0.00,0.00,1371493174.00,-1239826.00,99.91
2001,111,111,22,,,,6300000000-5,福利服務支出,,,,,132600.00,0.00,0.00,0.00,0.00,0.00,0.00,132600.00,132600.00,0.00,0.00,132600.00,0.00,100.00
2001,111,111,,,1,,6306205800-6,"早期退休公教人員生活困
難照護金",,,,,132600.00,0.00,0.00,0.00,0.00,0.00,0.00,132600.00,132600.00,0.00,0.00,132600.00,0.00,100.00
2001,111,111,26,,,,7600000000-8,退休撫卹給付支出,,,,,18998525466.00,0.00,0.00,0.00,0.00,0.00,0.00,18998525466.00,18863385881.00,0.00,0.00,18863385881.00,-135139585.00,99.29
2001,111,111,,,1,,7620012100-9,"學校教職員暨社教機構聘
任人員退休撫卹給付",,,,,18880372000.00,0.00,0.00,0.00,0.00,0.00,0.00,18880372000.00,18745232415.00,0.00,0.00,18745232415.00,-135139585.00,99.28
2001,111,111,,,1,,7606205300-6,公務人員退休撫卹給付,,,,,116993635.00,0.00,0.00,0.00,0.00,0.00,0.00,116993635.00,116993635.00,0.00,0.00,116993635.00,0.00,100.00
2001,111,111,,,1,,7677017600-7,調整軍公教人員待遇準備,,,,,1159831.00,0.00,0.00,0.00,0.00,0.00,0.00,1159831.00,1159831.00,0.00,0.00,1159831.00,0.00,100.00
2001,111,111,32,,,,8900000000-0,其他支出,,,,,19980929.00,0.00,0.00,0.00,0.00,0.00,0.00,19980929.00,19980929.00,0.00,0.00,19980929.00,0.00,100.00
2001,111,111,,,1,,8903304500-4,"公教人員婚喪生育及子女
教育補助",,,,,19980929.00,0.00,0.00,0.00,0.00,0.00,0.00,19980929.00,19980929.00,0.00,0.00,19980929.00,0.00,100.00
2001,111,111,,,,,合計,,,,,,136704074387.00,0.00,0.00,651306000.00,0.00,0.00,651306000.00,137355380387.00,131035718669.00,586906937.00,708391860.00,132331017466.00,-5024362921.00,96.34
2001,112,112,13,,,,5100000000-8,教育支出,,,,,118209654000.00,0.00,0.00,0.00,0.00,0.00,0.00,118209654000.00,114661346179.00,0.00,1201585585.00,115862931764.00,-2346722236.00,98.01
2001,112,112,,,1,,5120010100-8,一般行政,,,,,1232124000.00,0.00,0.00,0.00,0.00,0.00,0.00,1232124000.00,1162255450.00,0.00,6024210.00,1168279660.00,-63844340.00,94.82
2001,112,112,,,2,,5120010200-2,高等教育,,,,,98217343000.00,0.00,65925000.00,0.00,0.00,0.00,65925000.00,98283268000.00,96793556232.00,0.00,37822901.00,96831379133.00,-1451888867.00,98.52
2001,112,112,,,,1,5120010201-5,高等教育行政及督導,,,,,15947100000.00,0.00,0.00,0.00,0.00,0.00,0.00,15947100000.00,15827341434.00,0.00,27860901.00,15855202335.00,-91897665.00,99.42
2001,112,112,,,,2,5120010202-8,"技術職業教育行政及督
導",,,,,9140114000.00,0.00,65925000.00,0.00,0.00,0.00,65925000.00,9206039000.00,9125968061.00,0.00,8590000.00,9134558061.00,-71480939.00,99.22
2001,112,112,,,,3,5120010203-0,"國立大學校院教學與研
究輔助",,,,,47589805000.00,0.00,0.00,0.00,0.00,0.00,0.00,47589805000.00,47589805000.00,0.00,0.00,47589805000.00,0.00,100.00
2001,112,112,,,,4,5120010204-3,私立學校教學獎助,,,,,25540324000.00,0.00,0.00,0.00,0.00,0.00,0.00,25540324000.00,24250441737.00,0.00,1372000.00,24251813737.00,-1288510263.00,94.95
2001,112,112,,,3,,5120010300-7,中等教育,,,,,1574006000.00,0.00,0.00,0.00,0.00,0.00,0.00,1574006000.00,1419371392.00,0.00,115169779.00,1534541171.00,-39464829.00,97.49
2001,112,112,,,,1,5120010301-0,"師資培育與藝術教育行
政及督導",,,,,1574006000.00,0.00,0.00,0.00,0.00,0.00,0.00,1574006000.00,1419371392.00,0.00,115169779.00,1534541171.00,-39464829.00,97.49
2001,112,112,,,4,,5120010500-6,終身教育,,,,,2643581000.00,0.00,0.00,0.00,0.00,0.00,0.00,2643581000.00,2512342164.00,0.00,113161825.00,2625503989.00,-18077011.00,99.32
2001,112,112,,,,1,5120010501-9,終身教育行政及督導,,,,,2539858000.00,0.00,0.00,0.00,0.00,0.00,0.00,2539858000.00,2411601435.00,0.00,113161825.00,2524763260.00,-15094740.00,99.41
2001,112,112,,,,2,5120010507-5,"國立臺灣藝術教育館行
政及推展",,,,,103723000.00,0.00,0.00,0.00,0.00,0.00,0.00,103723000.00,100740729.00,0.00,0.00,100740729.00,-2982271.00,97.12
2001,112,112,,,5,,5120010700-5,學務與輔導,,,,,2204901000.00,0.00,178506000.00,0.00,0.00,0.00,178506000.00,2383407000.00,2264655031.00,0.00,22990286.00,2287645317.00,-95761683.00,95.98
2001,112,112,,,,1,5120010701-8,"學生事務與特殊教育行
政及督導",,,,,2204901000.00,0.00,178506000.00,0.00,0.00,0.00,178506000.00,2383407000.00,2264655031.00,0.00,22990286.00,2287645317.00,-95761683.00,95.98
2001,112,112,,,6,,5120010900-4,各項教育推展,,,,,7545320000.00,0.00,0.00,0.00,0.00,0.00,0.00,7545320000.00,6834069655.00,0.00,255477584.00,7089547239.00,-455772761.00,93.96
2001,112,112,,,,1,5120010904-5,"資訊與科技教育行政及
督導",,,,,4763420000.00,0.00,0.00,0.00,0.00,0.00,0.00,4763420000.00,4395851240.00,0.00,254806417.00,4650657657.00,-112762343.00,97.63
2001,112,112,,,,2,5120010908-6,國際及兩岸教育交流,,,,,2781900000.00,0.00,0.00,0.00,0.00,0.00,0.00,2781900000.00,2438218415.00,0.00,671167.00,2438889582.00,-343010418.00,87.67
2001,112,112,,,7,,5120018100-1,非營業特種基金,,,,,4324827000.00,0.00,0.00,0.00,0.00,0.00,0.00,4324827000.00,3673888000.00,0.00,650939000.00,4324827000.00,0.00,100.00
2001,112,112,,,,1,5120018110-5,"國立大學校院校務及附
設醫院基金",,,,,4324827000.00,0.00,0.00,0.00,0.00,0.00,0.00,4324827000.00,3673888000.00,0.00,650939000.00,4324827000.00,0.00,100.00
2001,112,112,,,8,,5120019000-2,一般建築及設備,,,,,1260000.00,0.00,0.00,0.00,0.00,0.00,0.00,1260000.00,1208255.00,0.00,0.00,1208255.00,-51745.00,95.89
2001,112,112,,,,1,5120019011-9,交通及運輸設備,,,,,1260000.00,0.00,0.00,0.00,0.00,0.00,0.00,1260000.00,1208255.00,0.00,0.00,1208255.00,-51745.00,95.89
2001,112,112,,,9,,5120019800-9,第一預備金,,,,,466292000.00,0.00,-244431000.00,0.00,0.00,0.00,-244431000.00,221861000.00,0.00,0.00,0.00,0.00,-221861000.00,0.00
2001,112,112,15,,,,5300000000-9,文化支出,,,,,1395283000.00,0.00,0.00,0.00,0.00,0.00,0.00,1395283000.00,1394740346.00,0.00,0.00,1394740346.00,-542654.00,99.96
2001,112,112,,,1,,5320011100-4,加強文化與育樂活動,,,,,1395283000.00,0.00,0.00,0.00,0.00,0.00,0.00,1395283000.00,1394740346.00,0.00,0.00,1394740346.00,-542654.00,99.96
2001,112,112,,,,1,5320011101-7,"國立社教機構創新與發
展",,,,,309332000.00,0.00,0.00,0.00,0.00,0.00,0.00,309332000.00,308789346.00,0.00,0.00,308789346.00,-542654.00,99.82
2001,112,112,,,,2,5320011103-2,"教育部所屬機構維持及
發展輔助",,,,,1085951000.00,0.00,0.00,0.00,0.00,0.00,0.00,1085951000.00,1085951000.00,0.00,0.00,1085951000.00,0.00,100.00
2001,112,112,22,,,,6300000000-5,福利服務支出,,,,,111000.00,0.00,0.00,0.00,0.00,0.00,0.00,111000.00,111000.00,0.00,0.00,111000.00,0.00,100.00
2001,112,112,,,1,,6306205800-6,"早期退休公教人員生活困
難照護金",,,,,111000.00,0.00,0.00,0.00,0.00,0.00,0.00,111000.00,111000.00,0.00,0.00,111000.00,0.00,100.00
2001,112,112,26,,,,7600000000-8,退休撫卹給付支出,,,,,19489795450.00,0.00,0.00,0.00,0.00,0.00,0.00,19489795450.00,19178690437.00,0.00,0.00,19178690437.00,-311105013.00,98.40
2001,112,112,,,1,,7620012100-9,"學校教職員暨社教機構聘
任人員退休撫卹給付",,,,,19376428000.00,0.00,0.00,0.00,0.00,0.00,0.00,19376428000.00,19065322987.00,0.00,0.00,19065322987.00,-311105013.00,98.39
2001,112,112,,,1,,7606205300-6,公務人員退休撫卹給付,,,,,113367450.00,0.00,0.00,0.00,0.00,0.00,0.00,113367450.00,113367450.00,0.00,0.00,113367450.00,0.00,100.00
2001,112,112,32,,,,8900000000-0,其他支出,,,,,17902732.00,0.00,0.00,0.00,0.00,0.00,0.00,17902732.00,17902732.00,0.00,0.00,17902732.00,0.00,100.00
2001,112,112,,,1,,8903304500-4,"公教人員婚喪生育及子女
教育補助",,,,,17902732.00,0.00,0.00,0.00,0.00,0.00,0.00,17902732.00,17902732.00,0.00,0.00,17902732.00,0.00,100.00
2001,112,112,,,,,合計,,,,,,139112746182.00,0.00,0.00,0.00,0.00,0.00,0.00,139112746182.00,135252790694.00,0.00,1201585585.00,136454376279.00,-2658369903.00,98.09
